hand_size,cards_played,total,definition,method,samples,seed,exact_ability_probability,ability_successes,critical_successes,run_probability,match_probability,critical_probability,critical_probability_ci95_low,critical_probability_ci95_high,critical_available_given_ability,conditional_ci95_low,conditional_ci95_high,average_critical_ways
4,2,2,rank,monte_carlo,100000,20260919,0.025712438821682518,2565,2565,0,0.02565,0.02565,0.024688226620240318,0.02664821723893239,1,0.9985045399451644,1,0.02711
4,2,3,rank,monte_carlo,100000,20260919,0.06396158463385354,6341,6341,0.06341,0,0.06341,0.06191624563935914,0.06493729715494088,1,0.9993945317720776,1,0.07188
4,2,4,rank,monte_carlo,100000,20260919,0.08931942007572259,8927,2502,0,0.02502,0.02502,0.02407004325380136,0.026006449007671927,0.2802733281057466,0.27105232748608504,0.2896833595067288,0.02676
4,2,5,rank,monte_carlo,100000,20260919,0.12697756025487117,12654,6449,0.06449,0,0.06449,0.0629842752841298,0.06602918453479782,0.509641220167536,0.5009293496809434,0.5183472385171582,0.07293
4,2,6,rank,monte_carlo,100000,20260919,0.15198079231692677,15303,2647,0,0.02647,0.02647,0.025493078479215753,0.027483302380137152,0.17297261974776187,0.16706226922709277,0.17904712018476343,0.02777
4,2,7,rank,monte_carlo,100000,20260919,0.1890479268630529,18783,6340,0.0634,0,0.0634,0.06190635705478777,0.06492718650780276,0.33753926422829156,0.3308104617294383,0.34433450782201636,0.07197
4,2,8,rank,monte_carlo,100000,20260919,0.21369655554529504,21398,2506,0,0.02506,0.02506,0.024109288256733547,0.02604720093157779,0.11711374894849987,0.11287381797875456,0.12149113498865738,0.02625
4,2,9,rank,monte_carlo,100000,20260919,0.25017268445839874,25025,6359,0.06359,0,0.06359,0.0620942419896763,0.06511928697539499,0.2541058941058941,0.24874986734770277,0.25953740392577085,0.07162
4,2,10,rank,monte_carlo,100000,20260919,0.27446670976082743,27606,2504,0,0.02504,0.02504,0.024089665674070778,0.026026825050821534,0.09070491922045933,0.08737379071400934,0.09414994537290831,0.02651
4,2,11,rank,monte_carlo,100000,20260919,0.4315523132329855,43193,6456,0.06456,0,0.06456,0.06305350366649061,0.06609995077440363,0.1494686639038733,0.14613728577708066,0.1528623892361962,0.0726
4,2,12,rank,monte_carlo,100000,20260919,0.39744020685197157,39597,2625,0,0.02625,0.02625,0.025277117424500894,0.02725928033724269,0.06629290097734677,0.06388418060295317,0.06878576750239215,0.02747
4,2,13,rank,monte_carlo,100000,20260919,0.3742099916889833,37338,6298,0.06298,0,0.06298,0.06149104619953042,0.06450252963126045,0.1686753441534094,0.16491115100906134,0.17250770837574203,0.07116
4,2,14,rank,monte_carlo,100000,20260919,0.3395068796749469,33967,2725,0,0.02725,0.02725,0.026258903113808272,0.02827741781888678,0.08022492419112669,0.07738333144555934,0.08316145764792018,0.02885
4,2,15,rank,monte_carlo,100000,20260919,0.31592206113214516,31630,6433,0.06433,0,0.06433,0.062826040906373,0.06586743120520236,0.20338286436926967,0.19898303978745205,0.20785473106362282,0.0732
4,2,16,rank,monte_carlo,100000,20260919,0.28062794348508635,28188,2613,0,0.02613,0.02613,0.025159328202021925,0.027137078779207482,0.0926990208599404,0.08936868590162182,0.09614035867246519,0.02771
4,2,17,rank,monte_carlo,100000,20260919,0.25668852156247113,25668,6432,0.06432,0,0.06432,0.06281615134683408,0.06585732153303178,0.2505843852267415,0.2453204778372837,0.25592293899651297,0.07254
4,2,18,rank,monte_carlo,100000,20260919,0.22080339828238987,22242,2646,0,0.02646,0.02646,0.025483261672882302,0.02747311995476109,0.11896412193148098,0.11477503192485927,0.12328481293171833,0.02778
4,2,19,rank,monte_carlo,100000,20260919,0.1965093729799612,19488,6444,0.06444,0,0.06444,0.06293482675316023,0.0659786369072198,0.33066502463054187,0.32409372927178803,0.33730306763220474,0.07318
4,2,20,rank,monte_carlo,100000,20260919,0.36043956043956044,36043,24831,0.17138,0.10049,0.24831,0.24564193690106556,0.25099740020216027,0.6889271148350581,0.6841279033403763,0.6936860574810898,0.3231
4,2,21,rank,monte_carlo,100000,20260919,0,0,0,0,0,0,0,0.000038414524267635735,,,,0
4,2,22,rank,monte_carlo,100000,20260919,0,0,0,0,0,0,0,0.000038414524267635735,,,,0
4,2,23,rank,monte_carlo,100000,20260919,0,0,0,0,0,0,0,0.000038414524267635735,,,,0
4,2,24,rank,monte_carlo,100000,20260919,0,0,0,0,0,0,0,0.000038414524267635735,,,,0
4,2,25,rank,monte_carlo,100000,20260919,0,0,0,0,0,0,0,0.000038414524267635735,,,,0
4,2,26,rank,monte_carlo,100000,20260919,0,0,0,0,0,0,0,0.000038414524267635735,,,,0
4,2,27,rank,monte_carlo,100000,20260919,0,0,0,0,0,0,0,0.000038414524267635735,,,,0
4,2,28,rank,monte_carlo,100000,20260919,0,0,0,0,0,0,0,0.000038414524267635735,,,,0
4,2,29,rank,monte_carlo,100000,20260919,0,0,0,0,0,0,0,0.000038414524267635735,,,,0
4,2,30,rank,monte_carlo,100000,20260919,0,0,0,0,0,0,0,0.000038414524267635735,,,,0
4,2,31,rank,monte_carlo,100000,20260919,0,0,0,0,0,0,0,0.000038414524267635735,,,,0
4,2,32,rank,monte_carlo,100000,20260919,0,0,0,0,0,0,0,0.000038414524267635735,,,,0
4,2,33,rank,monte_carlo,100000,20260919,0,0,0,0,0,0,0,0.000038414524267635735,,,,0
4,2,34,rank,monte_carlo,100000,20260919,0,0,0,0,0,0,0,0.000038414524267635735,,,,0
4,2,35,rank,monte_carlo,100000,20260919,0,0,0,0,0,0,0,0.000038414524267635735,,,,0
4,2,36,rank,monte_carlo,100000,20260919,0,0,0,0,0,0,0,0.000038414524267635735,,,,0
4,2,37,rank,monte_carlo,100000,20260919,0,0,0,0,0,0,0,0.000038414524267635735,,,,0
4,2,38,rank,monte_carlo,100000,20260919,0,0,0,0,0,0,0,0.000038414524267635735,,,,0
4,2,39,rank,monte_carlo,100000,20260919,0,0,0,0,0,0,0,0.000038414524267635735,,,,0
4,2,40,rank,monte_carlo,100000,20260919,0,0,0,0,0,0,0,0.000038414524267635735,,,,0
4,2,41,rank,monte_carlo,100000,20260919,0,0,0,0,0,0,0,0.000038414524267635735,,,,0
4,2,42,rank,monte_carlo,100000,20260919,0,0,0,0,0,0,0,0.000038414524267635735,,,,0
4,2,43,rank,monte_carlo,100000,20260919,0,0,0,0,0,0,0,0.000038414524267635735,,,,0
4,2,44,rank,monte_carlo,100000,20260919,0,0,0,0,0,0,0,0.000038414524267635735,,,,0
4,2,45,rank,monte_carlo,100000,20260919,0,0,0,0,0,0,0,0.000038414524267635735,,,,0
4,2,46,rank,monte_carlo,100000,20260919,0,0,0,0,0,0,0,0.000038414524267635735,,,,0
4,2,47,rank,monte_carlo,100000,20260919,0,0,0,0,0,0,0,0.000038414524267635735,,,,0
4,2,48,rank,monte_carlo,100000,20260919,0,0,0,0,0,0,0,0.000038414524267635735,,,,0
4,2,49,rank,monte_carlo,100000,20260919,0,0,0,0,0,0,0,0.000038414524267635735,,,,0
4,2,50,rank,monte_carlo,100000,20260919,0,0,0,0,0,0,0,0.000038414524267635735,,,,0
4,3,2,rank,monte_carlo,100000,20260919,0,0,0,0,0,0,0,0.000038414524267635735,,,,0
4,3,3,rank,monte_carlo,100000,20260919,0.0007129005448333179,73,73,0,0.00073,0.00073,0.0005806859731465246,0.0009176724659156804,1,0.950006246616416,0.9999999999999999,0.00073
4,3,4,rank,monte_carlo,100000,20260919,0.004092714008680395,402,0,0,0,0,0,0.000038414524267635735,0,0,0.009465762011582845,0
4,3,5,rank,monte_carlo,100000,20260919,0.00818542801736079,814,0,0,0,0,0,0.000038414524267635735,0,0,0.004697242106539945,0
4,3,6,rank,monte_carlo,100000,20260919,0.015325514821313141,1590,1200,0.01116,0.00084,0.012,0.011343621097211293,0.01269387147847392,0.7547169811320755,0.7329709427859756,0.7752351424360442,0.01315
4,3,7,rank,monte_carlo,100000,20260919,0.022798042293840613,2281,0,0,0,0,0,0.000038414524267635735,0,0,0.0016813419363512988,0
4,3,8,rank,monte_carlo,100000,20260919,0.03331794256164004,3234,0,0,0,0,0,0.000038414524267635735,0,0,0.0011864694060388873,0
4,3,9,rank,monte_carlo,100000,20260919,0.04455074337427278,4417,1096,0.01031,0.00065,0.01096,0.010333215410433399,0.011624357067462288,0.24813221643649536,0.23561663699616414,0.2610855293967689,0.01217
4,3,10,rank,monte_carlo,100000,20260919,0.05845045710591929,5749,0,0,0,0,0,0.000038414524267635735,0,0,0.0006677743395542126,0
4,3,11,rank,monte_carlo,100000,20260919,0.07306307138239912,7330,0,0,0,0,0,0.000038414524267635735,0,0,0.0005238182400885233,0
4,3,12,rank,monte_carlo,100000,20260919,0.10087358020131129,10048,1065,0.01007,0.00058,0.01065,0.010032314854331733,0.011305281440569,0.10599124203821655,0.1001221209900996,0.11216152661533021,0.01172
4,3,13,rank,monte_carlo,100000,20260919,0.13050881891218025,13148,0,0,0,0,0,0.000038414524267635735,0,0,0.00029209597536515347,0
4,3,14,rank,monte_carlo,100000,20260919,0.15117924092714008,15070,0,0,0,0,0,0.000038414524267635735,0,0,0.00025485208760585624,0
4,3,15,rank,monte_carlo,100000,20260919,0.1740548527103149,17458,1178,0.01106,0.00072,0.01178,0.011129767359456125,0.012467742118619765,0.06747622866307709,0.0638495378362335,0.07129322969408246,0.01285
4,3,16,rank,monte_carlo,100000,20260919,0.18758518792132237,18806,0,0,0,0,0,0.000038414524267635735,0,0,0.00020423351146136177,0
4,3,17,rank,monte_carlo,100000,20260919,0.20332071290054482,20256,0,0,0,0,0,0.000038414524267635735,0,0,0.0001896164874260419,0
4,3,18,rank,monte_carlo,100000,20260919,0.21009142118385815,21047,1099,0.01038,0.00061,0.01099,0.010362341901774211,0.011655228271250023,0.05221646790516463,0.04929183032464749,0.05530453887704751,0.01188
4,3,19,rank,monte_carlo,100000,20260919,0.21868685935912827,21784,0,0,0,0,0,0.000038414524267635735,0,0,0.00017631852069275187,0
4,3,20,rank,monte_carlo,100000,20260919,0.21831748083848923,22161,0,0,0,0,0,0.000038414524267635735,0,0,0.00017331953321967345,0
4,3,21,rank,monte_carlo,100000,20260919,0.2578446763320713,25632,1095,0.01015,0.0008,0.01095,0.010323506853968212,0.011614066392217962,0.04272003745318352,0.04031208736927216,0.04526503680830896,0.01196
4,3,22,rank,monte_carlo,100000,20260919,0.22444916428109704,22305,0,0,0,0,0,0.000038414524267635735,0,1.3552527156068805e-20,0.00017220078338805366,0
4,3,23,rank,monte_carlo,100000,20260919,0.19968602825745682,19902,0,0,0,0,0,0.000038414524267635735,0,0,0.00019298857477093555,0
4,3,24,rank,monte_carlo,100000,20260919,0.17005078954658787,17117,1165,0.01086,0.00079,0.01165,0.011003427169445626,0.012334092296406576,0.06806099199626103,0.06438410425355134,0.0719317179779913,0.01285
4,3,25,rank,monte_carlo,100000,20260919,0.14866746698679473,15020,0,0,0,0,0,0.000038414524267635735,0,0,0.00025570024646692226,0
4,3,26,rank,monte_carlo,100000,20260919,0.12241204173977283,12224,0,0,0,0,0,0.000038414524267635735,0,0,0.000314168282978085,0
4,3,27,rank,monte_carlo,100000,20260919,0.10478899252008496,10469,1131,0.01065,0.00066,0.01131,0.010673099970629499,0.011984445617099205,0.10803324099722991,0.10222994017149,0.11412410074134112,0.01239
4,3,28,rank,monte_carlo,100000,20260919,0.08191338073691015,8302,0,0,0,0,0,0.000038414524267635735,0,0,0.00046251785008758167,0
4,3,29,rank,monte_carlo,100000,20260919,0.06767014498106935,6720,1116,0.01116,0,0.01116,0.010527415089904272,0.011830142022181711,0.16607142857142856,0.15736489778056179,0.17515953289609187,0.01225
4,3,30,rank,monte_carlo,100000,20260919,0.08118939883645766,7988,2259,0.02005,0.00254,0.02259,0.02168718954627742,0.023529489409783798,0.2827991987981973,0.2730290761959846,0.29277813399697017,0.02552
4,3,31,rank,monte_carlo,100000,20260919,0,0,0,0,0,0,0,0.000038414524267635735,,,,0
4,3,32,rank,monte_carlo,100000,20260919,0,0,0,0,0,0,0,0.000038414524267635735,,,,0
4,3,33,rank,monte_carlo,100000,20260919,0,0,0,0,0,0,0,0.000038414524267635735,,,,0
4,3,34,rank,monte_carlo,100000,20260919,0,0,0,0,0,0,0,0.000038414524267635735,,,,0
4,3,35,rank,monte_carlo,100000,20260919,0,0,0,0,0,0,0,0.000038414524267635735,,,,0
4,3,36,rank,monte_carlo,100000,20260919,0,0,0,0,0,0,0,0.000038414524267635735,,,,0
4,3,37,rank,monte_carlo,100000,20260919,0,0,0,0,0,0,0,0.000038414524267635735,,,,0
4,3,38,rank,monte_carlo,100000,20260919,0,0,0,0,0,0,0,0.000038414524267635735,,,,0
4,3,39,rank,monte_carlo,100000,20260919,0,0,0,0,0,0,0,0.000038414524267635735,,,,0
4,3,40,rank,monte_carlo,100000,20260919,0,0,0,0,0,0,0,0.000038414524267635735,,,,0
4,3,41,rank,monte_carlo,100000,20260919,0,0,0,0,0,0,0,0.000038414524267635735,,,,0
4,3,42,rank,monte_carlo,100000,20260919,0,0,0,0,0,0,0,0.000038414524267635735,,,,0
4,3,43,rank,monte_carlo,100000,20260919,0,0,0,0,0,0,0,0.000038414524267635735,,,,0
4,3,44,rank,monte_carlo,100000,20260919,0,0,0,0,0,0,0,0.000038414524267635735,,,,0
4,3,45,rank,monte_carlo,100000,20260919,0,0,0,0,0,0,0,0.000038414524267635735,,,,0
4,3,46,rank,monte_carlo,100000,20260919,0,0,0,0,0,0,0,0.000038414524267635735,,,,0
4,3,47,rank,monte_carlo,100000,20260919,0,0,0,0,0,0,0,0.000038414524267635735,,,,0
4,3,48,rank,monte_carlo,100000,20260919,0,0,0,0,0,0,0,0.000038414524267635735,,,,0
4,3,49,rank,monte_carlo,100000,20260919,0,0,0,0,0,0,0,0.000038414524267635735,,,,0
4,3,50,rank,monte_carlo,100000,20260919,0,0,0,0,0,0,0,0.000038414524267635735,,,,0
4,4,2,rank,monte_carlo,100000,20260919,0,0,0,0,0,0,0,0.000038414524267635735,,,,0
4,4,3,rank,monte_carlo,100000,20260919,0,0,0,0,0,0,0,0.000038414524267635735,,,,0
4,4,4,rank,monte_carlo,100000,20260919,0.0000036937852063902484,0,0,0,0,0,0,0.000038414524267635735,,,,0
4,4,5,rank,monte_carlo,100000,20260919,0.000059100563302243975,7,0,0,0,0,0,0.000038414524267635735,0,0,0.35433884297520657,0
4,4,6,rank,monte_carlo,100000,20260919,0.00019207683073229291,21,0,0,0,0,0,0.000038414524267635735,0,0,0.15464382326420195,0
4,4,7,rank,monte_carlo,100000,20260919,0.0004728045064179518,42,0,0,0,0,0,0.000038414524267635735,0,0,0.08380161250916197,0
4,4,8,rank,monte_carlo,100000,20260919,0.0009049773755656109,106,2,0,0.00002,0.00002,0.000005484623709886815,0.00007292836397677822,0.018867924528301886,0.005189500019088127,0.0662005744153702,0.00002
4,4,9,rank,monte_carlo,100000,20260919,0.0015366146458583433,149,0,0,0,0,0,0.000038414524267635735,0,0,0.025134518351024853,0
4,4,10,rank,monte_carlo,100000,20260919,0.002452673377043125,259,103,0.00103,0,0.00103,0.0008494338558647412,0.0012489015344829034,0.39768339768339767,0.3399914797367077,0.45836616228038546,0.00103
4,4,11,rank,monte_carlo,100000,20260919,0.0036051343614368824,372,0,0,0,0,0,0.000038414524267635735,0,0,0.010221327282557334,0
4,4,12,rank,monte_carlo,100000,20260919,0.005115892510850494,522,0,0,0,0,0,0.000038414524267635735,0,0,0.007305622073263127,0
4,4,13,rank,monte_carlo,100000,20260919,0.007151168159571521,695,0,0,0,0,0,0.000038414524267635735,0,0,0.0054970969100866345,0
4,4,14,rank,monte_carlo,100000,20260919,0.010268722873764891,949,87,0.00087,0,0.00087,0.0007054370831797136,0.0010729105998156967,0.0916754478398314,0.07492505630059434,0.11171834801760502,0.00087
4,4,15,rank,monte_carlo,100000,20260919,0.013652230122818357,1369,0,0,0,0,0,0.000038414524267635735,0,0,0.002798283501898544,0
4,4,16,rank,monte_carlo,100000,20260919,0.01813279157816973,1831,1,0,0.00001,0.00001,0.000001765202323777592,0.00005664855365337279,0.0005461496450027307,0.00009641284929374312,0.0030872952157512176,0.00001
4,4,17,rank,monte_carlo,100000,20260919,0.022399113491550465,2215,0,0,0,0,0,0.000038414524267635735,0,0,0.0017313538740214717,0
4,4,18,rank,monte_carlo,100000,20260919,0.027540862498845693,2667,99,0.00099,0,0.00099,0.0008133116600456716,0.0012050268034639142,0.03712035995500562,0.030585215997227418,0.04498706803489188,0.00099
4,4,19,rank,monte_carlo,100000,20260919,0.03244620925293194,3252,0,0,0,0,0,0.000038414524267635735,0,0,0.0011799099808786765,0
4,4,20,rank,monte_carlo,100000,20260919,0.03776895373534029,3799,1,0,0.00001,0.00001,0.000001765202323777592,0.00005664855365337279,0.00026322716504343247,0.000046466374167602065,0.0014896480934978402,0.00001
4,4,21,rank,monte_carlo,100000,20260919,0.0426115061409179,4321,0,0,0,0,0,0.000038414524267635735,0,0,0.0008882637458907164,0
4,4,22,rank,monte_carlo,100000,20260919,0.04934897035737372,4921,101,0.00101,0,0.00101,0.0008313632237822173,0.0012269737031463978,0.02052428368217842,0.016920713402298754,0.02487587960893637,0.00101
4,4,23,rank,monte_carlo,100000,20260919,0.05502262443438914,5665,0,0,0,0,0,0.000038414524267635735,0,0,0.0006776693143092938,0
4,4,24,rank,monte_carlo,100000,20260919,0.05838027518699788,5711,0,0,0,0,0,0.000038414524267635735,0,0,0.0006722146069630346,0
4,4,25,rank,monte_carlo,100000,20260919,0.06116908301782251,6220,0,0,0,0,0,0.000038414524267635735,0,5.421010862427522e-20,0.0006172393590479551,0
4,4,26,rank,monte_carlo,100000,20260919,0.0616271123834149,6261,88,0.00088,0,0.00088,0.0007143961464759013,0.0010839507682290233,0.014055262737581856,0.01142299824266702,0.01728348972344532,0.00088
4,4,27,rank,monte_carlo,100000,20260919,0.06176008865084495,6129,0,0,0,0,0,0.000038414524267635735,0,0,0.0006263980468694967,0
4,4,28,rank,monte_carlo,100000,20260919,0.060020315818635143,5909,0,0,0,0,0,0.000038414524267635735,0,0,0.0006497045346183466,0
4,4,29,rank,monte_carlo,100000,20260919,0.05797765259950134,5735,0,0,0,0,0,0.000038414524267635735,0,0,0.0006694033862164796,0
4,4,30,rank,monte_carlo,100000,20260919,0.05428386739311109,5483,95,0.00095,0,0.00095,0.0007772680656328421,0.0011610734710386854,0.017326281232901697,0.014195077515984419,0.021133370821215625,0.00095
4,4,31,rank,monte_carlo,100000,20260919,0.05401791485825099,5349,0,0,0,0,0,0.000038414524267635735,0,0,0.0007176748887917773,0
4,4,32,rank,monte_carlo,100000,20260919,0.04493489703573737,4516,0,0,0,0,0,0.000038414524267635735,0,0,0.0008499412899779497,0
4,4,33,rank,monte_carlo,100000,20260919,0.03806076276664512,3844,0,0,0,0,0,0.000038414524267635735,0,0,0.0009983778958052743,0
4,4,34,rank,monte_carlo,100000,20260919,0.03074706805799243,3161,101,0.00101,0,0.00101,0.0008313632237822173,0.0012269737031463978,0.03195191395128124,0.02636635479344517,0.03867374073613836,0.00101
4,4,35,rank,monte_carlo,100000,20260919,0.025354141656662665,2494,0,0,0,0,0,0.000038414524267635735,0,0,0.0015379678198969861,0
4,4,36,rank,monte_carlo,100000,20260919,0.019447779111644657,1935,0,0,0,0,0,0.000038414524267635735,0,0,0.0019813892996725464,0
4,4,37,rank,monte_carlo,100000,20260919,0.015602548711792409,1475,100,0.001,0,0.001,0.0008223350231228877,0.0012160026720962128,0.06779661016949153,0.056057142810644965,0.08178155472126108,0.001
4,4,38,rank,monte_carlo,100000,20260919,0.010933604210915136,1140,0,0,0,0,0,0.000038414524267635735,0,0,0.003358506982085631,0
4,4,39,rank,monte_carlo,100000,20260919,0.008274078862314157,829,97,0.00097,0,0.00097,0.0007952797392907495,0.0011830602607998072,0.11700844390832328,0.09687328064169778,0.1406768129175096,0.00097
4,4,40,rank,monte_carlo,100000,20260919,0.0067226890756302525,647,118,0.00117,0.00001,0.00118,0.0009855201067337223,0.0014128037592566417,0.18238021638330756,0.1545281566769313,0.21398178491254302,0.00118
4,4,41,rank,monte_carlo,100000,20260919,0,0,0,0,0,0,0,0.000038414524267635735,,,,0
4,4,42,rank,monte_carlo,100000,20260919,0,0,0,0,0,0,0,0.000038414524267635735,,,,0
4,4,43,rank,monte_carlo,100000,20260919,0,0,0,0,0,0,0,0.000038414524267635735,,,,0
4,4,44,rank,monte_carlo,100000,20260919,0,0,0,0,0,0,0,0.000038414524267635735,,,,0
4,4,45,rank,monte_carlo,100000,20260919,0,0,0,0,0,0,0,0.000038414524267635735,,,,0
4,4,46,rank,monte_carlo,100000,20260919,0,0,0,0,0,0,0,0.000038414524267635735,,,,0
4,4,47,rank,monte_carlo,100000,20260919,0,0,0,0,0,0,0,0.000038414524267635735,,,,0
4,4,48,rank,monte_carlo,100000,20260919,0,0,0,0,0,0,0,0.000038414524267635735,,,,0
4,4,49,rank,monte_carlo,100000,20260919,0,0,0,0,0,0,0,0.000038414524267635735,,,,0
4,4,50,rank,monte_carlo,100000,20260919,0,0,0,0,0,0,0,0.000038414524267635735,,,,0
4,5,2,rank,monte_carlo,100000,20260919,0,0,0,0,0,0,0,0.000038414524267635735,,,,0
4,5,3,rank,monte_carlo,100000,20260919,0,0,0,0,0,0,0,0.000038414524267635735,,,,0
4,5,4,rank,monte_carlo,100000,20260919,0,0,0,0,0,0,0,0.000038414524267635735,,,,0
4,5,5,rank,monte_carlo,100000,20260919,0,0,0,0,0,0,0,0.000038414524267635735,,,,0
4,5,6,rank,monte_carlo,100000,20260919,0,0,0,0,0,0,0,0.000038414524267635735,,,,0
4,5,7,rank,monte_carlo,100000,20260919,0,0,0,0,0,0,0,0.000038414524267635735,,,,0
4,5,8,rank,monte_carlo,100000,20260919,0,0,0,0,0,0,0,0.000038414524267635735,,,,0
4,5,9,rank,monte_carlo,100000,20260919,0,0,0,0,0,0,0,0.000038414524267635735,,,,0
4,5,10,rank,monte_carlo,100000,20260919,0,0,0,0,0,0,0,0.000038414524267635735,,,,0
4,5,11,rank,monte_carlo,100000,20260919,0,0,0,0,0,0,0,0.000038414524267635735,,,,0
4,5,12,rank,monte_carlo,100000,20260919,0,0,0,0,0,0,0,0.000038414524267635735,,,,0
4,5,13,rank,monte_carlo,100000,20260919,0,0,0,0,0,0,0,0.000038414524267635735,,,,0
4,5,14,rank,monte_carlo,100000,20260919,0,0,0,0,0,0,0,0.000038414524267635735,,,,0
4,5,15,rank,monte_carlo,100000,20260919,0,0,0,0,0,0,0,0.000038414524267635735,,,,0
4,5,16,rank,monte_carlo,100000,20260919,0,0,0,0,0,0,0,0.000038414524267635735,,,,0
4,5,17,rank,monte_carlo,100000,20260919,0,0,0,0,0,0,0,0.000038414524267635735,,,,0
4,5,18,rank,monte_carlo,100000,20260919,0,0,0,0,0,0,0,0.000038414524267635735,,,,0
4,5,19,rank,monte_carlo,100000,20260919,0,0,0,0,0,0,0,0.000038414524267635735,,,,0
4,5,20,rank,monte_carlo,100000,20260919,0,0,0,0,0,0,0,0.000038414524267635735,,,,0
4,5,21,rank,monte_carlo,100000,20260919,0,0,0,0,0,0,0,0.000038414524267635735,,,,0
4,5,22,rank,monte_carlo,100000,20260919,0,0,0,0,0,0,0,0.000038414524267635735,,,,0
4,5,23,rank,monte_carlo,100000,20260919,0,0,0,0,0,0,0,0.000038414524267635735,,,,0
4,5,24,rank,monte_carlo,100000,20260919,0,0,0,0,0,0,0,0.000038414524267635735,,,,0
4,5,25,rank,monte_carlo,100000,20260919,0,0,0,0,0,0,0,0.000038414524267635735,,,,0
4,5,26,rank,monte_carlo,100000,20260919,0,0,0,0,0,0,0,0.000038414524267635735,,,,0
4,5,27,rank,monte_carlo,100000,20260919,0,0,0,0,0,0,0,0.000038414524267635735,,,,0
4,5,28,rank,monte_carlo,100000,20260919,0,0,0,0,0,0,0,0.000038414524267635735,,,,0
4,5,29,rank,monte_carlo,100000,20260919,0,0,0,0,0,0,0,0.000038414524267635735,,,,0
4,5,30,rank,monte_carlo,100000,20260919,0,0,0,0,0,0,0,0.000038414524267635735,,,,0
4,5,31,rank,monte_carlo,100000,20260919,0,0,0,0,0,0,0,0.000038414524267635735,,,,0
4,5,32,rank,monte_carlo,100000,20260919,0,0,0,0,0,0,0,0.000038414524267635735,,,,0
4,5,33,rank,monte_carlo,100000,20260919,0,0,0,0,0,0,0,0.000038414524267635735,,,,0
4,5,34,rank,monte_carlo,100000,20260919,0,0,0,0,0,0,0,0.000038414524267635735,,,,0
4,5,35,rank,monte_carlo,100000,20260919,0,0,0,0,0,0,0,0.000038414524267635735,,,,0
4,5,36,rank,monte_carlo,100000,20260919,0,0,0,0,0,0,0,0.000038414524267635735,,,,0
4,5,37,rank,monte_carlo,100000,20260919,0,0,0,0,0,0,0,0.000038414524267635735,,,,0
4,5,38,rank,monte_carlo,100000,20260919,0,0,0,0,0,0,0,0.000038414524267635735,,,,0
4,5,39,rank,monte_carlo,100000,20260919,0,0,0,0,0,0,0,0.000038414524267635735,,,,0
4,5,40,rank,monte_carlo,100000,20260919,0,0,0,0,0,0,0,0.000038414524267635735,,,,0
4,5,41,rank,monte_carlo,100000,20260919,0,0,0,0,0,0,0,0.000038414524267635735,,,,0
4,5,42,rank,monte_carlo,100000,20260919,0,0,0,0,0,0,0,0.000038414524267635735,,,,0
4,5,43,rank,monte_carlo,100000,20260919,0,0,0,0,0,0,0,0.000038414524267635735,,,,0
4,5,44,rank,monte_carlo,100000,20260919,0,0,0,0,0,0,0,0.000038414524267635735,,,,0
4,5,45,rank,monte_carlo,100000,20260919,0,0,0,0,0,0,0,0.000038414524267635735,,,,0
4,5,46,rank,monte_carlo,100000,20260919,0,0,0,0,0,0,0,0.000038414524267635735,,,,0
4,5,47,rank,monte_carlo,100000,20260919,0,0,0,0,0,0,0,0.000038414524267635735,,,,0
4,5,48,rank,monte_carlo,100000,20260919,0,0,0,0,0,0,0,0.000038414524267635735,,,,0
4,5,49,rank,monte_carlo,100000,20260919,0,0,0,0,0,0,0,0.000038414524267635735,,,,0
4,5,50,rank,monte_carlo,100000,20260919,0,0,0,0,0,0,0,0.000038414524267635735,,,,0
4,any_2_to_5,2,rank,monte_carlo,100000,20260919,0.025712438821682518,2565,2565,0,0.02565,0.02565,0.024688226620240318,0.02664821723893239,1,0.9985045399451644,1,0.02711
4,any_2_to_5,3,rank,monte_carlo,100000,20260919,0.06461538461538462,6407,6407,0.06341,0.00073,0.06407,0.06256891577438578,0.06560457631274222,1,0.9994007651039138,0.9999999999999998,0.07261
4,any_2_to_5,4,rank,monte_carlo,100000,20260919,0.09292824822236587,9284,2502,0,0.02502,0.02502,0.02407004325380136,0.026006449007671927,0.26949590693666525,0.26056701362864093,0.27861548061200164,0.02676
4,any_2_to_5,5,rank,monte_carlo,100000,20260919,0.13380367531628035,13330,6449,0.06449,0,0.06449,0.0629842752841298,0.06602918453479782,0.4837959489872468,0.475318187033511,0.49228304800740924,0.07293
4,any_2_to_5,6,rank,monte_carlo,100000,20260919,0.16448425524055776,16598,3818,0.01116,0.02731,0.03818,0.037009892146970334,0.03938558904422423,0.23002771418243162,0.2236880288250865,0.23649234056236754,0.04092
4,any_2_to_5,7,rank,monte_carlo,100000,20260919,0.207354326345923,20598,6340,0.0634,0,0.0634,0.06190635705478777,0.06492718650780276,0.3077968734828624,0.30152954437870594,0.31413588234702905,0.07197
4,any_2_to_5,8,rank,monte_carlo,100000,20260919,0.24093083387201034,24062,2508,0,0.02508,0.02508,0.024128911001600372,0.026067576650130004,0.10423073726207298,0.1004328256726057,0.10815500114995594,0.02627
4,any_2_to_5,9,rank,monte_carlo,100000,20260919,0.2855628405208237,28516,7368,0.07303,0.00065,0.07368,0.07207708450565374,0.07531566925431783,0.2583812596437088,0.2533332373460883,0.2634943736459728,0.08379
4,any_2_to_5,10,rank,monte_carlo,100000,20260919,0.32236771631729616,32343,2607,0.00103,0.02504,0.02607,0.025100435648568304,0.027075975942404015,0.08060476764678601,0.07768747183056736,0.08362168052883949,0.02754
4,any_2_to_5,11,rank,monte_carlo,100000,20260919,0.4798522485917444,48011,6456,0.06456,0,0.06456,0.06305350366649061,0.06609995077440363,0.13446918414530004,0.1314467362176359,0.13755012328673874,0.0726
4,any_2_to_5,12,rank,monte_carlo,100000,20260919,0.4745147289685105,47245,3690,0.01007,0.02683,0.0369,0.035749240742454745,0.03808633878992194,0.07810350301619219,0.07571800005722834,0.08055761115267696,0.03919
4,any_2_to_5,13,rank,monte_carlo,100000,20260919,0.48042847908394126,47948,6298,0.06298,0,0.06298,0.06149104619953042,0.06450252963126045,0.1313506298490031,0.12835664626249726,0.13440368117401974,0.07116
4,any_2_to_5,14,rank,monte_carlo,100000,20260919,0.47057715393849847,46912,2812,0.00087,0.02725,0.02812,0.02711334934962602,0.029162904741796804,0.059942019099590724,0.05782972512496959,0.06212637942458624,0.02972
4,any_2_to_5,15,rank,monte_carlo,100000,20260919,0.46982362175639486,46989,7611,0.07539,0.00072,0.07611,0.07448266875190669,0.07776989831347693,0.16197407903977526,0.15867046664642115,0.16533295773896434,0.08605
4,any_2_to_5,16,rank,monte_carlo,100000,20260919,0.4559534583063995,45694,2614,0,0.02614,0.02614,0.02516914376124549,0.027147262451693435,0.05720663544447849,0.05511421973957245,0.05937349820988973,0.02772
4,any_2_to_5,17,rank,monte_carlo,100000,20260919,0.4504940437713547,44885,6432,0.06432,0,0.06432,0.06281615134683408,0.06585732153303178,0.14329954327726413,0.1400885921364983,0.1465715474737874,0.07254
4,any_2_to_5,18,rank,monte_carlo,100000,20260919,0.4300674115800166,43105,3844,0.01137,0.02707,0.03844,0.037266006606419745,0.039649454609222194,0.08917758960677416,0.08652354584293094,0.0919048534022021,0.04065
4,any_2_to_5,19,rank,monte_carlo,100000,20260919,0.4183285621941084,41610,6444,0.06444,0,0.06444,0.06293482675316023,0.0659786369072198,0.15486661860129777,0.1514223422495889,0.15837461723131618,0.07318
4,any_2_to_5,20,rank,monte_carlo,100000,20260919,0.5854981992797119,58843,24832,0.17138,0.1005,0.24832,0.24565190041202178,0.2510074359229136,0.42200431657121495,0.4180190159697109,0.4259998004963882,0.32311
4,any_2_to_5,21,rank,monte_carlo,100000,20260919,0.3004561824729892,29953,1095,0.01015,0.0008,0.01095,0.010323506853968212,0.011614066392217962,0.0365572730611291,0.03449063349696728,0.03874277439340258,0.01196
4,any_2_to_5,22,rank,monte_carlo,100000,20260919,0.27379813463847075,27226,101,0.00101,0,0.00101,0.0008313632237822173,0.0012269737031463978,0.0037096892676118415,0.0030542230742650316,0.0045051892434327685,0.00101
4,any_2_to_5,23,rank,monte_carlo,100000,20260919,0.25470865269184595,25567,0,0,0,0,0,0.000038414524267635735,0,0,0.00015023361608872504,0
4,any_2_to_5,24,rank,monte_carlo,100000,20260919,0.22843106473358574,22828,1165,0.01086,0.00079,0.01165,0.011003427169445626,0.012334092296406576,0.05103381811810058,0.04825379471157826,0.053964924255007415,0.01285
4,any_2_to_5,25,rank,monte_carlo,100000,20260919,0.20983655000461723,21240,0,0,0,0,0,0.000038414524267635735,0,0,0.00018083358331950656,0
4,any_2_to_5,26,rank,monte_carlo,100000,20260919,0.18403915412318775,18485,88,0.00088,0,0.00088,0.0007143961464759013,0.0010839507682290233,0.0047606167162564245,0.0038660015853000263,0.005861032908845891,0.00088
4,any_2_to_5,27,rank,monte_carlo,100000,20260919,0.1665490811709299,16598,1131,0.01065,0.00066,0.01131,0.010673099970629499,0.011984445617099205,0.06814073984817448,0.06440621172921492,0.07207512899144346,0.01239
4,any_2_to_5,28,rank,monte_carlo,100000,20260919,0.1419336965555453,14211,0,0,0,0,0,0.000038414524267635735,0,0,0.0002702527476633999,0
4,any_2_to_5,29,rank,monte_carlo,100000,20260919,0.12564779758057068,12455,1116,0.01116,0,0.01116,0.010527415089904272,0.011830142022181711,0.08960256924929746,0.08471226177129385,0.09474596330157328,0.01225
4,any_2_to_5,30,rank,monte_carlo,100000,20260919,0.13547326622956876,13471,2354,0.021,0.00254,0.02354,0.02261844863450793,0.02449815733395718,0.1747457501299087,0.16842583850041018,0.18125111799902657,0.02647
4,any_2_to_5,31,rank,monte_carlo,100000,20260919,0.05401791485825099,5349,0,0,0,0,0,0.000038414524267635735,0,0,0.0007176748887917773,0
4,any_2_to_5,32,rank,monte_carlo,100000,20260919,0.04493489703573737,4516,0,0,0,0,0,0.000038414524267635735,0,0,0.0008499412899779497,0
4,any_2_to_5,33,rank,monte_carlo,100000,20260919,0.03806076276664512,3844,0,0,0,0,0,0.000038414524267635735,0,0,0.0009983778958052743,0
4,any_2_to_5,34,rank,monte_carlo,100000,20260919,0.03074706805799243,3161,101,0.00101,0,0.00101,0.0008313632237822173,0.0012269737031463978,0.03195191395128124,0.02636635479344517,0.03867374073613836,0.00101
4,any_2_to_5,35,rank,monte_carlo,100000,20260919,0.025354141656662665,2494,0,0,0,0,0,0.000038414524267635735,0,0,0.0015379678198969861,0
4,any_2_to_5,36,rank,monte_carlo,100000,20260919,0.019447779111644657,1935,0,0,0,0,0,0.000038414524267635735,0,0,0.0019813892996725464,0
4,any_2_to_5,37,rank,monte_carlo,100000,20260919,0.015602548711792409,1475,100,0.001,0,0.001,0.0008223350231228877,0.0012160026720962128,0.06779661016949153,0.056057142810644965,0.08178155472126108,0.001
4,any_2_to_5,38,rank,monte_carlo,100000,20260919,0.010933604210915136,1140,0,0,0,0,0,0.000038414524267635735,0,0,0.003358506982085631,0
4,any_2_to_5,39,rank,monte_carlo,100000,20260919,0.008274078862314157,829,97,0.00097,0,0.00097,0.0007952797392907495,0.0011830602607998072,0.11700844390832328,0.09687328064169778,0.1406768129175096,0.00097
4,any_2_to_5,40,rank,monte_carlo,100000,20260919,0.0067226890756302525,647,118,0.00117,0.00001,0.00118,0.0009855201067337223,0.0014128037592566417,0.18238021638330756,0.1545281566769313,0.21398178491254302,0.00118
4,any_2_to_5,41,rank,monte_carlo,100000,20260919,0,0,0,0,0,0,0,0.000038414524267635735,,,,0
4,any_2_to_5,42,rank,monte_carlo,100000,20260919,0,0,0,0,0,0,0,0.000038414524267635735,,,,0
4,any_2_to_5,43,rank,monte_carlo,100000,20260919,0,0,0,0,0,0,0,0.000038414524267635735,,,,0
4,any_2_to_5,44,rank,monte_carlo,100000,20260919,0,0,0,0,0,0,0,0.000038414524267635735,,,,0
4,any_2_to_5,45,rank,monte_carlo,100000,20260919,0,0,0,0,0,0,0,0.000038414524267635735,,,,0
4,any_2_to_5,46,rank,monte_carlo,100000,20260919,0,0,0,0,0,0,0,0.000038414524267635735,,,,0
4,any_2_to_5,47,rank,monte_carlo,100000,20260919,0,0,0,0,0,0,0,0.000038414524267635735,,,,0
4,any_2_to_5,48,rank,monte_carlo,100000,20260919,0,0,0,0,0,0,0,0.000038414524267635735,,,,0
4,any_2_to_5,49,rank,monte_carlo,100000,20260919,0,0,0,0,0,0,0,0.000038414524267635735,,,,0
4,any_2_to_5,50,rank,monte_carlo,100000,20260919,0,0,0,0,0,0,0,0.000038414524267635735,,,,0
4,2,2,value,exact,,,0.025712438821682518,,,0,0.025712438821682518,0.025712438821682518,,,1,,,0.027149321266968326
4,2,3,value,exact,,,0.06396158463385354,,,0.06396158463385354,0,0.06396158463385354,,,1,,,0.07239819004524888
4,2,4,value,exact,,,0.08931942007572259,,,0,0.025712438821682518,0.025712438821682518,,,0.28787064223977504,,,0.027149321266968326
4,2,5,value,exact,,,0.12697756025487117,,,0.06396158463385354,0,0.06396158463385354,,,0.5037235280428206,,,0.07239819004524888
4,2,6,value,exact,,,0.15198079231692677,,,0,0.025712438821682518,0.025712438821682518,,,0.16918216065135497,,,0.027149321266968326
4,2,7,value,exact,,,0.1890479268630529,,,0.06396158463385354,0,0.06396158463385354,,,0.3383352872215709,,,0.07239819004524888
4,2,8,value,exact,,,0.21369655554529504,,,0,0.025712438821682518,0.025712438821682518,,,0.12032219591032443,,,0.027149321266968326
4,2,9,value,exact,,,0.25017268445839874,,,0.06396158463385354,0,0.06396158463385354,,,0.2556697377746279,,,0.07239819004524888
4,2,10,value,exact,,,0.27446670976082743,,,0,0.025712438821682518,0.025712438821682518,,,0.09368144808559314,,,0.027149321266968326
4,2,11,value,exact,,,0.4315523132329855,,,0.06396158463385354,0,0.06396158463385354,,,0.14821281840591619,,,0.07239819004524888
4,2,12,value,exact,,,0.39744020685197157,,,0,0.025712438821682518,0.025712438821682518,,,0.06469511231725791,,,0.027149321266968326
4,2,13,value,exact,,,0.3742099916889833,,,0.06396158463385354,0,0.06396158463385354,,,0.17092431002487465,,,0.07239819004524888
4,2,14,value,exact,,,0.3395068796749469,,,0,0.025712438821682518,0.025712438821682518,,,0.07573466212614102,,,0.027149321266968326
4,2,15,value,exact,,,0.31592206113214516,,,0.06396158463385354,0,0.06396158463385354,,,0.20246001309512673,,,0.07239819004524888
4,2,16,value,exact,,,0.28062794348508635,,,0,0.025712438821682518,0.025712438821682518,,,0.09162465612783488,,,0.027149321266968326
4,2,17,value,exact,,,0.25668852156247113,,,0.06396158463385354,0,0.06396158463385354,,,0.2491797616991884,,,0.07239819004524888
4,2,18,value,exact,,,0.22080339828238987,,,0,0.025712438821682518,0.025712438821682518,,,0.11644947053214447,,,0.027149321266968326
4,2,19,value,exact,,,0.1965093729799612,,,0.1965093729799612,0,0.1965093729799612,,,1,,,0.2895927601809955
4,2,20,value,exact,,,0.36043956043956044,,,0,0.36043956043956044,0.36043956043956044,,,1,,,0.5429864253393665
4,2,21,value,exact,,,0,,,0,0,0,,,,,,0
4,2,22,value,exact,,,0,,,0,0,0,,,,,,0
4,2,23,value,exact,,,0,,,0,0,0,,,,,,0
4,2,24,value,exact,,,0,,,0,0,0,,,,,,0
4,2,25,value,exact,,,0,,,0,0,0,,,,,,0
4,2,26,value,exact,,,0,,,0,0,0,,,,,,0
4,2,27,value,exact,,,0,,,0,0,0,,,,,,0
4,2,28,value,exact,,,0,,,0,0,0,,,,,,0
4,2,29,value,exact,,,0,,,0,0,0,,,,,,0
4,2,30,value,exact,,,0,,,0,0,0,,,,,,0
4,2,31,value,exact,,,0,,,0,0,0,,,,,,0
4,2,32,value,exact,,,0,,,0,0,0,,,,,,0
4,2,33,value,exact,,,0,,,0,0,0,,,,,,0
4,2,34,value,exact,,,0,,,0,0,0,,,,,,0
4,2,35,value,exact,,,0,,,0,0,0,,,,,,0
4,2,36,value,exact,,,0,,,0,0,0,,,,,,0
4,2,37,value,exact,,,0,,,0,0,0,,,,,,0
4,2,38,value,exact,,,0,,,0,0,0,,,,,,0
4,2,39,value,exact,,,0,,,0,0,0,,,,,,0
4,2,40,value,exact,,,0,,,0,0,0,,,,,,0
4,2,41,value,exact,,,0,,,0,0,0,,,,,,0
4,2,42,value,exact,,,0,,,0,0,0,,,,,,0
4,2,43,value,exact,,,0,,,0,0,0,,,,,,0
4,2,44,value,exact,,,0,,,0,0,0,,,,,,0
4,2,45,value,exact,,,0,,,0,0,0,,,,,,0
4,2,46,value,exact,,,0,,,0,0,0,,,,,,0
4,2,47,value,exact,,,0,,,0,0,0,,,,,,0
4,2,48,value,exact,,,0,,,0,0,0,,,,,,0
4,2,49,value,exact,,,0,,,0,0,0,,,,,,0
4,2,50,value,exact,,,0,,,0,0,0,,,,,,0
4,3,2,value,exact,,,0,,,0,0,0,,,,,,0
4,3,3,value,exact,,,0.0007129005448333179,,,0,0.0007129005448333179,0.0007129005448333179,,,1,,,0.0007239819004524887
4,3,4,value,exact,,,0.004092714008680395,,,0,0,0,,,0,,,0
4,3,5,value,exact,,,0.00818542801736079,,,0,0,0,,,0,,,0
4,3,6,value,exact,,,0.015325514821313141,,,0.010519900267799427,0.0007129005448333179,0.011232800812632745,,,0.7329476982405398,,,0.012307692307692308
4,3,7,value,exact,,,0.022798042293840613,,,0,0,0,,,0,,,0
4,3,8,value,exact,,,0.03331794256164004,,,0,0,0,,,0,,,0
4,3,9,value,exact,,,0.04455074337427278,,,0.010519900267799427,0.0007129005448333179,0.011232800812632745,,,0.2521349805157118,,,0.012307692307692308
4,3,10,value,exact,,,0.05845045710591929,,,0,0,0,,,0,,,0
4,3,11,value,exact,,,0.07306307138239912,,,0,0,0,,,0,,,0
4,3,12,value,exact,,,0.10087358020131129,,,0.010519900267799427,0.0007129005448333179,0.011232800812632745,,,0.11135523087626789,,,0.012307692307692308
4,3,13,value,exact,,,0.13050881891218025,,,0,0,0,,,0,,,0
4,3,14,value,exact,,,0.15117924092714008,,,0,0,0,,,0,,,0
4,3,15,value,exact,,,0.1740548527103149,,,0.010519900267799427,0.0007129005448333179,0.011232800812632745,,,0.06453598183400182,,,0.012307692307692308
4,3,16,value,exact,,,0.18758518792132237,,,0,0,0,,,0,,,0
4,3,17,value,exact,,,0.20332071290054482,,,0,0,0,,,0,,,0
4,3,18,value,exact,,,0.21009142118385815,,,0.010519900267799427,0.0007129005448333179,0.011232800812632745,,,0.05346625173620268,,,0.012307692307692308
4,3,19,value,exact,,,0.21868685935912827,,,0,0,0,,,0,,,0
4,3,20,value,exact,,,0.21831748083848923,,,0,0,0,,,0,,,0
4,3,21,value,exact,,,0.2578446763320713,,,0.010519900267799427,0.0007129005448333179,0.011232800812632745,,,0.043564214597808175,,,0.012307692307692308
4,3,22,value,exact,,,0.22444916428109704,,,0,0,0,,,0,,,0
4,3,23,value,exact,,,0.19968602825745682,,,0,0,0,,,0,,,0
4,3,24,value,exact,,,0.17005078954658787,,,0.010519900267799427,0.0007129005448333179,0.011232800812632745,,,0.06605556400286726,,,0.012307692307692308
4,3,25,value,exact,,,0.14866746698679473,,,0,0,0,,,0,,,0
4,3,26,value,exact,,,0.12241204173977283,,,0,0,0,,,0,,,0
4,3,27,value,exact,,,0.10478899252008496,,,0.03640594699418229,0.0007129005448333179,0.037118847539015606,,,0.35422468187105643,,,0.047058823529411764
4,3,28,value,exact,,,0.08191338073691015,,,0,0,0,,,0,,,0
4,3,29,value,exact,,,0.06767014498106935,,,0,0,0,,,0,,,0
4,3,30,value,exact,,,0.08118939883645766,,,0,0.08118939883645766,0.08118939883645766,,,1,,,0.10135746606334842
4,3,31,value,exact,,,0,,,0,0,0,,,,,,0
4,3,32,value,exact,,,0,,,0,0,0,,,,,,0
4,3,33,value,exact,,,0,,,0,0,0,,,,,,0
4,3,34,value,exact,,,0,,,0,0,0,,,,,,0
4,3,35,value,exact,,,0,,,0,0,0,,,,,,0
4,3,36,value,exact,,,0,,,0,0,0,,,,,,0
4,3,37,value,exact,,,0,,,0,0,0,,,,,,0
4,3,38,value,exact,,,0,,,0,0,0,,,,,,0
4,3,39,value,exact,,,0,,,0,0,0,,,,,,0
4,3,40,value,exact,,,0,,,0,0,0,,,,,,0
4,3,41,value,exact,,,0,,,0,0,0,,,,,,0
4,3,42,value,exact,,,0,,,0,0,0,,,,,,0
4,3,43,value,exact,,,0,,,0,0,0,,,,,,0
4,3,44,value,exact,,,0,,,0,0,0,,,,,,0
4,3,45,value,exact,,,0,,,0,0,0,,,,,,0
4,3,46,value,exact,,,0,,,0,0,0,,,,,,0
4,3,47,value,exact,,,0,,,0,0,0,,,,,,0
4,3,48,value,exact,,,0,,,0,0,0,,,,,,0
4,3,49,value,exact,,,0,,,0,0,0,,,,,,0
4,3,50,value,exact,,,0,,,0,0,0,,,,,,0
4,4,2,value,exact,,,0,,,0,0,0,,,,,,0
4,4,3,value,exact,,,0,,,0,0,0,,,,,,0
4,4,4,value,exact,,,0.0000036937852063902484,,,0,0.0000036937852063902484,0.0000036937852063902484,,,1,,,0.0000036937852063902484
4,4,5,value,exact,,,0.000059100563302243975,,,0,0,0,,,0,,,0
4,4,6,value,exact,,,0.00019207683073229291,,,0,0,0,,,0,,,0
4,4,7,value,exact,,,0.0004728045064179518,,,0,0,0,,,0,,,0
4,4,8,value,exact,,,0.0009049773755656109,,,0,0.0000036937852063902484,0.0000036937852063902484,,,0.004081632653061224,,,0.0000036937852063902484
4,4,9,value,exact,,,0.0015366146458583433,,,0,0,0,,,0,,,0
4,4,10,value,exact,,,0.002452673377043125,,,0.0009456090128359036,0,0.0009456090128359036,,,0.3855421686746988,,,0.0009456090128359036
4,4,11,value,exact,,,0.0036051343614368824,,,0,0,0,,,0,,,0
4,4,12,value,exact,,,0.005115892510850494,,,0,0.0000036937852063902484,0.0000036937852063902484,,,0.0007220216606498195,,,0.0000036937852063902484
4,4,13,value,exact,,,0.007151168159571521,,,0,0,0,,,0,,,0
4,4,14,value,exact,,,0.010268722873764891,,,0.0009456090128359036,0,0.0009456090128359036,,,0.09208633093525179,,,0.0009456090128359036
4,4,15,value,exact,,,0.013652230122818357,,,0,0,0,,,0,,,0
4,4,16,value,exact,,,0.01813279157816973,,,0,0.0000036937852063902484,0.0000036937852063902484,,,0.00020370747606437156,,,0.0000036937852063902484
4,4,17,value,exact,,,0.022399113491550465,,,0,0,0,,,0,,,0
4,4,18,value,exact,,,0.027540862498845693,,,0.0009456090128359036,0,0.0009456090128359036,,,0.034334763948497854,,,0.0009456090128359036
4,4,19,value,exact,,,0.03244620925293194,,,0,0,0,,,0,,,0
4,4,20,value,exact,,,0.03776895373534029,,,0,0.0000036937852063902484,0.0000036937852063902484,,,0.00009779951100244499,,,0.0000036937852063902484
4,4,21,value,exact,,,0.0426115061409179,,,0,0,0,,,0,,,0
4,4,22,value,exact,,,0.04934897035737372,,,0.0009456090128359036,0,0.0009456090128359036,,,0.019161676646706587,,,0.0009456090128359036
4,4,23,value,exact,,,0.05502262443438914,,,0,0,0,,,0,,,0
4,4,24,value,exact,,,0.05838027518699788,,,0,0.0000036937852063902484,0.0000036937852063902484,,,0.00006327111673521038,,,0.0000036937852063902484
4,4,25,value,exact,,,0.06116908301782251,,,0,0,0,,,0,,,0
4,4,26,value,exact,,,0.0616271123834149,,,0.0009456090128359036,0,0.0009456090128359036,,,0.01534404219611604,,,0.0009456090128359036
4,4,27,value,exact,,,0.06176008865084495,,,0,0,0,,,0,,,0
4,4,28,value,exact,,,0.060020315818635143,,,0,0.0000036937852063902484,0.0000036937852063902484,,,0.00006154224875376947,,,0.0000036937852063902484
4,4,29,value,exact,,,0.05797765259950134,,,0,0,0,,,0,,,0
4,4,30,value,exact,,,0.05428386739311109,,,0.0009456090128359036,0,0.0009456090128359036,,,0.01741970604246053,,,0.0009456090128359036
4,4,31,value,exact,,,0.05401791485825099,,,0,0,0,,,0,,,0
4,4,32,value,exact,,,0.04493489703573737,,,0,0.0000036937852063902484,0.0000036937852063902484,,,0.00008220304151253596,,,0.0000036937852063902484
4,4,33,value,exact,,,0.03806076276664512,,,0,0,0,,,0,,,0
4,4,34,value,exact,,,0.03074706805799243,,,0.0037824360513436144,0,0.0037824360513436144,,,0.12301777991350311,,,0.0037824360513436144
4,4,35,value,exact,,,0.025354141656662665,,,0,0,0,,,0,,,0
4,4,36,value,exact,,,0.019447779111644657,,,0,0.0000036937852063902484,0.0000036937852063902484,,,0.00018993352326685662,,,0.0000036937852063902484
4,4,37,value,exact,,,0.015602548711792409,,,0,0,0,,,0,,,0
4,4,38,value,exact,,,0.010933604210915136,,,0,0,0,,,0,,,0
4,4,39,value,exact,,,0.008274078862314157,,,0,0,0,,,0,,,0
4,4,40,value,exact,,,0.0067226890756302525,,,0,0.0067226890756302525,0.0067226890756302525,,,1,,,0.0067226890756302525
4,4,41,value,exact,,,0,,,0,0,0,,,,,,0
4,4,42,value,exact,,,0,,,0,0,0,,,,,,0
4,4,43,value,exact,,,0,,,0,0,0,,,,,,0
4,4,44,value,exact,,,0,,,0,0,0,,,,,,0
4,4,45,value,exact,,,0,,,0,0,0,,,,,,0
4,4,46,value,exact,,,0,,,0,0,0,,,,,,0
4,4,47,value,exact,,,0,,,0,0,0,,,,,,0
4,4,48,value,exact,,,0,,,0,0,0,,,,,,0
4,4,49,value,exact,,,0,,,0,0,0,,,,,,0
4,4,50,value,exact,,,0,,,0,0,0,,,,,,0
4,5,2,value,exact,,,0,,,0,0,0,,,,,,0
4,5,3,value,exact,,,0,,,0,0,0,,,,,,0
4,5,4,value,exact,,,0,,,0,0,0,,,,,,0
4,5,5,value,exact,,,0,,,0,0,0,,,,,,0
4,5,6,value,exact,,,0,,,0,0,0,,,,,,0
4,5,7,value,exact,,,0,,,0,0,0,,,,,,0
4,5,8,value,exact,,,0,,,0,0,0,,,,,,0
4,5,9,value,exact,,,0,,,0,0,0,,,,,,0
4,5,10,value,exact,,,0,,,0,0,0,,,,,,0
4,5,11,value,exact,,,0,,,0,0,0,,,,,,0
4,5,12,value,exact,,,0,,,0,0,0,,,,,,0
4,5,13,value,exact,,,0,,,0,0,0,,,,,,0
4,5,14,value,exact,,,0,,,0,0,0,,,,,,0
4,5,15,value,exact,,,0,,,0,0,0,,,,,,0
4,5,16,value,exact,,,0,,,0,0,0,,,,,,0
4,5,17,value,exact,,,0,,,0,0,0,,,,,,0
4,5,18,value,exact,,,0,,,0,0,0,,,,,,0
4,5,19,value,exact,,,0,,,0,0,0,,,,,,0
4,5,20,value,exact,,,0,,,0,0,0,,,,,,0
4,5,21,value,exact,,,0,,,0,0,0,,,,,,0
4,5,22,value,exact,,,0,,,0,0,0,,,,,,0
4,5,23,value,exact,,,0,,,0,0,0,,,,,,0
4,5,24,value,exact,,,0,,,0,0,0,,,,,,0
4,5,25,value,exact,,,0,,,0,0,0,,,,,,0
4,5,26,value,exact,,,0,,,0,0,0,,,,,,0
4,5,27,value,exact,,,0,,,0,0,0,,,,,,0
4,5,28,value,exact,,,0,,,0,0,0,,,,,,0
4,5,29,value,exact,,,0,,,0,0,0,,,,,,0
4,5,30,value,exact,,,0,,,0,0,0,,,,,,0
4,5,31,value,exact,,,0,,,0,0,0,,,,,,0
4,5,32,value,exact,,,0,,,0,0,0,,,,,,0
4,5,33,value,exact,,,0,,,0,0,0,,,,,,0
4,5,34,value,exact,,,0,,,0,0,0,,,,,,0
4,5,35,value,exact,,,0,,,0,0,0,,,,,,0
4,5,36,value,exact,,,0,,,0,0,0,,,,,,0
4,5,37,value,exact,,,0,,,0,0,0,,,,,,0
4,5,38,value,exact,,,0,,,0,0,0,,,,,,0
4,5,39,value,exact,,,0,,,0,0,0,,,,,,0
4,5,40,value,exact,,,0,,,0,0,0,,,,,,0
4,5,41,value,exact,,,0,,,0,0,0,,,,,,0
4,5,42,value,exact,,,0,,,0,0,0,,,,,,0
4,5,43,value,exact,,,0,,,0,0,0,,,,,,0
4,5,44,value,exact,,,0,,,0,0,0,,,,,,0
4,5,45,value,exact,,,0,,,0,0,0,,,,,,0
4,5,46,value,exact,,,0,,,0,0,0,,,,,,0
4,5,47,value,exact,,,0,,,0,0,0,,,,,,0
4,5,48,value,exact,,,0,,,0,0,0,,,,,,0
4,5,49,value,exact,,,0,,,0,0,0,,,,,,0
4,5,50,value,exact,,,0,,,0,0,0,,,,,,0
4,any_2_to_5,2,value,exact,,,0.025712438821682518,,,0,0.025712438821682518,0.025712438821682518,,,1,,,0.027149321266968326
4,any_2_to_5,3,value,exact,,,0.06461538461538462,,,0.06396158463385354,0.0007129005448333179,0.06461538461538462,,,1,,,0.07312217194570136
4,any_2_to_5,4,value,exact,,,0.09292824822236587,,,0,0.02571613260688891,0.02571613260688891,,,0.2767310597026791,,,0.027153015052174715
4,any_2_to_5,5,value,exact,,,0.13380367531628035,,,0.06396158463385354,0,0.06396158463385354,,,0.47802561837455837,,,0.07239819004524888
4,any_2_to_5,6,value,exact,,,0.16448425524055776,,,0.010519900267799427,0.026425339366515838,0.0365906362545018,,,0.22245677071637096,,,0.03945701357466063
4,any_2_to_5,7,value,exact,,,0.207354326345923,,,0.06396158463385354,0,0.06396158463385354,,,0.30846515604959385,,,0.07239819004524888
4,any_2_to_5,8,value,exact,,,0.24093083387201034,,,0,0.02571613260688891,0.02571613260688891,,,0.1067365774384448,,,0.027153015052174715
4,any_2_to_5,9,value,exact,,,0.2855628405208237,,,0.07353587588881706,0.0007129005448333179,0.07424877643365038,,,0.260008537169023,,,0.08470588235294117
4,any_2_to_5,10,value,exact,,,0.32236771631729616,,,0.0009456090128359036,0.025712438821682518,0.026658047834518424,,,0.08269453324625027,,,0.02809493027980423
4,any_2_to_5,11,value,exact,,,0.4798522485917444,,,0.06396158463385354,0,0.06396158463385354,,,0.13329433137297164,,,0.07239819004524888
4,any_2_to_5,12,value,exact,,,0.4745147289685105,,,0.010519900267799427,0.026429033151722226,0.03694893341952166,,,0.07786677876119973,,,0.03946070735986702
4,any_2_to_5,13,value,exact,,,0.48042847908394126,,,0.06396158463385354,0,0.06396158463385354,,,0.1331344568827654,,,0.07239819004524888
4,any_2_to_5,14,value,exact,,,0.47057715393849847,,,0.0009456090128359036,0.025712438821682518,0.026658047834518424,,,0.05664968562839,,,0.02809493027980423
4,any_2_to_5,15,value,exact,,,0.46982362175639486,,,0.07448148490165298,0.0007129005448333179,0.07519438544648628,,,0.16004811585543227,,,0.08470588235294117
4,any_2_to_5,16,value,exact,,,0.4559534583063995,,,0,0.02571613260688891,0.02571613260688891,,,0.05640078419935514,,,0.027153015052174715
4,any_2_to_5,17,value,exact,,,0.4504940437713547,,,0.06396158463385354,0,0.06396158463385354,,,0.1419809773696294,,,0.07239819004524888
4,any_2_to_5,18,value,exact,,,0.4300674115800166,,,0.011465509280635331,0.026425339366515838,0.03789084864715117,,,0.08810444043631367,,,0.04040262258749654
4,any_2_to_5,19,value,exact,,,0.4183285621941084,,,0.1965093729799612,0,0.1965093729799612,,,0.4697488786070003,,,0.2895927601809955
4,any_2_to_5,20,value,exact,,,0.5854981992797119,,,0,0.3604432542247668,0.3604432542247668,,,0.6156180406159902,,,0.542990119124573
4,any_2_to_5,21,value,exact,,,0.3004561824729892,,,0.010519900267799427,0.0007129005448333179,0.011232800812632745,,,0.037385820189080536,,,0.012307692307692308
4,any_2_to_5,22,value,exact,,,0.27379813463847075,,,0.0009456090128359036,0,0.0009456090128359036,,,0.003453672224920404,,,0.0009456090128359036
4,any_2_to_5,23,value,exact,,,0.25470865269184595,,,0,0,0,,,0,,,0
4,any_2_to_5,24,value,exact,,,0.22843106473358574,,,0.010519900267799427,0.0007165943300397082,0.011236494597839135,,,0.04918987096148249,,,0.012311386092898698
4,any_2_to_5,25,value,exact,,,0.20983655000461723,,,0,0,0,,,0,,,0
4,any_2_to_5,26,value,exact,,,0.18403915412318775,,,0.0009456090128359036,0,0.0009456090128359036,,,0.005138086062941554,,,0.0009456090128359036
4,any_2_to_5,27,value,exact,,,0.1665490811709299,,,0.03640594699418229,0.0007129005448333179,0.037118847539015606,,,0.2228703231386813,,,0.047058823529411764
4,any_2_to_5,28,value,exact,,,0.1419336965555453,,,0,0.0000036937852063902484,0.0000036937852063902484,,,0.000026024723487312947,,,0.0000036937852063902484
4,any_2_to_5,29,value,exact,,,0.12564779758057068,,,0,0,0,,,0,,,0
4,any_2_to_5,30,value,exact,,,0.13547326622956876,,,0.0009456090128359036,0.08118939883645766,0.08213500784929356,,,0.6062820372995964,,,0.10230307507618432
4,any_2_to_5,31,value,exact,,,0.05401791485825099,,,0,0,0,,,0,,,0
4,any_2_to_5,32,value,exact,,,0.04493489703573737,,,0,0.0000036937852063902484,0.0000036937852063902484,,,0.00008220304151253596,,,0.0000036937852063902484
4,any_2_to_5,33,value,exact,,,0.03806076276664512,,,0,0,0,,,0,,,0
4,any_2_to_5,34,value,exact,,,0.03074706805799243,,,0.0037824360513436144,0,0.0037824360513436144,,,0.12301777991350311,,,0.0037824360513436144
4,any_2_to_5,35,value,exact,,,0.025354141656662665,,,0,0,0,,,0,,,0
4,any_2_to_5,36,value,exact,,,0.019447779111644657,,,0,0.0000036937852063902484,0.0000036937852063902484,,,0.00018993352326685662,,,0.0000036937852063902484
4,any_2_to_5,37,value,exact,,,0.015602548711792409,,,0,0,0,,,0,,,0
4,any_2_to_5,38,value,exact,,,0.010933604210915136,,,0,0,0,,,0,,,0
4,any_2_to_5,39,value,exact,,,0.008274078862314157,,,0,0,0,,,0,,,0
4,any_2_to_5,40,value,exact,,,0.0067226890756302525,,,0,0.0067226890756302525,0.0067226890756302525,,,1,,,0.0067226890756302525
4,any_2_to_5,41,value,exact,,,0,,,0,0,0,,,,,,0
4,any_2_to_5,42,value,exact,,,0,,,0,0,0,,,,,,0
4,any_2_to_5,43,value,exact,,,0,,,0,0,0,,,,,,0
4,any_2_to_5,44,value,exact,,,0,,,0,0,0,,,,,,0
4,any_2_to_5,45,value,exact,,,0,,,0,0,0,,,,,,0
4,any_2_to_5,46,value,exact,,,0,,,0,0,0,,,,,,0
4,any_2_to_5,47,value,exact,,,0,,,0,0,0,,,,,,0
4,any_2_to_5,48,value,exact,,,0,,,0,0,0,,,,,,0
4,any_2_to_5,49,value,exact,,,0,,,0,0,0,,,,,,0
4,any_2_to_5,50,value,exact,,,0,,,0,0,0,,,,,,0
5,2,2,rank,monte_carlo,100000,20260920,0.04168436605411395,4033,4033,0,0.04033,0.04033,0.039128195826514015,0.04156712018222619,1,0.9990483649395605,0.9999999999999998,0.04368
5,2,3,rank,monte_carlo,100000,20260920,0.1001785329516422,9995,9995,0.09995,0,0.09995,0.0981063339291755,0.10182440153169103,1,0.9996157954937501,1,0.12066
5,2,4,rank,monte_carlo,100000,20260920,0.14024994613229907,13890,4176,0,0.04176,0.04176,0.040537639602432556,0.04301756654076825,0.30064794816414686,0.2930781833537027,0.3083279533047143,0.04544
5,2,5,rank,monte_carlo,100000,20260920,0.1962200264721273,19514,9987,0.09987,0,0.09987,0.098026998481922,0.10174374312526843,0.5117864097570974,0.5047713213171104,0.5187968584758847,0.12038
5,2,6,rank,monte_carlo,100000,20260920,0.23467848677932712,23230,4050,0,0.0405,0.0405,0.03929573069744281,0.04173957225035915,0.1743435213086526,0.16951843669573644,0.17927629727542058,0.04458
5,2,7,rank,monte_carlo,100000,20260920,0.28812448056145534,28587,9942,0.09942,0,0.09942,0.09758074345691999,0.10129003272334229,0.347780459649491,0.34228020081404914,0.3533216243522305,0.11956
5,2,8,rank,monte_carlo,100000,20260920,0.3249699879951981,32293,4133,0,0.04133,0.04133,0.040113778334957086,0.04258146084473458,0.12798439290248662,0.12438489176950551,0.1316723940302304,0.04461
5,2,9,rank,monte_carlo,100000,20260920,0.3758918952196263,37366,9933,0.09933,0,0.09933,0.09749149385486401,0.10119928924001263,0.2658298988385163,0.2613747557212061,0.27033318708152715,0.11951
5,2,10,rank,monte_carlo,100000,20260920,0.41112444977991197,40885,4267,0,0.04267,0.04267,0.04143476567400049,0.04394037055476614,0.10436590436590437,0.10143938725393495,0.10736676293056915,0.04643
5,2,11,rank,monte_carlo,100000,20260920,0.5927417120694431,59330,9918,0.09918,0,0.09918,0.0973427455605327,0.10104804905870123,0.16716669475813248,0.16418583459340727,0.17019065384889845,0.12016
5,2,12,rank,monte_carlo,100000,20260920,0.5504386369932588,54822,4241,0,0.04241,0.04241,0.04117842787526114,0.04367672832905812,0.0773594542337018,0.07515253968013513,0.07962559691302934,0.04577
5,2,13,rank,monte_carlo,100000,20260920,0.5191584326038108,51698,10021,0.10021,0,0.10021,0.09836417666862274,0.10208653881669119,0.19383728577507833,0.19045248049222513,0.197267588651308,0.12117
5,2,14,rank,monte_carlo,100000,20260920,0.47433127096992644,47530,4148,0,0.04148,0.04148,0.04026163281977462,0.04273359483555978,0.08727119713864927,0.0847670973444974,0.08984200893905613,0.04447
5,2,15,rank,monte_carlo,100000,20260920,0.4414381137070213,43915,10018,0.10018,0,0.10018,0.09833442538563847,0.10205629240454692,0.22812250939314585,0.22422167739500354,0.23207090387380663,0.12063
5,2,16,rank,monte_carlo,100000,20260920,0.3940868655154369,39633,4181,0,0.04181,0.04181,0.04058692812852832,0.04306827417322005,0.10549289733303055,0.10250669437731827,0.10855557149201878,0.0449
5,2,17,rank,monte_carlo,100000,20260920,0.3595807553790747,36048,10041,0.10041,0,0.10041,0.09856251987025554,0.1022881802492487,0.27854527296937415,0.27394132803007615,0.28319641330516815,0.12125
5,2,18,rank,monte_carlo,100000,20260920,0.3097054206297904,30840,4193,0,0.04193,0.04193,0.040705222559930296,0.043189970522332255,0.1359597924773022,0.13217975378789892,0.13983051357127457,0.04539
5,2,19,rank,monte_carlo,100000,20260920,0.2735863576199711,27628,10239,0.10239,0,0.10239,0.10052623977314075,0.10428430822484737,0.3706022875343854,0.36492558923076646,0.37631496565139533,0.12316
5,2,20,rank,monte_carlo,100000,20260920,0.49230769230769234,49689,36356,0.2558,0.16362,0.36356,0.3605838760518708,0.36654660650351134,0.731670993580068,0.7277572046770802,0.735548962946065,0.54843
5,2,21,rank,monte_carlo,100000,20260920,0,0,0,0,0,0,0,0.000038414524267635735,,,,0
5,2,22,rank,monte_carlo,100000,20260920,0,0,0,0,0,0,0,0.000038414524267635735,,,,0
5,2,23,rank,monte_carlo,100000,20260920,0,0,0,0,0,0,0,0.000038414524267635735,,,,0
5,2,24,rank,monte_carlo,100000,20260920,0,0,0,0,0,0,0,0.000038414524267635735,,,,0
5,2,25,rank,monte_carlo,100000,20260920,0,0,0,0,0,0,0,0.000038414524267635735,,,,0
5,2,26,rank,monte_carlo,100000,20260920,0,0,0,0,0,0,0,0.000038414524267635735,,,,0
5,2,27,rank,monte_carlo,100000,20260920,0,0,0,0,0,0,0,0.000038414524267635735,,,,0
5,2,28,rank,monte_carlo,100000,20260920,0,0,0,0,0,0,0,0.000038414524267635735,,,,0
5,2,29,rank,monte_carlo,100000,20260920,0,0,0,0,0,0,0,0.000038414524267635735,,,,0
5,2,30,rank,monte_carlo,100000,20260920,0,0,0,0,0,0,0,0.000038414524267635735,,,,0
5,2,31,rank,monte_carlo,100000,20260920,0,0,0,0,0,0,0,0.000038414524267635735,,,,0
5,2,32,rank,monte_carlo,100000,20260920,0,0,0,0,0,0,0,0.000038414524267635735,,,,0
5,2,33,rank,monte_carlo,100000,20260920,0,0,0,0,0,0,0,0.000038414524267635735,,,,0
5,2,34,rank,monte_carlo,100000,20260920,0,0,0,0,0,0,0,0.000038414524267635735,,,,0
5,2,35,rank,monte_carlo,100000,20260920,0,0,0,0,0,0,0,0.000038414524267635735,,,,0
5,2,36,rank,monte_carlo,100000,20260920,0,0,0,0,0,0,0,0.000038414524267635735,,,,0
5,2,37,rank,monte_carlo,100000,20260920,0,0,0,0,0,0,0,0.000038414524267635735,,,,0
5,2,38,rank,monte_carlo,100000,20260920,0,0,0,0,0,0,0,0.000038414524267635735,,,,0
5,2,39,rank,monte_carlo,100000,20260920,0,0,0,0,0,0,0,0.000038414524267635735,,,,0
5,2,40,rank,monte_carlo,100000,20260920,0,0,0,0,0,0,0,0.000038414524267635735,,,,0
5,2,41,rank,monte_carlo,100000,20260920,0,0,0,0,0,0,0,0.000038414524267635735,,,,0
5,2,42,rank,monte_carlo,100000,20260920,0,0,0,0,0,0,0,0.000038414524267635735,,,,0
5,2,43,rank,monte_carlo,100000,20260920,0,0,0,0,0,0,0,0.000038414524267635735,,,,0
5,2,44,rank,monte_carlo,100000,20260920,0,0,0,0,0,0,0,0.000038414524267635735,,,,0
5,2,45,rank,monte_carlo,100000,20260920,0,0,0,0,0,0,0,0.000038414524267635735,,,,0
5,2,46,rank,monte_carlo,100000,20260920,0,0,0,0,0,0,0,0.000038414524267635735,,,,0
5,2,47,rank,monte_carlo,100000,20260920,0,0,0,0,0,0,0,0.000038414524267635735,,,,0
5,2,48,rank,monte_carlo,100000,20260920,0,0,0,0,0,0,0,0.000038414524267635735,,,,0
5,2,49,rank,monte_carlo,100000,20260920,0,0,0,0,0,0,0,0.000038414524267635735,,,,0
5,2,50,rank,monte_carlo,100000,20260920,0,0,0,0,0,0,0,0.000038414524267635735,,,,0
5,3,2,rank,monte_carlo,100000,20260920,0,0,0,0,0,0,0,0.000038414524267635735,,,,0
5,3,3,rank,monte_carlo,100000,20260920,0.001754547973035368,166,166,0,0.00166,0.00166,0.0014261045077296574,0.0019321824803174097,1,0.9773812776139649,0.9999999999999999,0.00169
5,3,4,rank,monte_carlo,100000,20260920,0.00963616215717056,976,0,0,0,0,0,0.000038414524267635735,0,0,0.0039206337024270035,0
5,3,5,rank,monte_carlo,100000,20260920,0.019216917536245267,1861,0,0,0,0,0,0.000038414524267635735,0,0,0.0020600141052194458,0
5,3,6,rank,monte_carlo,100000,20260920,0.03509865484655401,3424,2557,0.02381,0.00178,0.02557,0.024609718404016948,0.02656673160147964,0.7467873831775701,0.7319506782869518,0.7610709362473955,0.0307
5,3,7,rank,monte_carlo,100000,20260920,0.0522347400498661,5155,0,0,0,0,0,0.000038414524267635735,0,0,0.0007446632980551292,0
5,3,8,rank,monte_carlo,100000,20260920,0.07533321020715979,7367,0,0,0,0,0,0.000038414524267635735,0,0,0.0005211887879940331,0
5,3,9,rank,monte_carlo,100000,20260920,0.09983531874288176,9838,2554,0.02363,0.00198,0.02554,0.024580278472007444,0.0265361738383606,0.2596056108965237,0.2510371699135862,0.2683617198226598,0.03087
5,3,10,rank,monte_carlo,100000,20260920,0.12981808107858528,12823,0,0,0,0,0,0.000038414524267635735,0,0,0.00029949695488560484,0
5,3,11,rank,monte_carlo,100000,20260920,0.1612106381013944,15968,0,0,0,0,0,0.000038414524267635735,0,0,0.00024052329695030278,0
5,3,12,rank,monte_carlo,100000,20260920,0.21562932865453874,21212,2480,0.02323,0.00161,0.0248,0.023854207403318138,0.02578230176054582,0.116914953799736,0.11265999695070497,0.1213086427849914,0.02973
5,3,13,rank,monte_carlo,100000,20260920,0.2670191153384431,26546,0,0,0,0,0,0.000038414524267635735,0,0,0.00014469389527355973,0
5,3,14,rank,monte_carlo,100000,20260920,0.30719980299812233,30491,0,0,0,0,0,0.000038414524267635735,0,0,0.00012597540431231492,0
5,3,15,rank,monte_carlo,100000,20260920,0.34465478499091945,34401,2564,0.02381,0.00185,0.02564,0.024678412955791523,0.026638031671671666,0.07453271707217814,0.07180457917102305,0.07735586922354244,0.0309
5,3,16,rank,monte_carlo,100000,20260920,0.37102841136454584,36741,0,0,0,0,0,0.000038414524267635735,0,0,0.00010454800817538427,0
5,3,17,rank,monte_carlo,100000,20260920,0.3950210853572198,39575,0,0,0,0,0,0.000038414524267635735,0,0,0.0000970619615102631,0
5,3,18,rank,monte_carlo,100000,20260920,0.4061301443654385,40451,2505,0.02344,0.00165,0.02505,0.024099476945114835,0.02603701301148699,0.061926775605053025,0.059619302025904014,0.06431744822947208,0.0304
5,3,19,rank,monte_carlo,100000,20260920,0.4172145781389479,41438,0,0,0,0,0,0.000038414524267635735,0,0,0.00009269858316335052,0
5,3,20,rank,monte_carlo,100000,20260920,0.4148859543817527,41349,0,0,0,0,0,0.000038414524267635735,0,0,0.00009289808998276915,0
5,3,21,rank,monte_carlo,100000,20260920,0.48216055653030443,48356,2532,0.02384,0.00148,0.02532,0.024364396523521892,0.02631207268923683,0.052361651087765734,0.050411521339844126,0.05438289965759767,0.03052
5,3,22,rank,monte_carlo,100000,20260920,0.4258241758241758,42684,0,0,0,0,0,0.000038414524267635735,0,0,0.0000899928376795701,0
5,3,23,rank,monte_carlo,100000,20260920,0.3795225782620741,37895,0,0,0,0,0,0.000038414524267635735,0,0,0.00010136457574471089,0
5,3,24,rank,monte_carlo,100000,20260920,0.32663680856958166,32862,2618,0.02467,0.00153,0.02618,0.025208406379209906,0.027187996760567077,0.07966648408496135,0.07678772213464731,0.08264350934795071,0.03175
5,3,25,rank,monte_carlo,100000,20260920,0.28624680641487366,28730,0,0,0,0,0,0.000038414524267635735,0,0,0.00013369601090861444,0
5,3,26,rank,monte_carlo,100000,20260920,0.2382322159633084,24099,0,0,0,0,0,0.000038414524267635735,0,0,0.0001593836968998709,0
5,3,27,rank,monte_carlo,100000,20260920,0.20330593775971928,20449,2562,0.02396,0.0017,0.02562,0.024658785744571383,0.02661766041947278,0.12528730011247494,0.12082016988923674,0.12989519281126935,0.03108
5,3,28,rank,monte_carlo,100000,20260920,0.1606796564779758,16140,0,0,0,0,0,0.000038414524267635735,0,0,0.00023796070942618761,0
5,3,29,rank,monte_carlo,100000,20260920,0.13232985501893066,13506,2463,0.02463,0,0.02463,0.023687438791146386,0.02560908343365582,0.18236339404709018,0.17594160598644115,0.18896582564473352,0.0299
5,3,30,rank,monte_carlo,100000,20260920,0.16263736263736264,16423,5115,0.04438,0.00688,0.05115,0.049801703846002784,0.05253278087243228,0.3114534494306765,0.3044156286166087,0.3185794576694854,0.06653
5,3,31,rank,monte_carlo,100000,20260920,0,0,0,0,0,0,0,0.000038414524267635735,,,,0
5,3,32,rank,monte_carlo,100000,20260920,0,0,0,0,0,0,0,0.000038414524267635735,,,,0
5,3,33,rank,monte_carlo,100000,20260920,0,0,0,0,0,0,0,0.000038414524267635735,,,,0
5,3,34,rank,monte_carlo,100000,20260920,0,0,0,0,0,0,0,0.000038414524267635735,,,,0
5,3,35,rank,monte_carlo,100000,20260920,0,0,0,0,0,0,0,0.000038414524267635735,,,,0
5,3,36,rank,monte_carlo,100000,20260920,0,0,0,0,0,0,0,0.000038414524267635735,,,,0
5,3,37,rank,monte_carlo,100000,20260920,0,0,0,0,0,0,0,0.000038414524267635735,,,,0
5,3,38,rank,monte_carlo,100000,20260920,0,0,0,0,0,0,0,0.000038414524267635735,,,,0
5,3,39,rank,monte_carlo,100000,20260920,0,0,0,0,0,0,0,0.000038414524267635735,,,,0
5,3,40,rank,monte_carlo,100000,20260920,0,0,0,0,0,0,0,0.000038414524267635735,,,,0
5,3,41,rank,monte_carlo,100000,20260920,0,0,0,0,0,0,0,0.000038414524267635735,,,,0
5,3,42,rank,monte_carlo,100000,20260920,0,0,0,0,0,0,0,0.000038414524267635735,,,,0
5,3,43,rank,monte_carlo,100000,20260920,0,0,0,0,0,0,0,0.000038414524267635735,,,,0
5,3,44,rank,monte_carlo,100000,20260920,0,0,0,0,0,0,0,0.000038414524267635735,,,,0
5,3,45,rank,monte_carlo,100000,20260920,0,0,0,0,0,0,0,0.000038414524267635735,,,,0
5,3,46,rank,monte_carlo,100000,20260920,0,0,0,0,0,0,0,0.000038414524267635735,,,,0
5,3,47,rank,monte_carlo,100000,20260920,0,0,0,0,0,0,0,0.000038414524267635735,,,,0
5,3,48,rank,monte_carlo,100000,20260920,0,0,0,0,0,0,0,0.000038414524267635735,,,,0
5,3,49,rank,monte_carlo,100000,20260920,0,0,0,0,0,0,0,0.000038414524267635735,,,,0
5,3,50,rank,monte_carlo,100000,20260920,0,0,0,0,0,0,0,0.000038414524267635735,,,,0
5,4,2,rank,monte_carlo,100000,20260920,0,0,0,0,0,0,0,0.000038414524267635735,,,,0
5,4,3,rank,monte_carlo,100000,20260920,0,0,0,0,0,0,0,0.000038414524267635735,,,,0
5,4,4,rank,monte_carlo,100000,20260920,0.00001846892603195124,1,1,0,0.00001,0.00001,0.000001765202323777592,0.00005664855365337279,1,0.20654329147389294,1,0.00001
5,4,5,rank,monte_carlo,100000,20260920,0.00028165112198725645,27,0,0,0,0,0,0.000038414524267635735,0,6.938893903907228e-18,0.12455903714463581,0
5,4,6,rank,monte_carlo,100000,20260920,0.0009095946070735986,94,0,0,0,0,0,0.000038414524267635735,0,3.469446951953614e-18,0.03926346257624569,0
5,4,7,rank,monte_carlo,100000,20260920,0.002176255117431588,230,0,0,0,0,0,0.000038414524267635735,0,0,0.01642821465470643,0
5,4,8,rank,monte_carlo,100000,20260920,0.0041539692800197005,389,4,0,0.00004,0.00004,0.000015555073765297794,0.00010285637734039654,0.010282776349614395,0.004005769035412013,0.026137678094423522,0.00004
5,4,9,rank,monte_carlo,100000,20260920,0.0070151137378028135,637,0,0,0,0,0,0.000038414524267635735,0,0,0.005994617078541717,0
5,4,10,rank,monte_carlo,100000,20260920,0.011076738387662757,1101,410,0.0041,0,0.0041,0.0037225441575812054,0.004515555367587436,0.3723887375113533,0.3443221159567083,0.40134278297541,0.0047
5,4,11,rank,monte_carlo,100000,20260920,0.016272662911318375,1621,0,0,0,0,0,0.000038414524267635735,0,0,0.0023642920023711845,0
5,4,12,rank,monte_carlo,100000,20260920,0.023015359990149906,2217,4,0,0.00004,0.00004,0.000015555073765297794,0.00010285637734039654,0.0018042399639152007,0.0007018390947651312,0.004630193590501571,0.00004
5,4,13,rank,monte_carlo,100000,20260920,0.03197740634715425,3132,0,0,0,0,0,0.000038414524267635735,0,0,0.0012250618781254766,0
5,4,14,rank,monte_carlo,100000,20260920,0.04510881275587158,4365,392,0.00392,0,0.00392,0.0035512967010158944,0.004326816653381482,0.08980526918671249,0.08168033870674261,0.09865158268862224,0.00435
5,4,15,rank,monte_carlo,100000,20260920,0.05937913626989257,5795,0,0,0,0,0,0.000038414524267635735,0,0,0.0006624771402619447,0
5,4,16,rank,monte_carlo,100000,20260920,0.0772585957459907,7658,2,0,0.00002,0.00002,0.000005484623709886815,0.00007292836397677822,0.00026116479498563595,0.00007162222938889159,0.0009518392840937154,0.00002
5,4,17,rank,monte_carlo,100000,20260920,0.09476559854711115,9360,0,0,0,0,0,0.000038414524267635735,0,0,0.0004102589689257451,0
5,4,18,rank,monte_carlo,100000,20260920,0.114896727921938,11364,375,0.00375,0,0.00375,0.0033897511097290504,0.004148375305606578,0.03299894403379092,0.02986914115217919,0.036444379613275506,0.00427
5,4,19,rank,monte_carlo,100000,20260920,0.1339997537476529,13322,0,0,0,0,0,0.000038414524267635735,0,0,0.0002882819798788543,0
5,4,20,rank,monte_carlo,100000,20260920,0.1543171114599686,15311,2,0,0.00002,0.00002,0.000005484623709886815,0.00007292836397677822,0.00013062504082032525,0.00003582207878849748,0.0004762041115444147,0.00002
5,4,21,rank,monte_carlo,100000,20260920,0.1725197771416259,17062,0,0,0,0,0,0.000038414524267635735,0,0,0.00022510463240207266,0
5,4,22,rank,monte_carlo,100000,20260920,0.19713885554221688,19377,391,0.00391,0,0.00391,0.003541788838551167,0.004316325284136695,0.02017856221293286,0.01829173771026829,0.02225560363944895,0.00448
5,4,23,rank,monte_carlo,100000,20260920,0.21735001692984887,21710,0,0,0,0,0,0.000038414524267635735,0,0,0.000176919407941154,0
5,4,24,rank,monte_carlo,100000,20260920,0.2289561978637609,22926,2,0,0.00002,0.00002,0.000005484623709886815,0.00007292836397677822,0.00008723719794120213,0.00002392341146191087,0.00031805888988987866,0.00002
5,4,25,rank,monte_carlo,100000,20260920,0.23765967925631792,23692,0,0,0,0,0,0.000038414524267635735,0,0,0.00016212127278906186,0
5,4,26,rank,monte_carlo,100000,20260920,0.23831840428479084,23700,394,0.00394,0,0.00394,0.0035703143217710905,0.004347797496045316,0.01662447257383966,0.015073205125798678,0.018332418036988568,0.00456
5,4,27,rank,monte_carlo,100000,20260920,0.23716101825345523,24058,0,0,0,0,0,0.000038414524267635735,0,0,0.00015965527759105518,0
5,4,28,rank,monte_carlo,100000,20260920,0.22936867054514112,22950,1,0,0.00001,0.00001,0.000001765202323777592,0.00005664855365337279,0.000043572984749455335,0.000007691545298072001,0.00024680180277835627,0.00001
5,4,29,rank,monte_carlo,100000,20260920,0.22041585865115276,21946,0,0,0,0,0,0.000038414524267635735,0,0,0.00017501720832463773,0
5,4,30,rank,monte_carlo,100000,20260920,0.20581309446855664,20647,432,0.00432,0,0.00432,0.003932105924431904,0.004745976698346059,0.020923136533152517,0.01905809306448661,0.02296642181049069,0.00494
5,4,31,rank,monte_carlo,100000,20260920,0.20431249422846062,20566,0,0,0,0,0,0.000038414524267635735,0,0,0.00018675885185231566,0
5,4,32,rank,monte_carlo,100000,20260920,0.17028195893742112,17095,1,0,0.00001,0.00001,0.000001765202323777592,0.00005664855365337279,0.000058496636443404506,0.000010325901729945833,0.0003313112767792697,0.00001
5,4,33,rank,monte_carlo,100000,20260920,0.14377751100440175,14511,0,0,0,0,0,0.000038414524267635735,0,0,0.0002646670288155263,0
5,4,34,rank,monte_carlo,100000,20260920,0.11635269492412349,11792,421,0.00421,0,0.00421,0.003827290615702189,0.004630800458271113,0.03570217096336499,0.03250151295296549,0.03920524852134933,0.00478
5,4,35,rank,monte_carlo,100000,20260920,0.09578446763320712,9507,0,0,0,0,0,0.000038414524267635735,0,0,0.0004039179876573698,0
5,4,36,rank,monte_carlo,100000,20260920,0.07394957983193277,7598,2,0,0.00002,0.00002,0.000005484623709886815,0.00007292836397677822,0.00026322716504343247,0.00007218784013774852,0.0009593516752344213,0.00002
5,4,37,rank,monte_carlo,100000,20260920,0.0590020623634069,5982,457,0.00457,0,0.00457,0.004170565104185538,0.005007498311330292,0.07639585422935473,0.06993290432730442,0.08340252639976325,0.00519
5,4,38,rank,monte_carlo,100000,20260920,0.04201680672268908,4256,0,0,0,0,0,0.000038414524267635735,0,0,0.0009018175699302999,0
5,4,39,rank,monte_carlo,100000,20260920,0.03167420814479638,3248,430,0.0043,0,0.0043,0.003913043593727063,0.00472504056563187,0.13238916256157635,0.12116658102367854,0.14448030657379854,0.00495
5,4,40,rank,monte_carlo,100000,20260920,0.02689075630252101,2750,466,0.00455,0.00011,0.00466,0.0042564888286695055,0.005101567672231955,0.16945454545454544,0.15589623854294188,0.18393507201609677,0.00531
5,4,41,rank,monte_carlo,100000,20260920,0,0,0,0,0,0,0,0.000038414524267635735,,,,0
5,4,42,rank,monte_carlo,100000,20260920,0,0,0,0,0,0,0,0.000038414524267635735,,,,0
5,4,43,rank,monte_carlo,100000,20260920,0,0,0,0,0,0,0,0.000038414524267635735,,,,0
5,4,44,rank,monte_carlo,100000,20260920,0,0,0,0,0,0,0,0.000038414524267635735,,,,0
5,4,45,rank,monte_carlo,100000,20260920,0,0,0,0,0,0,0,0.000038414524267635735,,,,0
5,4,46,rank,monte_carlo,100000,20260920,0,0,0,0,0,0,0,0.000038414524267635735,,,,0
5,4,47,rank,monte_carlo,100000,20260920,0,0,0,0,0,0,0,0.000038414524267635735,,,,0
5,4,48,rank,monte_carlo,100000,20260920,0,0,0,0,0,0,0,0.000038414524267635735,,,,0
5,4,49,rank,monte_carlo,100000,20260920,0,0,0,0,0,0,0,0.000038414524267635735,,,,0
5,4,50,rank,monte_carlo,100000,20260920,0,0,0,0,0,0,0,0.000038414524267635735,,,,0
5,5,2,rank,monte_carlo,100000,20260920,0,0,0,0,0,0,0,0.000038414524267635735,,,,0
5,5,3,rank,monte_carlo,100000,20260920,0,0,0,0,0,0,0,0.000038414524267635735,,,,0
5,5,4,rank,monte_carlo,100000,20260920,0,0,0,0,0,0,0,0.000038414524267635735,,,,0
5,5,5,rank,monte_carlo,100000,20260920,0,0,0,0,0,0,0,0.000038414524267635735,,,,0
5,5,6,rank,monte_carlo,100000,20260920,0.0000015390771693292702,0,0,0,0,0,0,0.000038414524267635735,,,,0
5,5,7,rank,monte_carlo,100000,20260920,0.000010773540185304892,0,0,0,0,0,0,0.000038414524267635735,,,,0
5,5,8,rank,monte_carlo,100000,20260920,0.00003539877489457321,4,0,0,0,0,0,0.000038414524267635735,0,0,0.48990002040399916,0
5,5,9,rank,monte_carlo,100000,20260920,0.00009234463015975621,12,0,0,0,0,0,0.000038414524267635735,0,0,0.2425007574992425,0
5,5,10,rank,monte_carlo,100000,20260920,0.0001862283374888417,18,0,0,0,0,0,0.000038414524267635735,0,0,0.1758845505823749,0
5,5,11,rank,monte_carlo,100000,20260920,0.00035398774894573214,39,0,0,0,0,0,0.000038414524267635735,0,0,0.08966985360023902,0
5,5,12,rank,monte_carlo,100000,20260920,0.0005971619416997568,60,0,0,0,0,0,0.000038414524267635735,0,0,0.06017393047793289,0
5,5,13,rank,monte_carlo,100000,20260920,0.0009588450764921353,101,0,0,0,0,0,0.000038414524267635735,0,0,0.03664194365595336,0
5,5,14,rank,monte_carlo,100000,20260920,0.0014559670021854895,133,0,0,0,0,0,0.000038414524267635735,0,0,0.028073334424619414,0
5,5,15,rank,monte_carlo,100000,20260920,0.0022024194293101857,193,35,0.00035,0,0.00035,0.00025168305019293775,0.0004867045839077106,0.18134715025906736,0.13338065096184465,0.24175143493869666,0.00035
5,5,16,rank,monte_carlo,100000,20260920,0.0032105149752208574,302,0,0,0,0,0,0.000038414524267635735,0,0,0.012560750401515034,0
5,5,17,rank,monte_carlo,100000,20260920,0.004612614276479823,453,0,0,0,0,0,0.000038414524267635735,0,0,0.008409041558386975,0
5,5,18,rank,monte_carlo,100000,20260920,0.006356388709329886,610,0,0,0,0,0,0.000038414524267635735,0,0,0.006258292041464768,0
5,5,19,rank,monte_carlo,100000,20260920,0.00852033120940684,795,0,0,0,0,0,0.000038414524267635735,0,0,0.004808963378972753,0
5,5,20,rank,monte_carlo,100000,20260920,0.011138301474435928,1129,39,0.00039,0,0.00039,0.0002853207129292147,0.0005330638480094922,0.03454384410983171,0.025371115925733607,0.04687340616808781,0.00039
5,5,21,rank,monte_carlo,100000,20260920,0.014124111182934712,1367,0,0,0,0,0,0.000038414524267635735,0,0,0.002802366079348628,0
5,5,22,rank,monte_carlo,100000,20260920,0.017539323421676363,1817,0,0,0,0,0,0.000038414524267635735,0,0,0.0021097936251017113,0
5,5,23,rank,monte_carlo,100000,20260920,0.021436266814418074,2134,0,0,0,0,0,0.000038414524267635735,0,0,0.0017969525899393104,0
5,5,24,rank,monte_carlo,100000,20260920,0.026010404161664665,2497,0,0,0,0,0,0.000038414524267635735,0,0,0.0015361228795938136,0
5,5,25,rank,monte_carlo,100000,20260920,0.03055683811986333,3038,33,0.00033,0,0.00033,0.000234997204578234,0.0004633919661033851,0.010862409479921,0.00774505568113772,0.015215245736266786,0.00033
5,5,26,rank,monte_carlo,100000,20260920,0.03555883892018346,3500,0,0,0,0,0,0.000038414524267635735,0,1.0842021724855044e-19,0.001096396595097221,0
5,5,27,rank,monte_carlo,100000,20260920,0.03994213069843322,4045,0,0,0,0,0,0.000038414524267635735,0,0,0.0009488145942780275,0
5,5,28,rank,monte_carlo,100000,20260920,0.04444854865022932,4413,0,0,0,0,0,0.000038414524267635735,0,0,0.0008697617772844739,0
5,5,29,rank,monte_carlo,100000,20260920,0.04816849816849817,4791,0,0,0,0,0,0.000038414524267635735,0,0,0.0008011943501950095,0
5,5,30,rank,monte_carlo,100000,20260920,0.05157909317573183,5095,28,0.00028,0,0.00028,0.00019373769447967064,0.0004046553176543752,0.00549558390578999,0.0038050103386192222,0.007931302474079254,0.00028
5,5,31,rank,monte_carlo,100000,20260920,0.0539538892480069,5357,0,0,0,0,0,0.000038414524267635735,0,0,0.000716603900402504,0
5,5,32,rank,monte_carlo,100000,20260920,0.05653646073814141,5543,0,0,0,0,0,0.000038414524267635735,0,0,0.0006925743111178801,0
5,5,33,rank,monte_carlo,100000,20260920,0.05743374272786037,5935,0,0,0,0,0,0.000038414524267635735,0,0,0.0006468601553542023,0
5,5,34,rank,monte_carlo,100000,20260920,0.056862745098039215,5689,0,0,0,0,0,0.000038414524267635735,0,0,0.0006748123819218859,0
5,5,35,rank,monte_carlo,100000,20260920,0.05528211284513806,5508,34,0.00034,0,0.00034,0.00024332826620375529,0.0004750601361873785,0.006172839506172839,0.0044207880317419235,0.008613258519958691,0.00034
5,5,36,rank,monte_carlo,100000,20260920,0.0524609843937575,5232,0,0,0,0,0,0.000038414524267635735,0,0,0.0007337120359026903,0
5,5,37,rank,monte_carlo,100000,20260920,0.04905192846369317,5065,0,0,0,0,0,0.000038414524267635735,0,0,0.000757885194124038,0
5,5,38,rank,monte_carlo,100000,20260920,0.044953365961769326,4534,0,0,0,0,0,0.000038414524267635735,0,0,0.00084656987586345,0
5,5,39,rank,monte_carlo,100000,20260920,0.04046849509034383,3991,0,0,0,0,0,0.000038414524267635735,0,0,0.0009616401311130834,0
5,5,40,rank,monte_carlo,100000,20260920,0.03560962846677133,3530,40,0.0004,0,0.0004,0.00029378060389919844,0.0005446031887490232,0.0113314447592068,0.008332670197833549,0.01539267165110501,0.0004
5,5,41,rank,monte_carlo,100000,20260920,0.031618801366700526,3129,0,0,0,0,0,0.000038414524267635735,0,0,0.0012262349938151995,0
5,5,42,rank,monte_carlo,100000,20260920,0.025214701265121434,2593,0,0,0,0,0,0.000038414524267635735,0,0,0.0014793355128013969,0
5,5,43,rank,monte_carlo,100000,20260920,0.020221934927817282,2085,0,0,0,0,0,0.000038414524267635735,0,0,0.0018391054640045468,0
5,5,44,rank,monte_carlo,100000,20260920,0.015558531104749591,1586,41,0.00041,0,0.00041,0.0003022592010523748,0.0005561238233053616,0.025851197982345524,0.019112541849049994,0.034881264829552464,0.00041
5,5,45,rank,monte_carlo,100000,20260920,0.012010958229445624,1245,0,0,0,0,0,0.000038414524267635735,0,0,0.003076130711853289,0
5,5,46,rank,monte_carlo,100000,20260920,0.008655770000307815,875,0,0,0,0,0,0.000038414524267635735,0,4.336808689942018e-19,0.0043712086455625215,0
5,5,47,rank,monte_carlo,100000,20260920,0.006433342567796349,640,40,0.0004,0,0.0004,0.00029378060389919844,0.0005446031887490232,0.0625,0.046231209526641184,0.08398963982512485,0.0004
5,5,48,rank,monte_carlo,100000,20260920,0.004093945270415859,436,0,0,0,0,0,0.000038414524267635735,0,0,0.008734053350115132,0
5,5,49,rank,monte_carlo,100000,20260920,0.0028011204481792717,305,46,0.00046,0,0.00046,0.0003449108028451565,0.0006134683800601531,0.15081967213114755,0.11501415428306705,0.1953119157800332,0.00046
5,5,50,rank,monte_carlo,100000,20260920,0.0016806722689075631,176,0,0,0,0,0,0.000038414524267635735,0,1.734723475976807e-18,0.021361019919751596,0
5,any_2_to_5,2,rank,monte_carlo,100000,20260920,0.04168436605411395,4033,4033,0,0.04033,0.04033,0.039128195826514015,0.04156712018222619,1,0.9990483649395605,0.9999999999999998,0.04368
5,any_2_to_5,3,rank,monte_carlo,100000,20260920,0.1016514298026903,10134,10134,0.09995,0.00166,0.10134,0.09948484564810844,0.10322578302038063,1,0.999621063323775,1,0.12235
5,any_2_to_5,4,rank,monte_carlo,100000,20260920,0.14771600948071537,14637,4177,0,0.04177,0.04177,0.04054749726897769,0.043027708105932636,0.2853726856596297,0.278113705175482,0.29274429796007534,0.04545
5,any_2_to_5,5,rank,monte_carlo,100000,20260920,0.20955920829870409,20826,9987,0.09987,0,0.09987,0.098026998481922,0.10174374312526843,0.47954479976951886,0.472764047639015,0.48633309691152254,0.12038
5,any_2_to_5,6,rank,monte_carlo,100000,20260920,0.25793086465355375,25527,6465,0.02381,0.04227,0.06465,0.06314251233810717,0.06619093518817268,0.2532612527911623,0.24796376848941318,0.2586329901540621,0.07528
5,any_2_to_5,7,rank,monte_carlo,100000,20260920,0.3213316095669037,31896,9942,0.09942,0,0.09942,0.09758074345691999,0.10129003272334229,0.3117005267118134,0.30664016199568556,0.3168062440830205,0.11956
5,any_2_to_5,8,rank,monte_carlo,100000,20260920,0.37344322344322345,37089,4137,0,0.04137,0.04137,0.04015320576644802,0.04262203034008171,0.11154250586427243,0.10837880164026968,0.11478667296170848,0.04465
5,any_2_to_5,9,rank,monte_carlo,100000,20260920,0.4357712315695509,43248,12092,0.11904,0.00198,0.12092,0.11891376710141029,0.12295535725430849,0.2795967443581206,0.2753865937042175,0.28384604715517203,0.15038
5,any_2_to_5,10,rank,monte_carlo,100000,20260920,0.4907563025210084,48791,4677,0.0041,0.04267,0.04677,0.045478624446170145,0.04809619678349749,0.09585784263491218,0.09327729764954511,0.09850202354821037,0.05113
5,any_2_to_5,11,rank,monte_carlo,100000,20260920,0.6486840890202235,64780,9918,0.09918,0,0.09918,0.0973427455605327,0.10104804905870123,0.15310280950910776,0.15035043288217229,0.155896327266735,0.12016
5,any_2_to_5,12,rank,monte_carlo,100000,20260920,0.654440237633515,65052,6710,0.02323,0.04404,0.0671,0.06556584494769276,0.0686674143474182,0.10314825063026502,0.10083432286051938,0.1055090472327821,0.07554
5,any_2_to_5,13,rank,monte_carlo,100000,20260920,0.6679333271770247,66599,10021,0.10021,0,0.10021,0.09836417666862274,0.10208653881669119,0.1504677247406117,0.14777248881976326,0.15320328215995418,0.12117
5,any_2_to_5,14,rank,monte_carlo,100000,20260920,0.6722058053990827,67005,4540,0.00392,0.04148,0.0454,0.04412705792433095,0.04670786856113319,0.06775613760167151,0.06587779913144705,0.06968403693527282,0.04882
5,any_2_to_5,15,rank,monte_carlo,100000,20260920,0.6768399667559332,67474,12587,0.12406,0.00185,0.12587,0.1238284460671724,0.1279402979847561,0.1865459288022053,0.18362448107418256,0.18950306721420257,0.15188
5,any_2_to_5,16,rank,monte_carlo,100000,20260920,0.6793686705451412,67887,4183,0,0.04183,0.04183,0.04060664367423285,0.04308855709093455,0.061617099002754576,0.05983293232550322,0.06345087743065687,0.04492
5,any_2_to_5,17,rank,monte_carlo,100000,20260920,0.679694954905039,67973,10041,0.10041,0,0.10041,0.09856251987025554,0.1022881802492487,0.1477204184014241,0.1450728603504765,0.1504077934608945,0.12125
5,any_2_to_5,18,rank,monte_carlo,100000,20260920,0.6740665496968018,67197,7026,0.02686,0.04355,0.07026,0.06869232236477929,0.07186069415053828,0.10455823920710745,0.10226725047414746,0.10689443954849652,0.08006
5,any_2_to_5,19,rank,monte_carlo,100000,20260920,0.6657155169760212,66475,10239,0.10239,0,0.10239,0.10052623977314075,0.10428430822484737,0.15402783001128242,0.15130370002366,0.15679194525304707,0.12316
5,any_2_to_5,20,rank,monte_carlo,100000,20260920,0.8771400868039524,87941,36397,0.25619,0.16364,0.36397,0.3609931407142032,0.3669573103412691,0.4138797602938334,0.4106282925644272,0.41713875181899246,0.54884
5,any_2_to_5,21,rank,monte_carlo,100000,20260920,0.6033013205282113,60311,2532,0.02384,0.00148,0.02532,0.024364396523521892,0.02631207268923683,0.04198239127190728,0.040410765901598186,0.0436123611690033,0.03052
5,any_2_to_5,22,rank,monte_carlo,100000,20260920,0.5805768461230646,58036,391,0.00391,0,0.00391,0.003541788838551167,0.004316325284136695,0.0067371976014887315,0.006103520359169064,0.0074361720027756335,0.00448
5,any_2_to_5,23,rank,monte_carlo,100000,20260920,0.5608889709730046,56039,0,0,0,0,0,0.000038414524267635735,0,0,0.00006854755915874187,0
5,any_2_to_5,24,rank,monte_carlo,100000,20260920,0.5314202604118571,53154,2620,0.02467,0.00155,0.0262,0.025228037916536872,0.027208363686659142,0.04929074011363209,0.04748276471881179,0.05116385903725885,0.03177
5,any_2_to_5,25,rank,monte_carlo,100000,20260920,0.5066657432203651,50661,33,0.00033,0,0.00033,0.000234997204578234,0.0004633919661033851,0.0006513886421507668,0.00046388000932276745,0.0009146222773596009,0.00033
5,any_2_to_5,26,rank,monte_carlo,100000,20260920,0.47395265798627145,47507,394,0.00394,0,0.00394,0.0035703143217710905,0.004347797496045316,0.008293514639947798,0.007516810450895332,0.009149734980284744,0.00456
5,any_2_to_5,27,rank,monte_carlo,100000,20260920,0.44480099732200573,44917,2562,0.02396,0.0017,0.02562,0.024658785744571383,0.02661766041947278,0.05703853774740076,0.05493140107710345,0.059221437947176964,0.03108
5,any_2_to_5,28,rank,monte_carlo,100000,20260920,0.40898513251454427,40956,1,0,0.00001,0.00001,0.000001765202323777592,0.00005664855365337279,0.0000244164469186444,0.000004310004560822034,0.0001383077344687156,0.00001
5,any_2_to_5,29,rank,monte_carlo,100000,20260920,0.378012743558962,37923,2463,0.02463,0,0.02463,0.023687438791146386,0.02560908343365582,0.0649473934024207,0.06251089736654666,0.06747202217083978,0.0299
5,any_2_to_5,30,rank,monte_carlo,100000,20260920,0.40494659402222427,40689,5575,0.04898,0.00688,0.05575,0.054344917199507556,0.05718921410530424,0.13701491803681584,0.13370796246865824,0.14039040868072838,0.07175
5,any_2_to_5,31,rank,monte_carlo,100000,20260920,0.2582663834764675,25923,0,0,0,0,0,0.000038414524267635735,0,0,0.00014817076677785544,0
5,any_2_to_5,32,rank,monte_carlo,100000,20260920,0.22681841967556254,22638,1,0,0.00001,0.00001,0.000001765202323777592,0.00005664855365337279,0.000044173513561268665,0.000007797551801755988,0.00025020266316309035,0.00001
5,any_2_to_5,33,rank,monte_carlo,100000,20260920,0.20121125373226215,20446,0,0,0,0,0,0.000038414524267635735,0,0,0.00018785475580407427,0
5,any_2_to_5,34,rank,monte_carlo,100000,20260920,0.17321544002216271,17481,421,0.00421,0,0.00421,0.003827290615702189,0.004630800458271113,0.02408329042960929,0.0219130250606462,0.026462683415889268,0.00478
5,any_2_to_5,35,rank,monte_carlo,100000,20260920,0.15106658047834517,15015,34,0.00034,0,0.00034,0.00024332826620375529,0.0004750601361873785,0.0022644022644022644,0.001620938118348028,0.0031624933814555257,0.00034
5,any_2_to_5,36,rank,monte_carlo,100000,20260920,0.12641056422569028,12830,2,0,0.00002,0.00002,0.000005484623709886815,0.00007292836397677822,0.0001558846453624318,0.00004274933845972278,0.0005682602286211113,0.00002
5,any_2_to_5,37,rank,monte_carlo,100000,20260920,0.10805399082710007,11047,457,0.00457,0,0.00457,0.004170565104185538,0.005007498311330292,0.04136869738390513,0.03781175104322559,0.04524451138659694,0.00519
5,any_2_to_5,38,rank,monte_carlo,100000,20260920,0.0869701726844584,8790,0,0,0,0,0,0.000038414524267635735,0,0,0.0004368511709376252,0
5,any_2_to_5,39,rank,monte_carlo,100000,20260920,0.07214270323514022,7239,430,0.0043,0,0.0043,0.003913043593727063,0.00472504056563187,0.05940046967813234,0.054185390622412684,0.06508293632815874,0.00495
5,any_2_to_5,40,rank,monte_carlo,100000,20260920,0.06250038476929233,6280,506,0.00495,0.00011,0.00506,0.004638836292279423,0.005519189477002624,0.08057324840764331,0.07409505279416687,0.08756427356440971,0.00571
5,any_2_to_5,41,rank,monte_carlo,100000,20260920,0.031618801366700526,3129,0,0,0,0,0,0.000038414524267635735,0,0,0.0012262349938151995,0
5,any_2_to_5,42,rank,monte_carlo,100000,20260920,0.025214701265121434,2593,0,0,0,0,0,0.000038414524267635735,0,0,0.0014793355128013969,0
5,any_2_to_5,43,rank,monte_carlo,100000,20260920,0.020221934927817282,2085,0,0,0,0,0,0.000038414524267635735,0,0,0.0018391054640045468,0
5,any_2_to_5,44,rank,monte_carlo,100000,20260920,0.015558531104749591,1586,41,0.00041,0,0.00041,0.0003022592010523748,0.0005561238233053616,0.025851197982345524,0.019112541849049994,0.034881264829552464,0.00041
5,any_2_to_5,45,rank,monte_carlo,100000,20260920,0.012010958229445624,1245,0,0,0,0,0,0.000038414524267635735,0,0,0.003076130711853289,0
5,any_2_to_5,46,rank,monte_carlo,100000,20260920,0.008655770000307815,875,0,0,0,0,0,0.000038414524267635735,0,4.336808689942018e-19,0.0043712086455625215,0
5,any_2_to_5,47,rank,monte_carlo,100000,20260920,0.006433342567796349,640,40,0.0004,0,0.0004,0.00029378060389919844,0.0005446031887490232,0.0625,0.046231209526641184,0.08398963982512485,0.0004
5,any_2_to_5,48,rank,monte_carlo,100000,20260920,0.004093945270415859,436,0,0,0,0,0,0.000038414524267635735,0,0,0.008734053350115132,0
5,any_2_to_5,49,rank,monte_carlo,100000,20260920,0.0028011204481792717,305,46,0.00046,0,0.00046,0.0003449108028451565,0.0006134683800601531,0.15081967213114755,0.11501415428306705,0.1953119157800332,0.00046
5,any_2_to_5,50,rank,monte_carlo,100000,20260920,0.0016806722689075631,176,0,0,0,0,0,0.000038414524267635735,0,1.734723475976807e-18,0.021361019919751596,0
5,2,2,value,exact,,,0.04168436605411395,,,0,0.04168436605411395,0.04168436605411395,,,1,,,0.04524886877828054
5,2,3,value,exact,,,0.1001785329516422,,,0.1001785329516422,0,0.1001785329516422,,,1,,,0.12066365007541478
5,2,4,value,exact,,,0.14024994613229907,,,0,0.04168436605411395,0.04168436605411395,,,0.29721484537892584,,,0.04524886877828054
5,2,5,value,exact,,,0.1962200264721273,,,0.1001785329516422,0,0.1001785329516422,,,0.510541837919242,,,0.12066365007541478
5,2,6,value,exact,,,0.23467848677932712,,,0,0.04168436605411395,0.04168436605411395,,,0.17762329485834205,,,0.04524886877828054
5,2,7,value,exact,,,0.28812448056145534,,,0.1001785329516422,0,0.1001785329516422,,,0.34769184748352083,,,0.12066365007541478
5,2,8,value,exact,,,0.3249699879951981,,,0,0.04168436605411395,0.04168436605411395,,,0.12827143303685598,,,0.04524886877828054
5,2,9,value,exact,,,0.3758918952196263,,,0.1001785329516422,0,0.1001785329516422,,,0.26650889318353044,,,0.12066365007541478
5,2,10,value,exact,,,0.41112444977991197,,,0,0.04168436605411395,0.04168436605411395,,,0.10139111423907997,,,0.04524886877828054
5,2,11,value,exact,,,0.5927417120694431,,,0.1001785329516422,0,0.1001785329516422,,,0.16900874514447145,,,0.12066365007541478
5,2,12,value,exact,,,0.5504386369932588,,,0,0.04168436605411395,0.04168436605411395,,,0.07572936064556177,,,0.04524886877828054
5,2,13,value,exact,,,0.5191584326038108,,,0.1001785329516422,0,0.1001785329516422,,,0.192963316514387,,,0.12066365007541478
5,2,14,value,exact,,,0.47433127096992644,,,0,0.04168436605411395,0.04168436605411395,,,0.08788028242134772,,,0.04524886877828054
5,2,15,value,exact,,,0.4414381137070213,,,0.1001785329516422,0,0.1001785329516422,,,0.22693675475908234,,,0.12066365007541478
5,2,16,value,exact,,,0.3940868655154369,,,0,0.04168436605411395,0.04168436605411395,,,0.10577456317807962,,,0.04524886877828054
5,2,17,value,exact,,,0.3595807553790747,,,0.1001785329516422,0,0.1001785329516422,,,0.2785981492419768,,,0.12066365007541478
5,2,18,value,exact,,,0.3097054206297904,,,0,0.04168436605411395,0.04168436605411395,,,0.13459359532470627,,,0.04524886877828054
5,2,19,value,exact,,,0.2735863576199711,,,0.2735863576199711,0,0.2735863576199711,,,1,,,0.48265460030165913
5,2,20,value,exact,,,0.49230769230769234,,,0,0.49230769230769234,0.49230769230769234,,,1,,,0.9049773755656109
5,2,21,value,exact,,,0,,,0,0,0,,,,,,0
5,2,22,value,exact,,,0,,,0,0,0,,,,,,0
5,2,23,value,exact,,,0,,,0,0,0,,,,,,0
5,2,24,value,exact,,,0,,,0,0,0,,,,,,0
5,2,25,value,exact,,,0,,,0,0,0,,,,,,0
5,2,26,value,exact,,,0,,,0,0,0,,,,,,0
5,2,27,value,exact,,,0,,,0,0,0,,,,,,0
5,2,28,value,exact,,,0,,,0,0,0,,,,,,0
5,2,29,value,exact,,,0,,,0,0,0,,,,,,0
5,2,30,value,exact,,,0,,,0,0,0,,,,,,0
5,2,31,value,exact,,,0,,,0,0,0,,,,,,0
5,2,32,value,exact,,,0,,,0,0,0,,,,,,0
5,2,33,value,exact,,,0,,,0,0,0,,,,,,0
5,2,34,value,exact,,,0,,,0,0,0,,,,,,0
5,2,35,value,exact,,,0,,,0,0,0,,,,,,0
5,2,36,value,exact,,,0,,,0,0,0,,,,,,0
5,2,37,value,exact,,,0,,,0,0,0,,,,,,0
5,2,38,value,exact,,,0,,,0,0,0,,,,,,0
5,2,39,value,exact,,,0,,,0,0,0,,,,,,0
5,2,40,value,exact,,,0,,,0,0,0,,,,,,0
5,2,41,value,exact,,,0,,,0,0,0,,,,,,0
5,2,42,value,exact,,,0,,,0,0,0,,,,,,0
5,2,43,value,exact,,,0,,,0,0,0,,,,,,0
5,2,44,value,exact,,,0,,,0,0,0,,,,,,0
5,2,45,value,exact,,,0,,,0,0,0,,,,,,0
5,2,46,value,exact,,,0,,,0,0,0,,,,,,0
5,2,47,value,exact,,,0,,,0,0,0,,,,,,0
5,2,48,value,exact,,,0,,,0,0,0,,,,,,0
5,2,49,value,exact,,,0,,,0,0,0,,,,,,0
5,2,50,value,exact,,,0,,,0,0,0,,,,,,0
5,3,2,value,exact,,,0,,,0,0,0,,,,,,0
5,3,3,value,exact,,,0.001754547973035368,,,0,0.001754547973035368,0.001754547973035368,,,1,,,0.0018099547511312218
5,3,4,value,exact,,,0.00963616215717056,,,0,0,0,,,0,,,0
5,3,5,value,exact,,,0.019216917536245267,,,0,0,0,,,0,,,0
5,3,6,value,exact,,,0.03509865484655401,,,0.023880321359312957,0.001754547973035368,0.025610244097639057,,,0.7296645472484105,,,0.03076923076923077
5,3,7,value,exact,,,0.0522347400498661,,,0,0,0,,,0,,,0
5,3,8,value,exact,,,0.07533321020715979,,,0,0,0,,,0,,,0
5,3,9,value,exact,,,0.09983531874288176,,,0.023880321359312957,0.001754547973035368,0.025610244097639057,,,0.25652488938905765,,,0.03076923076923077
5,3,10,value,exact,,,0.12981808107858528,,,0,0,0,,,0,,,0
5,3,11,value,exact,,,0.1612106381013944,,,0,0,0,,,0,,,0
5,3,12,value,exact,,,0.21562932865453874,,,0.023880321359312957,0.001754547973035368,0.025610244097639057,,,0.11876976224634733,,,0.03076923076923077
5,3,13,value,exact,,,0.2670191153384431,,,0,0,0,,,0,,,0
5,3,14,value,exact,,,0.30719980299812233,,,0,0,0,,,0,,,0
5,3,15,value,exact,,,0.34465478499091945,,,0.023880321359312957,0.001754547973035368,0.025610244097639057,,,0.07430694484138325,,,0.03076923076923077
5,3,16,value,exact,,,0.37102841136454584,,,0,0,0,,,0,,,0
5,3,17,value,exact,,,0.3950210853572198,,,0,0,0,,,0,,,0
5,3,18,value,exact,,,0.4061301443654385,,,0.023880321359312957,0.001754547973035368,0.025610244097639057,,,0.06305920516600412,,,0.03076923076923077
5,3,19,value,exact,,,0.4172145781389479,,,0,0,0,,,0,,,0
5,3,20,value,exact,,,0.4148859543817527,,,0,0,0,,,0,,,0
5,3,21,value,exact,,,0.48216055653030443,,,0.023880321359312957,0.001754547973035368,0.025610244097639057,,,0.05311559344865121,,,0.03076923076923077
5,3,22,value,exact,,,0.4258241758241758,,,0,0,0,,,0,,,0
5,3,23,value,exact,,,0.3795225782620741,,,0,0,0,,,0,,,0
5,3,24,value,exact,,,0.32663680856958166,,,0.023880321359312957,0.001754547973035368,0.025610244097639057,,,0.07840587290144138,,,0.03076923076923077
5,3,25,value,exact,,,0.28624680641487366,,,0,0,0,,,0,,,0
5,3,26,value,exact,,,0.2382322159633084,,,0,0,0,,,0,,,0
5,3,27,value,exact,,,0.20330593775971928,,,0.07227506387170253,0.001754547973035368,0.07393111090590082,,,0.36364462209302323,,,0.11764705882352941
5,3,28,value,exact,,,0.1606796564779758,,,0,0,0,,,0,,,0
5,3,29,value,exact,,,0.13232985501893066,,,0,0,0,,,0,,,0
5,3,30,value,exact,,,0.16263736263736264,,,0,0.16263736263736264,0.16263736263736264,,,1,,,0.25339366515837103
5,3,31,value,exact,,,0,,,0,0,0,,,,,,0
5,3,32,value,exact,,,0,,,0,0,0,,,,,,0
5,3,33,value,exact,,,0,,,0,0,0,,,,,,0
5,3,34,value,exact,,,0,,,0,0,0,,,,,,0
5,3,35,value,exact,,,0,,,0,0,0,,,,,,0
5,3,36,value,exact,,,0,,,0,0,0,,,,,,0
5,3,37,value,exact,,,0,,,0,0,0,,,,,,0
5,3,38,value,exact,,,0,,,0,0,0,,,,,,0
5,3,39,value,exact,,,0,,,0,0,0,,,,,,0
5,3,40,value,exact,,,0,,,0,0,0,,,,,,0
5,3,41,value,exact,,,0,,,0,0,0,,,,,,0
5,3,42,value,exact,,,0,,,0,0,0,,,,,,0
5,3,43,value,exact,,,0,,,0,0,0,,,,,,0
5,3,44,value,exact,,,0,,,0,0,0,,,,,,0
5,3,45,value,exact,,,0,,,0,0,0,,,,,,0
5,3,46,value,exact,,,0,,,0,0,0,,,,,,0
5,3,47,value,exact,,,0,,,0,0,0,,,,,,0
5,3,48,value,exact,,,0,,,0,0,0,,,,,,0
5,3,49,value,exact,,,0,,,0,0,0,,,,,,0
5,3,50,value,exact,,,0,,,0,0,0,,,,,,0
5,4,2,value,exact,,,0,,,0,0,0,,,,,,0
5,4,3,value,exact,,,0,,,0,0,0,,,,,,0
5,4,4,value,exact,,,0.00001846892603195124,,,0,0.00001846892603195124,0.00001846892603195124,,,1,,,0.00001846892603195124
5,4,5,value,exact,,,0.00028165112198725645,,,0,0,0,,,0,,,0
5,4,6,value,exact,,,0.0009095946070735986,,,0,0,0,,,0,,,0
5,4,7,value,exact,,,0.002176255117431588,,,0,0,0,,,0,,,0
5,4,8,value,exact,,,0.0041539692800197005,,,0,0.00001846892603195124,0.00001846892603195124,,,0.004446091144868469,,,0.00001846892603195124
5,4,9,value,exact,,,0.0070151137378028135,,,0,0,0,,,0,,,0
5,4,10,value,exact,,,0.011076738387662757,,,0.004137039431157078,0,0.004137039431157078,,,0.37348895373072116,,,0.004728045064179518
5,4,11,value,exact,,,0.016272662911318375,,,0,0,0,,,0,,,0
5,4,12,value,exact,,,0.023015359990149906,,,0,0.00001846892603195124,0.00001846892603195124,,,0.0008024608800320984,,,0.00001846892603195124
5,4,13,value,exact,,,0.03197740634715425,,,0,0,0,,,0,,,0
5,4,14,value,exact,,,0.04510881275587158,,,0.004137039431157078,0,0.004137039431157078,,,0.09171244327680918,,,0.004728045064179518
5,4,15,value,exact,,,0.05937913626989257,,,0,0,0,,,0,,,0
5,4,16,value,exact,,,0.0772585957459907,,,0,0.00001846892603195124,0.00001846892603195124,,,0.00023905334873899358,,,0.00001846892603195124
5,4,17,value,exact,,,0.09476559854711115,,,0,0,0,,,0,,,0
5,4,18,value,exact,,,0.114896727921938,,,0.004137039431157078,0,0.004137039431157078,,,0.0360065904920097,,,0.004728045064179518
5,4,19,value,exact,,,0.1339997537476529,,,0,0,0,,,0,,,0
5,4,20,value,exact,,,0.1543171114599686,,,0,0.00001846892603195124,0.00001846892603195124,,,0.00011968164681946024,,,0.00001846892603195124
5,4,21,value,exact,,,0.1725197771416259,,,0,0,0,,,0,,,0
5,4,22,value,exact,,,0.19713885554221688,,,0.004137039431157078,0,0.004137039431157078,,,0.020985408583094566,,,0.004728045064179518
5,4,23,value,exact,,,0.21735001692984887,,,0,0,0,,,0,,,0
5,4,24,value,exact,,,0.2289561978637609,,,0,0.00001846892603195124,0.00001846892603195124,,,0.00008066576141756631,,,0.00001846892603195124
5,4,25,value,exact,,,0.23765967925631792,,,0,0,0,,,0,,,0
5,4,26,value,exact,,,0.23831840428479084,,,0.004137039431157078,0,0.004137039431157078,,,0.017359294778649618,,,0.004728045064179518
5,4,27,value,exact,,,0.23716101825345523,,,0,0,0,,,0,,,0
5,4,28,value,exact,,,0.22936867054514112,,,0,0.00001846892603195124,0.00001846892603195124,,,0.00008052070053009461,,,0.00001846892603195124
5,4,29,value,exact,,,0.22041585865115276,,,0,0,0,,,0,,,0
5,4,30,value,exact,,,0.20581309446855664,,,0.004137039431157078,0,0.004137039431157078,,,0.02010095344924285,,,0.004728045064179518
5,4,31,value,exact,,,0.20431249422846062,,,0,0,0,,,0,,,0
5,4,32,value,exact,,,0.17028195893742112,,,0,0.00001846892603195124,0.00001846892603195124,,,0.0001084608501522971,,,0.00001846892603195124
5,4,33,value,exact,,,0.14377751100440175,,,0,0,0,,,0,,,0
5,4,34,value,exact,,,0.11635269492412349,,,0.014184135192538553,0,0.014184135192538553,,,0.1219063744229421,,,0.01891218025671807
5,4,35,value,exact,,,0.09578446763320712,,,0,0,0,,,0,,,0
5,4,36,value,exact,,,0.07394957983193277,,,0,0.00001846892603195124,0.00001846892603195124,,,0.00024975024975024975,,,0.00001846892603195124
5,4,37,value,exact,,,0.0590020623634069,,,0,0,0,,,0,,,0
5,4,38,value,exact,,,0.04201680672268908,,,0,0,0,,,0,,,0
5,4,39,value,exact,,,0.03167420814479638,,,0,0,0,,,0,,,0
5,4,40,value,exact,,,0.02689075630252101,,,0,0.02689075630252101,0.02689075630252101,,,1,,,0.03361344537815126
5,4,41,value,exact,,,0,,,0,0,0,,,,,,0
5,4,42,value,exact,,,0,,,0,0,0,,,,,,0
5,4,43,value,exact,,,0,,,0,0,0,,,,,,0
5,4,44,value,exact,,,0,,,0,0,0,,,,,,0
5,4,45,value,exact,,,0,,,0,0,0,,,,,,0
5,4,46,value,exact,,,0,,,0,0,0,,,,,,0
5,4,47,value,exact,,,0,,,0,0,0,,,,,,0
5,4,48,value,exact,,,0,,,0,0,0,,,,,,0
5,4,49,value,exact,,,0,,,0,0,0,,,,,,0
5,4,50,value,exact,,,0,,,0,0,0,,,,,,0
5,5,2,value,exact,,,0,,,0,0,0,,,,,,0
5,5,3,value,exact,,,0,,,0,0,0,,,,,,0
5,5,4,value,exact,,,0,,,0,0,0,,,,,,0
5,5,5,value,exact,,,0,,,0,0,0,,,,,,0
5,5,6,value,exact,,,0.0000015390771693292702,,,0,0,0,,,0,,,0
5,5,7,value,exact,,,0.000010773540185304892,,,0,0,0,,,0,,,0
5,5,8,value,exact,,,0.00003539877489457321,,,0,0,0,,,0,,,0
5,5,9,value,exact,,,0.00009234463015975621,,,0,0,0,,,0,,,0
5,5,10,value,exact,,,0.0001862283374888417,,,0,0,0,,,0,,,0
5,5,11,value,exact,,,0.00035398774894573214,,,0,0,0,,,0,,,0
5,5,12,value,exact,,,0.0005971619416997568,,,0,0,0,,,0,,,0
5,5,13,value,exact,,,0.0009588450764921353,,,0,0,0,,,0,,,0
5,5,14,value,exact,,,0.0014559670021854895,,,0,0,0,,,0,,,0
5,5,15,value,exact,,,0.0022024194293101857,,,0.00039400375534829317,0,0.00039400375534829317,,,0.17889587700908455,,,0.00039400375534829317
5,5,16,value,exact,,,0.0032105149752208574,,,0,0,0,,,0,,,0
5,5,17,value,exact,,,0.004612614276479823,,,0,0,0,,,0,,,0
5,5,18,value,exact,,,0.006356388709329886,,,0,0,0,,,0,,,0
5,5,19,value,exact,,,0.00852033120940684,,,0,0,0,,,0,,,0
5,5,20,value,exact,,,0.011138301474435928,,,0.00039400375534829317,0,0.00039400375534829317,,,0.03537377366312008,,,0.00039400375534829317
5,5,21,value,exact,,,0.014124111182934712,,,0,0,0,,,0,,,0
5,5,22,value,exact,,,0.017539323421676363,,,0,0,0,,,0,,,0
5,5,23,value,exact,,,0.021436266814418074,,,0,0,0,,,0,,,0
5,5,24,value,exact,,,0.026010404161664665,,,0,0,0,,,0,,,0
5,5,25,value,exact,,,0.03055683811986333,,,0.00039400375534829317,0,0.00039400375534829317,,,0.012894127128034652,,,0.00039400375534829317
5,5,26,value,exact,,,0.03555883892018346,,,0,0,0,,,0,,,0
5,5,27,value,exact,,,0.03994213069843322,,,0,0,0,,,0,,,0
5,5,28,value,exact,,,0.04444854865022932,,,0,0,0,,,0,,,0
5,5,29,value,exact,,,0.04816849816849817,,,0,0,0,,,0,,,0
5,5,30,value,exact,,,0.05157909317573183,,,0.00039400375534829317,0,0.00039400375534829317,,,0.007638826723957867,,,0.00039400375534829317
5,5,31,value,exact,,,0.0539538892480069,,,0,0,0,,,0,,,0
5,5,32,value,exact,,,0.05653646073814141,,,0,0,0,,,0,,,0
5,5,33,value,exact,,,0.05743374272786037,,,0,0,0,,,0,,,0
5,5,34,value,exact,,,0.056862745098039215,,,0,0,0,,,0,,,0
5,5,35,value,exact,,,0.05528211284513806,,,0.00039400375534829317,0,0.00039400375534829317,,,0.0071271471922937715,,,0.00039400375534829317
5,5,36,value,exact,,,0.0524609843937575,,,0,0,0,,,0,,,0
5,5,37,value,exact,,,0.04905192846369317,,,0,0,0,,,0,,,0
5,5,38,value,exact,,,0.044953365961769326,,,0,0,0,,,0,,,0
5,5,39,value,exact,,,0.04046849509034383,,,0,0,0,,,0,,,0
5,5,40,value,exact,,,0.03560962846677133,,,0.0015760150213931727,0,0.0015760150213931727,,,0.04425811470804339,,,0.0015760150213931727
5,5,41,value,exact,,,0.031618801366700526,,,0,0,0,,,0,,,0
5,5,42,value,exact,,,0.025214701265121434,,,0,0,0,,,0,,,0
5,5,43,value,exact,,,0.020221934927817282,,,0,0,0,,,0,,,0
5,5,44,value,exact,,,0.015558531104749591,,,0,0,0,,,0,,,0
5,5,45,value,exact,,,0.012010958229445624,,,0,0,0,,,0,,,0
5,5,46,value,exact,,,0.008655770000307815,,,0,0,0,,,0,,,0
5,5,47,value,exact,,,0.006433342567796349,,,0,0,0,,,0,,,0
5,5,48,value,exact,,,0.004093945270415859,,,0,0,0,,,0,,,0
5,5,49,value,exact,,,0.0028011204481792717,,,0,0,0,,,0,,,0
5,5,50,value,exact,,,0.0016806722689075631,,,0,0.0016806722689075631,0.0016806722689075631,,,1,,,0.0016806722689075631
5,any_2_to_5,2,value,exact,,,0.04168436605411395,,,0,0.04168436605411395,0.04168436605411395,,,1,,,0.04524886877828054
5,any_2_to_5,3,value,exact,,,0.1016514298026903,,,0.1001785329516422,0.001754547973035368,0.1016514298026903,,,1,,,0.122473604826546
5,any_2_to_5,4,value,exact,,,0.14771600948071537,,,0,0.0417028349801459,0.0417028349801459,,,0.2823176386009148,,,0.045267337704312495
5,any_2_to_5,5,value,exact,,,0.20955920829870409,,,0.1001785329516422,0,0.1001785329516422,,,0.4780440514398608,,,0.12066365007541478
5,any_2_to_5,6,value,exact,,,0.25793086465355375,,,0.023880321359312957,0.04342967956413334,0.06567242281527996,,,0.25461250208845504,,,0.0760180995475113
5,any_2_to_5,7,value,exact,,,0.3213316095669037,,,0.1001785329516422,0,0.1001785329516422,,,0.31176059238823267,,,0.12066365007541478
5,any_2_to_5,8,value,exact,,,0.37344322344322345,,,0,0.0417028349801459,0.0417028349801459,,,0.1116711520311901,,,0.045267337704312495
5,any_2_to_5,9,value,exact,,,0.4357712315695509,,,0.11992181487979807,0.001754547973035368,0.1216271123834149,,,0.2791077142594777,,,0.15143288084464554
5,any_2_to_5,10,value,exact,,,0.4907563025210084,,,0.004137039431157078,0.04168436605411395,0.045821405485271034,,,0.09336895980731598,,,0.04997691384246006
5,any_2_to_5,11,value,exact,,,0.6486840890202235,,,0.1001785329516422,0,0.1001785329516422,,,0.1544334671487819,,,0.12066365007541478
5,any_2_to_5,12,value,exact,,,0.654440237633515,,,0.023880321359312957,0.043448148490165296,0.06715609320651338,,,0.10261608217940998,,,0.07603656847354326
5,any_2_to_5,13,value,exact,,,0.6679333271770247,,,0.1001785329516422,0,0.1001785329516422,,,0.14998283342895918,,,0.12066365007541478
5,any_2_to_5,14,value,exact,,,0.6722058053990827,,,0.004137039431157078,0.04168436605411395,0.045821405485271034,,,0.06816573900022667,,,0.04997691384246006
5,any_2_to_5,15,value,exact,,,0.6768399667559332,,,0.12405885431095515,0.001754547973035368,0.12576415181457198,,,0.18581076471792074,,,0.15182688459999386
5,any_2_to_5,16,value,exact,,,0.6793686705451412,,,0,0.0417028349801459,0.0417028349801459,,,0.06138468962173746,,,0.045267337704312495
5,any_2_to_5,17,value,exact,,,0.679694954905039,,,0.1001785329516422,0,0.1001785329516422,,,0.1473874893857911,,,0.12066365007541478
5,any_2_to_5,18,value,exact,,,0.6740665496968018,,,0.02762335703512174,0.04342967956413334,0.07088065995629021,,,0.10515380119095459,,,0.08074614461169083
5,any_2_to_5,19,value,exact,,,0.6657155169760212,,,0.2735863576199711,0,0.2735863576199711,,,0.4109658715223031,,,0.48265460030165913
5,any_2_to_5,20,value,exact,,,0.8771400868039524,,,0.00039400375534829317,0.49232616123372425,0.49272016498907256,,,0.5617348612858454,,,0.9053898482469911
5,any_2_to_5,21,value,exact,,,0.6033013205282113,,,0.023880321359312957,0.001754547973035368,0.025610244097639057,,,0.04245017079560906,,,0.03076923076923077
5,any_2_to_5,22,value,exact,,,0.5805768461230646,,,0.004137039431157078,0,0.004137039431157078,,,0.007125739613598287,,,0.004728045064179518
5,any_2_to_5,23,value,exact,,,0.5608889709730046,,,0,0,0,,,0,,,0
5,any_2_to_5,24,value,exact,,,0.5314202604118571,,,0.023880321359312957,0.0017730168990673192,0.025628713023671007,,,0.0482268271138335,,,0.03078769969526272
5,any_2_to_5,25,value,exact,,,0.5066657432203651,,,0.00039400375534829317,0,0.00039400375534829317,,,0.000777640408139708,,,0.00039400375534829317
5,any_2_to_5,26,value,exact,,,0.47395265798627145,,,0.004137039431157078,0,0.004137039431157078,,,0.008728803101842531,,,0.004728045064179518
5,any_2_to_5,27,value,exact,,,0.44480099732200573,,,0.07227506387170253,0.001754547973035368,0.07393111090590082,,,0.16621165723776404,,,0.11764705882352941
5,any_2_to_5,28,value,exact,,,0.40898513251454427,,,0,0.00001846892603195124,0.00001846892603195124,,,0.000045157939894782,,,0.00001846892603195124
5,any_2_to_5,29,value,exact,,,0.378012743558962,,,0,0,0,,,0,,,0
5,any_2_to_5,30,value,exact,,,0.40494659402222427,,,0.004531043186505371,0.16263736263736264,0.16716840582386802,,,0.412815932499715,,,0.25851571397789885
5,any_2_to_5,31,value,exact,,,0.2582663834764675,,,0,0,0,,,0,,,0
5,any_2_to_5,32,value,exact,,,0.22681841967556254,,,0,0.00001846892603195124,0.00001846892603195124,,,0.00008142604140514205,,,0.00001846892603195124
5,any_2_to_5,33,value,exact,,,0.20121125373226215,,,0,0,0,,,0,,,0
5,any_2_to_5,34,value,exact,,,0.17321544002216271,,,0.014184135192538553,0,0.014184135192538553,,,0.08188724510195922,,,0.01891218025671807
5,any_2_to_5,35,value,exact,,,0.15106658047834517,,,0.00039400375534829317,0,0.00039400375534829317,,,0.0026081463822157022,,,0.00039400375534829317
5,any_2_to_5,36,value,exact,,,0.12641056422569028,,,0,0.00001846892603195124,0.00001846892603195124,,,0.00014610271020527432,,,0.00001846892603195124
5,any_2_to_5,37,value,exact,,,0.10805399082710007,,,0,0,0,,,0,,,0
5,any_2_to_5,38,value,exact,,,0.0869701726844584,,,0,0,0,,,0,,,0
5,any_2_to_5,39,value,exact,,,0.07214270323514022,,,0,0,0,,,0,,,0
5,any_2_to_5,40,value,exact,,,0.06250038476929233,,,0.0015760150213931727,0.02689075630252101,0.028466771323914182,,,0.45546553719618804,,,0.03518946039954443
5,any_2_to_5,41,value,exact,,,0.031618801366700526,,,0,0,0,,,0,,,0
5,any_2_to_5,42,value,exact,,,0.025214701265121434,,,0,0,0,,,0,,,0
5,any_2_to_5,43,value,exact,,,0.020221934927817282,,,0,0,0,,,0,,,0
5,any_2_to_5,44,value,exact,,,0.015558531104749591,,,0,0,0,,,0,,,0
5,any_2_to_5,45,value,exact,,,0.012010958229445624,,,0,0,0,,,0,,,0
5,any_2_to_5,46,value,exact,,,0.008655770000307815,,,0,0,0,,,0,,,0
5,any_2_to_5,47,value,exact,,,0.006433342567796349,,,0,0,0,,,0,,,0
5,any_2_to_5,48,value,exact,,,0.004093945270415859,,,0,0,0,,,0,,,0
5,any_2_to_5,49,value,exact,,,0.0028011204481792717,,,0,0,0,,,0,,,0
5,any_2_to_5,50,value,exact,,,0.0016806722689075631,,,0,0.0016806722689075631,0.0016806722689075631,,,1,,,0.0016806722689075631
6,2,2,rank,monte_carlo,100000,20260921,0.06079970449718349,6033,6033,0,0.06033,0.06033,0.058871079487048186,0.061822699940721315,1,0.9993636407488312,0.9999999999999999,0.06706
6,2,3,rank,monte_carlo,100000,20260921,0.1411963148598228,14122,14122,0.14122,0,0.14122,0.13907531419848607,0.14339225052754745,1,0.999728044522317,0.9999999999999999,0.18099
6,2,4,rank,monte_carlo,100000,20260921,0.19759609244679868,19939,6083,0,0.06083,0.06083,0.05936535260681592,0.062328388406429326,0.3050804955113095,0.29872740050968344,0.31150868540497384,0.06783
6,2,5,rank,monte_carlo,100000,20260921,0.27153447303635037,27098,14103,0.14103,0,0.14103,0.13888653531102782,0.14320104401252484,0.520444313233449,0.514493519155312,0.5263893114786032,0.18097
6,2,6,rank,monte_carlo,100000,20260921,0.32360977124073853,32206,6059,0,0.06059,0.06059,0.0591280979495261,0.06208566150269078,0.18813264609079053,0.18390156197526294,0.19243812173184346,0.06783
6,2,7,rank,monte_carlo,100000,20260921,0.3912156679365691,39043,14039,0.14039,0,0.14039,0.13825065830501596,0.1425569701891278,0.3595779012883231,0.35483185205540757,0.36435158120850075,0.18098
6,2,8,rank,monte_carlo,100000,20260921,0.43904193428598937,43860,6026,0,0.06026,0.06026,0.058801883532317606,0.0617519012734853,0.13739170086639307,0.13420156669979558,0.14064534958124444,0.06699
6,2,9,rank,monte_carlo,100000,20260921,0.5004410929674652,49941,14166,0.14166,0,0.14166,0.13951249143957478,0.14383503948167736,0.28365471256082175,0.27971795273736666,0.2876247535812775,0.18117
6,2,10,rank,monte_carlo,100000,20260921,0.5440937749895376,54474,6096,0,0.06096,0.06096,0.059493868276900834,0.062459862748568094,0.11190659764291222,0.10928652246109583,0.1145814069907935,0.06798
6,2,11,rank,monte_carlo,100000,20260921,0.7220697771743722,72148,14223,0.14223,0,0.14223,0.14007884519815061,0.1444086419305438,0.1971364417586073,0.19424959156756086,0.2000555428422032,0.18202
6,2,12,rank,monte_carlo,100000,20260921,0.6782357460169011,67642,6130,0,0.0613,0.0613,0.05982999520611243,0.06280370969747999,0.09062416841607285,0.08848392969403526,0.092810903956168,0.06791
6,2,13,rank,monte_carlo,100000,20260921,0.6427467222568242,64211,14124,0.14124,0,0.14124,0.13909518573739907,0.14341237745205346,0.2199623117534379,0.21677518484767164,0.22318294470722558,0.18158
6,2,14,rank,monte_carlo,100000,20260921,0.5932089366024642,59373,6094,0,0.06094,0.06094,0.059474096510787236,0.06243963605126267,0.10263924679568154,0.10022370764949805,0.10510620333047567,0.06761
6,2,15,rank,monte_carlo,100000,20260921,0.5537726710978991,55472,14099,0.14099,0,0.14099,0.13884679255630902,0.14316078984040562,0.25416426305162965,0.25055812472168143,0.2578044487268662,0.1815
6,2,16,rank,monte_carlo,100000,20260921,0.4984053850672839,49849,6241,0,0.06241,0.06241,0.060927440562245846,0.0639261790611027,0.12519809825673534,0.12232171138436235,0.12813224869642068,0.0689
6,2,17,rank,monte_carlo,100000,20260921,0.4549464302906105,45409,14153,0.14153,0,0.14153,0.13938332469897802,0.14370421621005036,0.3116783016582616,0.3074341422285123,0.31595432241229093,0.18163
6,2,18,rank,monte_carlo,100000,20260921,0.3936238980043736,39360,6113,0,0.06113,0.06113,0.059661930113462734,0.06263178785106795,0.1553099593495935,0.15176531389308204,0.15892188285653594,0.06846
6,2,19,rank,monte_carlo,100000,20260921,0.34606680642797216,34517,13983,0.13983,0,0.13983,0.1376942783391522,0.14199339317925874,0.4051047310021149,0.3999365978538536,0.41029398470529244,0.17955
6,2,20,rank,monte_carlo,100000,20260921,0.6080430208089782,60733,46876,0.33783,0.23092,0.46876,0.4656682819769886,0.4718541181624877,0.7718373865937793,0.7684826959384641,0.7751576898665167,0.81205
6,2,21,rank,monte_carlo,100000,20260921,0,0,0,0,0,0,0,0.000038414524267635735,,,,0
6,2,22,rank,monte_carlo,100000,20260921,0,0,0,0,0,0,0,0.000038414524267635735,,,,0
6,2,23,rank,monte_carlo,100000,20260921,0,0,0,0,0,0,0,0.000038414524267635735,,,,0
6,2,24,rank,monte_carlo,100000,20260921,0,0,0,0,0,0,0,0.000038414524267635735,,,,0
6,2,25,rank,monte_carlo,100000,20260921,0,0,0,0,0,0,0,0.000038414524267635735,,,,0
6,2,26,rank,monte_carlo,100000,20260921,0,0,0,0,0,0,0,0.000038414524267635735,,,,0
6,2,27,rank,monte_carlo,100000,20260921,0,0,0,0,0,0,0,0.000038414524267635735,,,,0
6,2,28,rank,monte_carlo,100000,20260921,0,0,0,0,0,0,0,0.000038414524267635735,,,,0
6,2,29,rank,monte_carlo,100000,20260921,0,0,0,0,0,0,0,0.000038414524267635735,,,,0
6,2,30,rank,monte_carlo,100000,20260921,0,0,0,0,0,0,0,0.000038414524267635735,,,,0
6,2,31,rank,monte_carlo,100000,20260921,0,0,0,0,0,0,0,0.000038414524267635735,,,,0
6,2,32,rank,monte_carlo,100000,20260921,0,0,0,0,0,0,0,0.000038414524267635735,,,,0
6,2,33,rank,monte_carlo,100000,20260921,0,0,0,0,0,0,0,0.000038414524267635735,,,,0
6,2,34,rank,monte_carlo,100000,20260921,0,0,0,0,0,0,0,0.000038414524267635735,,,,0
6,2,35,rank,monte_carlo,100000,20260921,0,0,0,0,0,0,0,0.000038414524267635735,,,,0
6,2,36,rank,monte_carlo,100000,20260921,0,0,0,0,0,0,0,0.000038414524267635735,,,,0
6,2,37,rank,monte_carlo,100000,20260921,0,0,0,0,0,0,0,0.000038414524267635735,,,,0
6,2,38,rank,monte_carlo,100000,20260921,0,0,0,0,0,0,0,0.000038414524267635735,,,,0
6,2,39,rank,monte_carlo,100000,20260921,0,0,0,0,0,0,0,0.000038414524267635735,,,,0
6,2,40,rank,monte_carlo,100000,20260921,0,0,0,0,0,0,0,0.000038414524267635735,,,,0
6,2,41,rank,monte_carlo,100000,20260921,0,0,0,0,0,0,0,0.000038414524267635735,,,,0
6,2,42,rank,monte_carlo,100000,20260921,0,0,0,0,0,0,0,0.000038414524267635735,,,,0
6,2,43,rank,monte_carlo,100000,20260921,0,0,0,0,0,0,0,0.000038414524267635735,,,,0
6,2,44,rank,monte_carlo,100000,20260921,0,0,0,0,0,0,0,0.000038414524267635735,,,,0
6,2,45,rank,monte_carlo,100000,20260921,0,0,0,0,0,0,0,0.000038414524267635735,,,,0
6,2,46,rank,monte_carlo,100000,20260921,0,0,0,0,0,0,0,0.000038414524267635735,,,,0
6,2,47,rank,monte_carlo,100000,20260921,0,0,0,0,0,0,0,0.000038414524267635735,,,,0
6,2,48,rank,monte_carlo,100000,20260921,0,0,0,0,0,0,0,0.000038414524267635735,,,,0
6,2,49,rank,monte_carlo,100000,20260921,0,0,0,0,0,0,0,0.000038414524267635735,,,,0
6,2,50,rank,monte_carlo,100000,20260921,0,0,0,0,0,0,0,0.000038414524267635735,,,,0
6,3,2,rank,monte_carlo,100000,20260921,0,0,0,0,0,0,0,0.000038414524267635735,,,,0
6,3,3,rank,monte_carlo,100000,20260921,0.003453689167974882,329,329,0,0.00329,0.00329,0.002953648659625119,0.003664513097072836,1,0.9884581734975434,0.9999999999999999,0.00344
6,3,4,rank,monte_carlo,100000,20260921,0.018142969135280955,1791,0,0,0,0,0,0.000038414524267635735,0,0,0.002140356006903339,0
6,3,5,rank,monte_carlo,100000,20260921,0.0359829692924633,3619,0,0,0,0,0,0.000038414524267635735,0,0,0.001060383098173544,0
6,3,6,rank,monte_carlo,100000,20260921,0.0640402151040449,6494,4733,0.04409,0.00338,0.04733,0.04603117926817982,0.04866359893722064,0.7288266091777025,0.7178809390611514,0.7395017093555167,0.0617
6,3,7,rank,monte_carlo,100000,20260921,0.09485424284279997,9453,0,0,0,0,0,0.000038414524267635735,0,2.710505431213761e-20,0.0004062244206353207,0
6,3,8,rank,monte_carlo,100000,20260921,0.13432430255244487,13346,0,0,0,0,0,0.000038414524267635735,0,0,0.0002877637139904342,0
6,3,9,rank,monte_carlo,100000,20260921,0.1755618777789348,17476,4582,0.04241,0.00353,0.04582,0.04454137316394984,0.04713352105331391,0.2621881437399863,0.2557199126575091,0.2687609041480619,0.06036
6,3,10,rank,monte_carlo,100000,20260921,0.22483991960122837,22591,0,0,0,0,0,0.000038414524267635735,0,1.3552527156068805e-20,0.00017002110782666428,0
6,3,11,rank,monte_carlo,100000,20260921,0.27549055628798164,27425,0,0,0,0,0,0.000038414524267635735,0,0,0.00014005695377233867,0
6,3,12,rank,monte_carlo,100000,20260921,0.3535072294056739,35318,4651,0.04337,0.00329,0.04651,0.045222098624462095,0.047832742580758175,0.13168922362534685,0.12820252736049728,0.13525603477744066,0.06139
6,3,13,rank,monte_carlo,100000,20260921,0.4172820028174936,41653,0,0,0,0,0,0.000038414524267635735,0,0,0.00009222014565789836,0
6,3,14,rank,monte_carlo,100000,20260921,0.4731597385271621,47359,0,0,0,0,0,0.000038414524267635735,0,0,0.00008110999826496896,0
6,3,15,rank,monte_carlo,100000,20260921,0.5157093934136666,51470,4712,0.04385,0.00345,0.04712,0.04582396521799332,0.04845082912150734,0.09154847483971246,0.0890873962859579,0.09407052056942601,0.06269
6,3,16,rank,monte_carlo,100000,20260921,0.5510467362067577,54751,0,0,0,0,0,0.000038414524267635735,0,6.776263578034403e-21,0.000070160005722672,0
6,3,17,rank,monte_carlo,100000,20260921,0.5766806231494235,57672,0,0,0,0,0,0.000038414524267635735,0,0,0.00006660674371503233,0
6,3,18,rank,monte_carlo,100000,20260921,0.5905413556584663,59064,4725,0.04427,0.0032,0.04725,0.04595223973865508,0.04858254461306926,0.07999796830556684,0.077837279368904,0.08221328865456007,0.0626
6,3,19,rank,monte_carlo,100000,20260921,0.6007259859754049,60068,0,0,0,0,0,0.000038414524267635735,0,0,0.0000639500953804619,0
6,3,20,rank,monte_carlo,100000,20260921,0.5969015429412354,59804,0,0,0,0,0,0.000038414524267635735,0,0,0.00006423237985568768,0
6,3,21,rank,monte_carlo,100000,20260921,0.6810084426569318,67883,4642,0.04331,0.00329,0.04642,0.045133303832531224,0.047741544287303414,0.0683823637729623,0.0665079406969545,0.07030563585335008,0.06115
6,3,22,rank,monte_carlo,100000,20260921,0.6170831671457454,61479,0,0,0,0,0,0.000038414524267635735,0,0,0.00006248247315882029,0
6,3,23,rank,monte_carlo,100000,20260921,0.5572407031552392,55628,0,0,0,0,0,0.000038414524267635735,0,0,0.00006905397861213351,0
6,3,24,rank,monte_carlo,100000,20260921,0.48912573212591093,48836,4609,0.04308,0.00314,0.04609,0.044807734483687134,0.047407138989733505,0.09437709886149562,0.09181596625902154,0.09700204170110253,0.06101
6,3,25,rank,monte_carlo,100000,20260921,0.4333195143851321,43455,0,0,0,0,0,0.000038414524267635735,0,0,0.00008839628159808106,0
6,3,26,rank,monte_carlo,100000,20260921,0.3671930965512228,36708,0,0,0,0,0,0.000038414524267635735,0,0,0.00010464198559845606,0
6,3,27,rank,monte_carlo,100000,20260921,0.3144672598990496,31391,4658,0.04317,0.00362,0.04658,0.045291162169457076,0.04790367365772979,0.1483864802013316,0.1444969812729383,0.1523620288390924,0.06197
6,3,28,rank,monte_carlo,100000,20260921,0.2523232533602639,25374,0,0,0,0,0,0.000038414524267635735,0,0,0.00015137615170550988,0
6,3,29,rank,monte_carlo,100000,20260921,0.2080481292353275,20627,4202,0.04202,0,0.04202,0.04079394520208674,0.04328124096556144,0.20371357928928105,0.19827252958740138,0.2092649699976859,0.05642
6,3,30,rank,monte_carlo,100000,20260921,0.2608370353051204,26261,8886,0.07673,0.01298,0.08886,0.08711215003088588,0.09063943746412892,0.33837249152736,0.33267375191848014,0.34411851169829344,0.13043
6,3,31,rank,monte_carlo,100000,20260921,0,0,0,0,0,0,0,0.000038414524267635735,,,,0
6,3,32,rank,monte_carlo,100000,20260921,0,0,0,0,0,0,0,0.000038414524267635735,,,,0
6,3,33,rank,monte_carlo,100000,20260921,0,0,0,0,0,0,0,0.000038414524267635735,,,,0
6,3,34,rank,monte_carlo,100000,20260921,0,0,0,0,0,0,0,0.000038414524267635735,,,,0
6,3,35,rank,monte_carlo,100000,20260921,0,0,0,0,0,0,0,0.000038414524267635735,,,,0
6,3,36,rank,monte_carlo,100000,20260921,0,0,0,0,0,0,0,0.000038414524267635735,,,,0
6,3,37,rank,monte_carlo,100000,20260921,0,0,0,0,0,0,0,0.000038414524267635735,,,,0
6,3,38,rank,monte_carlo,100000,20260921,0,0,0,0,0,0,0,0.000038414524267635735,,,,0
6,3,39,rank,monte_carlo,100000,20260921,0,0,0,0,0,0,0,0.000038414524267635735,,,,0
6,3,40,rank,monte_carlo,100000,20260921,0,0,0,0,0,0,0,0.000038414524267635735,,,,0
6,3,41,rank,monte_carlo,100000,20260921,0,0,0,0,0,0,0,0.000038414524267635735,,,,0
6,3,42,rank,monte_carlo,100000,20260921,0,0,0,0,0,0,0,0.000038414524267635735,,,,0
6,3,43,rank,monte_carlo,100000,20260921,0,0,0,0,0,0,0,0.000038414524267635735,,,,0
6,3,44,rank,monte_carlo,100000,20260921,0,0,0,0,0,0,0,0.000038414524267635735,,,,0
6,3,45,rank,monte_carlo,100000,20260921,0,0,0,0,0,0,0,0.000038414524267635735,,,,0
6,3,46,rank,monte_carlo,100000,20260921,0,0,0,0,0,0,0,0.000038414524267635735,,,,0
6,3,47,rank,monte_carlo,100000,20260921,0,0,0,0,0,0,0,0.000038414524267635735,,,,0
6,3,48,rank,monte_carlo,100000,20260921,0,0,0,0,0,0,0,0.000038414524267635735,,,,0
6,3,49,rank,monte_carlo,100000,20260921,0,0,0,0,0,0,0,0.000038414524267635735,,,,0
6,3,50,rank,monte_carlo,100000,20260921,0,0,0,0,0,0,0,0.000038414524267635735,,,,0
6,4,2,rank,monte_carlo,100000,20260921,0,0,0,0,0,0,0,0.000038414524267635735,,,,0
6,4,3,rank,monte_carlo,100000,20260921,0,0,0,0,0,0,0,0.000038414524267635735,,,,0
6,4,4,rank,monte_carlo,100000,20260921,0.000055406778095853724,5,5,0,0.00005,0.00005,0.00002135687940877151,0.00011705380340643748,1,0.5655085052479191,1,0.00005
6,4,5,rank,monte_carlo,100000,20260921,0.000805068344850215,72,0,0,0,0,0,0.000038414524267635735,0,0,0.05065293981139638,0
6,4,6,rank,monte_carlo,100000,20260921,0.0025782817218540444,251,0,0,0,0,0,0.000038414524267635735,0,0,0.015074461940279765,0
6,4,7,rank,monte_carlo,100000,20260921,0.005992773541495158,587,0,0,0,0,0,0.000038414524267635735,0,0,0.0065019118491318134,0
6,4,8,rank,monte_carlo,100000,20260921,0.011352986366395985,1092,8,0,0.00008,0.00008,0.00004053804061932916,0.00015787033732442377,0.007326007326007326,0.0037167500282529985,0.014389516424854823,0.00008
6,4,9,rank,monte_carlo,100000,20260921,0.018950493454337546,1917,0,0,0,0,0,0.000038414524267635735,0,2.168404344971009e-19,0.0019999566856527887,0
6,4,10,rank,monte_carlo,100000,20260921,0.02944742545135894,2936,1085,0.01085,0,0.01085,0.01022642887164897,0.01151115205744206,0.369550408719346,0.352271618316854,0.38717012575534354,0.01395
6,4,11,rank,monte_carlo,100000,20260921,0.042854686882936484,4376,0,0,0,0,0,0.000038414524267635735,0,0,0.0008771093456895792,0
6,4,12,rank,monte_carlo,100000,20260921,0.05991378548145936,6023,6,0,0.00006,0.00006,0.00002749844367635483,0.00013091147084836878,0.0009961813049975095,0.00045663005137455193,0.002171877722913062,0.00006
6,4,13,rank,monte_carlo,100000,20260921,0.08176321265003546,8177,0,0,0,0,0,0.000038414524267635735,0,0,0.0004695849385471538,0
6,4,14,rank,monte_carlo,100000,20260921,0.11154985725877913,11191,1075,0.01075,0,0.01075,0.010129364807652462,0.011408223804343419,0.09605933339290501,0.09073751917335765,0.10165837859441423,0.01395
6,4,15,rank,monte_carlo,100000,20260921,0.14362861347484984,14288,0,0,0,0,0,0.000038414524267635735,0,0,0.00026879670986557807,0
6,4,16,rank,monte_carlo,100000,20260921,0.17991602532993559,18101,5,0,0.00005,0.00005,0.00002135687940877151,0.00011705380340643748,0.0002762278327164245,0.00011799186728583203,0.0006465329104399227,0.00005
6,4,17,rank,monte_carlo,100000,20260921,0.2174516615156701,21725,0,0,0,0,0,0.000038414524267635735,0,0,0.00017679727574616767,0
6,4,18,rank,monte_carlo,100000,20260921,0.25710837526499963,25613,1106,0.01106,0,0.01106,0.010430308485949993,0.011727256309040842,0.04318119704837387,0.04075958560293132,0.04573982109988407,0.01456
6,4,19,rank,monte_carlo,100000,20260921,0.29346033012222894,29261,0,0,0,0,0,0.000038414524267635735,0,0,0.00013127014499200295,0
6,4,20,rank,monte_carlo,100000,20260921,0.3324322200238524,33364,4,0,0.00004,0.00004,0.000015555073765297794,0.00010285637734039654,0.00011988970147464332,0.00004662296611300404,0.00030825764444467735,0.00004
6,4,21,rank,monte_carlo,100000,20260921,0.36528676937223337,36459,0,0,0,0,0,0.000038414524267635735,0,0,0.00010535657209996491,0
6,4,22,rank,monte_carlo,100000,20260921,0.41231140574069236,41039,1152,0.01152,0,0.01152,0.010877108148479081,0.012200421305149428,0.028070859426399277,0.02651640036100931,0.02971366339753902,0.01525
6,4,23,rank,monte_carlo,100000,20260921,0.4450627059334372,44313,0,0,0,0,0,0.000038414524267635735,0,0,0.00008668487783208809,0
6,4,24,rank,monte_carlo,100000,20260921,0.4694085817633109,46696,7,0,0.00007,0.00007,0.00003390860494423725,0.00014450054129000098,0.00014990577351379133,0.00007261662853534414,0.00030943177652819676,0.00007
6,4,25,rank,monte_carlo,100000,20260921,0.4808566634509778,47898,0,0,0,0,0,0.000038414524267635735,0,0,0.00008019733420854534,0
6,4,26,rank,monte_carlo,100000,20260921,0.48548666602483875,48384,1126,0.01126,0,0.01126,0.010624535043044654,0.011933014386136474,0.023272156084656083,0.02196610937454656,0.02465389940055036,0.01446
6,4,27,rank,monte_carlo,100000,20260921,0.4813117063519352,48116,0,0,0,0,0,0.000038414524267635735,0,0,0.00007983401175618166,0
6,4,28,rank,monte_carlo,100000,20260921,0.46724516320439796,46643,3,0,0.00003,0.00003,0.000010202573900776641,0.00008820964549540304,0.00006431833286881204,0.000021873877195737216,0.00018910718095161653,0.00003
6,4,29,rank,monte_carlo,100000,20260921,0.4503106316176225,45116,0,0,0,0,0,0.000038414524267635735,0,0,0.00008514214287489875,0
6,4,30,rank,monte_carlo,100000,20260921,0.42395468825828203,42494,1100,0.011,0,0.011,0.010372051005586953,0.011665518399146793,0.025886007436343953,0.024418489418786278,0.027439240692382474,0.01456
6,4,31,rank,monte_carlo,100000,20260921,0.42464756770138495,42361,0,0,0,0,0,0.000038414524267635735,0,0,0.00009067896526727483,0
6,4,32,rank,monte_carlo,100000,20260921,0.36165782188489143,36094,7,0,0.00007,0.00007,0.00003390860494423725,0.00014450054129000098,0.00019393805064553665,0.00009394722698219125,0.0004003094711800612,0.00007
6,4,33,rank,monte_carlo,100000,20260921,0.30808349526389933,30871,0,0,0,0,0,0.000038414524267635735,0,0,0.00012442492984320283,0
6,4,34,rank,monte_carlo,100000,20260921,0.2533862972357519,25365,1022,0.01022,0,0.01022,0.00961516565057274,0.010862463680818866,0.040291740587423616,0.03794053123295491,0.042782177051841196,0.01314
6,4,35,rank,monte_carlo,100000,20260921,0.2107083422567063,21399,0,0,0,0,0,0.000038414524267635735,0,0,0.00017949018507897567,0
6,4,36,rank,monte_carlo,100000,20260921,0.16560810903739565,16467,3,0,0.00003,0.00003,0.000010202573900776641,0.00008820964549540304,0.00018218254691200583,0.00006195927579747312,0.000535557246976931,0.00003
6,4,37,rank,monte_carlo,100000,20260921,0.13244813473670974,13208,1055,0.01055,0,0.01055,0.009935279208552347,0.01120232476925324,0.07987583282858873,0.07537357613914406,0.08462240806944654,0.01389
6,4,38,rank,monte_carlo,100000,20260921,0.09637203490234064,9721,0,0,0,0,0,0.000038414524267635735,0,0,0.00039502957045593415,0
6,4,39,rank,monte_carlo,100000,20260921,0.0728025416385867,7280,1058,0.01058,0,0.01058,0.009964388388095179,0.011233213284838957,0.14532967032967034,0.13742077059821894,0.15361268625235291,0.01385
6,4,40,rank,monte_carlo,100000,20260921,0.06443768996960486,6527,1148,0.01125,0.00023,0.01148,0.0108382450709152,0.012159287455875252,0.17588478627240692,0.16683968908490426,0.1853111883762793,0.01476
6,4,41,rank,monte_carlo,100000,20260921,0,0,0,0,0,0,0,0.000038414524267635735,,,,0
6,4,42,rank,monte_carlo,100000,20260921,0,0,0,0,0,0,0,0.000038414524267635735,,,,0
6,4,43,rank,monte_carlo,100000,20260921,0,0,0,0,0,0,0,0.000038414524267635735,,,,0
6,4,44,rank,monte_carlo,100000,20260921,0,0,0,0,0,0,0,0.000038414524267635735,,,,0
6,4,45,rank,monte_carlo,100000,20260921,0,0,0,0,0,0,0,0.000038414524267635735,,,,0
6,4,46,rank,monte_carlo,100000,20260921,0,0,0,0,0,0,0,0.000038414524267635735,,,,0
6,4,47,rank,monte_carlo,100000,20260921,0,0,0,0,0,0,0,0.000038414524267635735,,,,0
6,4,48,rank,monte_carlo,100000,20260921,0,0,0,0,0,0,0,0.000038414524267635735,,,,0
6,4,49,rank,monte_carlo,100000,20260921,0,0,0,0,0,0,0,0.000038414524267635735,,,,0
6,4,50,rank,monte_carlo,100000,20260921,0,0,0,0,0,0,0,0.000038414524267635735,,,,0
6,5,2,rank,monte_carlo,100000,20260921,0,0,0,0,0,0,0,0.000038414524267635735,,,,0
6,5,3,rank,monte_carlo,100000,20260921,0,0,0,0,0,0,0,0.000038414524267635735,,,,0
6,5,4,rank,monte_carlo,100000,20260921,0,0,0,0,0,0,0,0.000038414524267635735,,,,0
6,5,5,rank,monte_carlo,100000,20260921,0,0,0,0,0,0,0,0.000038414524267635735,,,,0
6,5,6,rank,monte_carlo,100000,20260921,0.000008939746111210441,1,0,0,0,0,0,0.000038414524267635735,0,0,0.7934567085261071,0
6,5,7,rank,monte_carlo,100000,20260921,0.00006189055000068767,9,0,0,0,0,0,0.000038414524267635735,0,0,0.2991527535509594,0
6,5,8,rank,monte_carlo,100000,20260921,0.00019785328206569044,13,0,0,0,0,0,0.000038414524267635735,0,0,0.22810184305529166,0
6,5,9,rank,monte_carlo,100000,20260921,0.0005097620062755053,31,0,0,0,0,0,0.000038414524267635735,0,0,0.11025900073475385,0
6,5,10,rank,monte_carlo,100000,20260921,0.0010227658985034276,107,0,0,0,0,0,0.000038414524267635735,0,0,0.03465846757895952,0
6,5,11,rank,monte_carlo,100000,20260921,0.001914088057481585,165,0,0,0,0,0,0.000038414524267635735,0,0,0.02275268654170536,0
6,5,12,rank,monte_carlo,100000,20260921,0.0032125125009087106,340,0,0,0,0,0,0.000038414524267635735,0,0,0.01117258644678247,0
6,5,13,rank,monte_carlo,100000,20260921,0.005130333639183988,499,0,0,0,0,0,0.000038414524267635735,0,0,0.007639781593249245,0
6,5,14,rank,monte_carlo,100000,20260921,0.00775380528643536,809,0,0,0,0,0,0.000038414524267635735,0,4.336808689942018e-19,0.00472613606390224,0
6,5,15,rank,monte_carlo,100000,20260921,0.011599860893620952,1161,227,0.00227,0,0.00227,0.0019935382609385824,0.002584701861388878,0.19552110249784668,0.17372717149484174,0.21932335142604298,0.00267
6,5,16,rank,monte_carlo,100000,20260921,0.01675681729320206,1672,0,0,0,0,0,0.000038414524267635735,0,0,0.002292340755832771,0
6,5,17,rank,monte_carlo,100000,20260921,0.023684432856612366,2364,0,0,0,0,0,0.000038414524267635735,0,0,0.00162240582309222,0
6,5,18,rank,monte_carlo,100000,20260921,0.032245173028294785,3206,0,0,0,0,0,0.000038414524267635735,0,0,0.0011968191826039016,0
6,5,19,rank,monte_carlo,100000,20260921,0.04265879838023589,4347,0,0,0,0,0,0.000038414524267635735,0,0,0.0008829556102433148,0
6,5,20,rank,monte_carlo,100000,20260921,0.05493847293418186,5543,201,0.00201,0,0.00201,0.001750878446912482,0.002307381650967598,0.0362619520115461,0.03165295647229777,0.04151329366904392,0.00233
6,5,21,rank,monte_carlo,100000,20260921,0.06892504956155948,6888,0,0,0,0,0,0.000038414524267635735,0,0,0.0005574126950335015,0
6,5,22,rank,monte_carlo,100000,20260921,0.08457893795816199,8551,0,0,0,0,0,0.000038414524267635735,0,0,0.00044905565522101537,0
6,5,23,rank,monte_carlo,100000,20260921,0.1021346345412142,10366,0,0,0,0,0,0.000038414524267635735,0,2.710505431213761e-20,0.0003704588891695318,0
6,5,24,rank,monte_carlo,100000,20260921,0.12234199735540698,12230,0,0,0,0,0,0.000038414524267635735,0,0,0.00031401420139361624,0
6,5,25,rank,monte_carlo,100000,20260921,0.1423125060171368,13950,213,0.00213,0,0.00213,0.0018627438122386282,0.002435507066155628,0.015268817204301075,0.013363334493774977,0.01744120036635988,0.00257
6,5,26,rank,monte_carlo,100000,20260921,0.16346640129046708,16262,0,0,0,0,0,0.000038414524267635735,0,0,0.00023617591357830506,0
6,5,27,rank,monte_carlo,100000,20260921,0.18226501729988231,18080,0,0,0,0,0,0.000038414524267635735,0,0,0.00021243273884902862,0
6,5,28,rank,monte_carlo,100000,20260921,0.20083296821183466,20015,0,0,0,0,0,0.000038414524267635735,0,0,0.0001918992155869798,0
6,5,29,rank,monte_carlo,100000,20260921,0.21604576364097194,21453,0,0,0,0,0,0.000038414524267635735,0,0,0.00017903846575443794,0
6,5,30,rank,monte_carlo,100000,20260921,0.22966826665199633,22966,207,0.00207,0,0.00207,0.001806781620609938,0.0023714738675272296,0.00901332404423931,0.007870452464160528,0.010320426135542135,0.00248
6,5,31,rank,monte_carlo,100000,20260921,0.23895597518876618,23860,0,0,0,0,0,0.000038414524267635735,0,0,0.00016097994884444757,0
6,5,32,rank,monte_carlo,100000,20260921,0.24876582384181167,24639,0,0,0,0,0,0.000038414524267635735,0,0,0.00015589111281711927,0
6,5,33,rank,monte_carlo,100000,20260921,0.2519053447893069,25116,0,0,0,0,0,0.000038414524267635735,0,0,0.00015293090064708053,0
6,5,34,rank,monte_carlo,100000,20260921,0.248558343140857,24848,0,0,0,0,0,0.000038414524267635735,0,0,0.00015458009357342754,0
6,5,35,rank,monte_carlo,100000,20260921,0.24094423366728032,24049,221,0.00221,0,0.00221,0.0019374476445794472,0.002520797087490926,0.00918957129194561,0.008059503457468496,0.010476418718146713,0.00261
6,5,36,rank,monte_carlo,100000,20260921,0.228366305605712,22849,0,0,0,0,0,0.000038414524267635735,0,0,0.0001681016333653667,0
6,5,37,rank,monte_carlo,100000,20260921,0.21338279992848203,21485,0,0,0,0,0,0.000038414524267635735,0,0,0.00017877185152688732,0
6,5,38,rank,monte_carlo,100000,20260921,0.195354966863996,19600,0,0,0,0,0,0.000038414524267635735,0,1.3552527156068805e-20,0.00019596159152806045,0
6,5,39,rank,monte_carlo,100000,20260921,0.17612400115529026,17643,0,0,0,0,0,0.000038414524267635735,0,0,0.00021769334632663103,0
6,5,40,rank,monte_carlo,100000,20260921,0.15519232242815292,15718,188,0.00188,0,0.00188,0.0016299702546544433,0.0021682998310019463,0.011960809263265046,0.010376574913833925,0.013783546378826853,0.00224
6,5,41,rank,monte_carlo,100000,20260921,0.13838068779066454,13762,0,0,0,0,0,0.000038414524267635735,0,0,0.00027906757259214723,0
6,5,42,rank,monte_carlo,100000,20260921,0.11083890184551726,11057,0,0,0,0,0,0.000038414524267635735,0,0,0.0003473153435268433,0
6,5,43,rank,monte_carlo,100000,20260921,0.08900548762876673,8925,0,0,0,0,0,0.000038414524267635735,0,0,0.00043024618109475704,0
6,5,44,rank,monte_carlo,100000,20260921,0.0687420303637003,6922,180,0.0018,0,0.0018,0.0015557221937174512,0.0020825540382628208,0.026004045073678126,0.022509583586762045,0.0300243351791537,0.00203
6,5,45,rank,monte_carlo,100000,20260921,0.053308786689798666,5448,0,0,0,0,0,0.000038414524267635735,0,0,0.0007046426293823355,0
6,5,46,rank,monte_carlo,100000,20260921,0.038797712210907276,3825,0,0,0,0,0,0.000038414524267635735,0,0,0.0010033321827677595,0
6,5,47,rank,monte_carlo,100000,20260921,0.0287816599634944,2932,199,0.00199,0,0.00199,0.0017322576222423673,0.0022860040122186834,0.06787175989085949,0.059321104516261915,0.0775533099616854,0.0024
6,5,48,rank,monte_carlo,100000,20260921,0.018765214760208503,1875,0,0,0,0,0,0.000038414524267635735,0,2.168404344971009e-19,0.002044664116442812,0
6,5,49,rank,monte_carlo,100000,20260921,0.012837475415698194,1299,190,0.0019,0,0.0019,0.0016485514958211283,0.00218971705325429,0.1462663587374904,0.1280924445421791,0.16652633336604855,0.00228
6,5,50,rank,monte_carlo,100000,20260921,0.008117289468979081,809,0,0,0,0,0,0.000038414524267635735,0,4.336808689942018e-19,0.00472613606390224,0
6,any_2_to_5,2,rank,monte_carlo,100000,20260921,0.06079970449718349,6033,6033,0,0.06033,0.06033,0.058871079487048186,0.061822699940721315,1,0.9993636407488312,0.9999999999999999,0.06706
6,any_2_to_5,3,rank,monte_carlo,100000,20260921,0.14384493568294748,14379,14379,0.14122,0.00329,0.14379,0.14162892624259507,0.14597844103278365,1,0.9997329039624546,0.9999999999999999,0.18443
6,any_2_to_5,4,rank,monte_carlo,100000,20260921,0.20990248800011002,21162,6088,0,0.06088,0.06088,0.059414781484113895,0.06237895568767891,0.28768547396276345,0.28162524491721075,0.29382277317624417,0.06788
6,any_2_to_5,5,rank,monte_carlo,100000,20260921,0.29227586288197765,29192,14103,0.14103,0,0.14103,0.13888653531102782,0.14320104401252484,0.4831118114551932,0.477381881102971,0.4888461861160265,0.18097
6,any_2_to_5,6,rank,monte_carlo,100000,20260921,0.3578801405996114,35674,10343,0.04409,0.06389,0.10343,0.10155777629422752,0.10533269180155011,0.2899310422156192,0.28524541237002143,0.2946619102747431,0.12953
6,any_2_to_5,7,rank,monte_carlo,100000,20260921,0.4383903152095535,43771,14039,0.14039,0,0.14039,0.13825065830501596,0.1425569701891278,0.32073747458362845,0.3163806010945189,0.3251258115751731,0.18098
6,any_2_to_5,8,rank,monte_carlo,100000,20260921,0.5053174788737099,50460,6034,0,0.06034,0.06034,0.05888096466936704,0.06183281399011198,0.1195798652397939,0.11677767651072958,0.12243997353833048,0.06707
6,any_2_to_5,9,rank,monte_carlo,100000,20260921,0.5774150576760982,57534,17655,0.17332,0.00353,0.17655,0.1741991939855256,0.17892565637022315,0.30686202940869745,0.3031064702578826,0.3106433788501173,0.24153
6,any_2_to_5,10,rank,monte_carlo,100000,20260921,0.6420841004159438,64307,7175,0.01085,0.06096,0.07175,0.07016684094864868,0.07336606109138656,0.11157416766448443,0.10916389946394148,0.11403084100109387,0.08193
6,any_2_to_5,11,rank,monte_carlo,100000,20260921,0.7712622528553156,77089,14223,0.14223,0,0.14223,0.14007884519815061,0.1444086419305438,0.18450103127553866,0.18177853933291327,0.18725496636679095,0.18202
6,any_2_to_5,12,rank,monte_carlo,100000,20260921,0.782078068543293,77952,10686,0.04337,0.06458,0.10686,0.10496027947438112,0.10878992509776005,0.13708435960591134,0.13468777399310025,0.13951671358952114,0.12936
6,any_2_to_5,13,rank,monte_carlo,100000,20260921,0.7944039154123188,79284,14124,0.14124,0,0.14124,0.13909518573739907,0.14341237745205346,0.17814439231118512,0.175496539651024,0.18082343362467682,0.18158
6,any_2_to_5,14,rank,monte_carlo,100000,20260921,0.8036914274711521,80405,7158,0.01075,0.06094,0.07158,0.06999859706272583,0.07319431803824768,0.08902431440830794,0.08707545788182175,0.09101244035249381,0.08156
6,any_2_to_5,15,rank,monte_carlo,100000,20260921,0.8093122682788336,80890,18794,0.1848,0.00345,0.18794,0.18553064236119887,0.190373332911687,0.23234021510693534,0.2294425503007797,0.23526330191825995,0.24686
6,any_2_to_5,16,rank,monte_carlo,100000,20260921,0.8174943954668611,81577,6246,0,0.06246,0.06246,0.06097687823703349,0.06397673754486263,0.07656569866506491,0.07476086837470619,0.07841040756368764,0.06895
6,any_2_to_5,17,rank,monte_carlo,100000,20260921,0.82046818727491,81836,14153,0.14153,0,0.14153,0.13938332469897802,0.14370421621005036,0.17294344787135246,0.17036759988630673,0.17555000022791445,0.18163
6,any_2_to_5,18,rank,monte_carlo,100000,20260921,0.8244504020920971,82386,11636,0.0532,0.06428,0.11636,0.11438727362890513,0.11836220106727496,0.14123758891073726,0.13887615383035656,0.14363248009812524,0.14562
6,any_2_to_5,19,rank,monte_carlo,100000,20260921,0.8210005442438841,82000,13983,0.13983,0,0.13983,0.1376942783391522,0.14199339317925874,0.17052439024390245,0.1679656276824009,0.1731140224202353,0.17955
6,any_2_to_5,20,rank,monte_carlo,100000,20260921,0.9826152392217116,98267,47081,0.33984,0.23096,0.47081,0.46771743403865385,0.47390480860127293,0.4791130287889118,0.47599039581814084,0.4822372947850503,0.81442
6,any_2_to_5,21,rank,monte_carlo,100000,20260921,0.8080990170208836,80653,4642,0.04331,0.00329,0.04642,0.045133303832531224,0.047741544287303414,0.057555205634012375,0.05596880815986002,0.05918374946272856,0.06115
6,any_2_to_5,22,rank,monte_carlo,100000,20260921,0.8039014623852815,80167,1152,0.01152,0,0.01152,0.010877108148479081,0.012200421305149428,0.014370002619531728,0.013569122584239934,0.015217423171567629,0.01525
6,any_2_to_5,23,rank,monte_carlo,100000,20260921,0.7960344858074162,79493,0,0,0,0,0,0.000038414524267635735,0,0,0.00004832393240639134,0
6,any_2_to_5,24,rank,monte_carlo,100000,20260921,0.78768564709026,78665,4616,0.04308,0.00321,0.04616,0.04487679312581945,0.047478074969567796,0.05867920930528189,0.05705826899692271,0.06034325125121579,0.06108
6,any_2_to_5,25,rank,monte_carlo,100000,20260921,0.7695247984627567,76801,213,0.00213,0,0.00213,0.0018627438122386282,0.002435507066155628,0.0027734013880027606,0.002425507639104562,0.00317103537882935,0.00257
6,any_2_to_5,26,rank,monte_carlo,100000,20260921,0.7594312356693905,75644,1126,0.01126,0,0.01126,0.010624535043044654,0.011933014386136474,0.01488551636613611,0.014046855226642533,0.01577344833109969,0.01446
6,any_2_to_5,27,rank,monte_carlo,100000,20260921,0.7355249792224582,73369,4658,0.04317,0.00362,0.04658,0.045291162169457076,0.04790367365772979,0.06348730390219302,0.0617456444941429,0.06527467251644974,0.06197
6,any_2_to_5,28,rank,monte_carlo,100000,20260921,0.7144194175215094,71358,3,0,0.00003,0.00003,0.000010202573900776641,0.00008820964549540304,0.00004204153703859413,0.000014297758451681392,0.00012361348065512997,0.00003
6,any_2_to_5,29,rank,monte_carlo,100000,20260921,0.6837666981686291,68225,4202,0.04202,0,0.04202,0.04079394520208674,0.04328124096556144,0.06159032612678637,0.05981089146948553,0.06341912977713049,0.05642
6,any_2_to_5,30,rank,monte_carlo,100000,20260921,0.7536184359177386,75548,10173,0.0896,0.01298,0.10173,0.09987164197060404,0.10361895673455611,0.13465611267009053,0.13224050432474438,0.137108874446719,0.14747
6,any_2_to_5,31,rank,monte_carlo,100000,20260921,0.5817586936574958,58112,0,0,0,0,0,0.000038414524267635735,0,0,0.00006610245836997395,0
6,any_2_to_5,32,rank,monte_carlo,100000,20260921,0.5401919196483831,53799,7,0,0.00007,0.00007,0.00003390860494423725,0.00014450054129000098,0.000130113942638339,0.00006302895580291878,0.00026858178202101055,0.00007
6,any_2_to_5,33,rank,monte_carlo,100000,20260921,0.4984087251922045,49803,0,0,0,0,0,0.000038414524267635735,0,0,0.00007712996601655623,0
6,any_2_to_5,34,rank,monte_carlo,100000,20260921,0.45139833347414254,45211,1022,0.01022,0,0.01022,0.00961516565057274,0.010862463680818866,0.022605118223441197,0.021274973560846212,0.024016384929725167,0.01314
6,any_2_to_5,35,rank,monte_carlo,100000,20260921,0.4084525790676336,41008,221,0.00221,0,0.00221,0.0019374476445794472,0.002520797087490926,0.005389192352711666,0.004725428169504632,0.006145617426263006,0.00261
6,any_2_to_5,36,rank,monte_carlo,100000,20260921,0.36202238669608594,36097,3,0,0.00003,0.00003,0.000010202573900776641,0.00008820964549540304,0.00008310939967310302,0.000028264577802185735,0.0002443495653539672,0.00003
6,any_2_to_5,37,rank,monte_carlo,100000,20260921,0.318672968369017,32000,1055,0.01055,0,0.01055,0.009935279208552347,0.01120232476925324,0.03296875,0.031067747568984092,0.0349818731740457,0.01389
6,any_2_to_5,38,rank,monte_carlo,100000,20260921,0.27491634951853083,27581,0,0,0,0,0,0.000038414524267635735,0,0,0.0001392648924980595,0
6,any_2_to_5,39,rank,monte_carlo,100000,20260921,0.23528311488261425,23549,1058,0.01058,0,0.01058,0.009964388388095179,0.011233213284838957,0.04492759777485243,0.04235527306078523,0.04764837218939128,0.01385
6,any_2_to_5,40,rank,monte_carlo,100000,20260921,0.2133721901199105,21587,1336,0.01313,0.00023,0.01336,0.012666857743786423,0.01409053034439278,0.0618890999212489,0.058752035696227514,0.065182067919261,0.017
6,any_2_to_5,41,rank,monte_carlo,100000,20260921,0.13838068779066454,13762,0,0,0,0,0,0.000038414524267635735,0,0,0.00027906757259214723,0
6,any_2_to_5,42,rank,monte_carlo,100000,20260921,0.11083890184551726,11057,0,0,0,0,0,0.000038414524267635735,0,0,0.0003473153435268433,0
6,any_2_to_5,43,rank,monte_carlo,100000,20260921,0.08900548762876673,8925,0,0,0,0,0,0.000038414524267635735,0,0,0.00043024618109475704,0
6,any_2_to_5,44,rank,monte_carlo,100000,20260921,0.0687420303637003,6922,180,0.0018,0,0.0018,0.0015557221937174512,0.0020825540382628208,0.026004045073678126,0.022509583586762045,0.0300243351791537,0.00203
6,any_2_to_5,45,rank,monte_carlo,100000,20260921,0.053308786689798666,5448,0,0,0,0,0,0.000038414524267635735,0,0,0.0007046426293823355,0
6,any_2_to_5,46,rank,monte_carlo,100000,20260921,0.038797712210907276,3825,0,0,0,0,0,0.000038414524267635735,0,0,0.0010033321827677595,0
6,any_2_to_5,47,rank,monte_carlo,100000,20260921,0.0287816599634944,2932,199,0.00199,0,0.00199,0.0017322576222423673,0.0022860040122186834,0.06787175989085949,0.059321104516261915,0.0775533099616854,0.0024
6,any_2_to_5,48,rank,monte_carlo,100000,20260921,0.018765214760208503,1875,0,0,0,0,0,0.000038414524267635735,0,2.168404344971009e-19,0.002044664116442812,0
6,any_2_to_5,49,rank,monte_carlo,100000,20260921,0.012837475415698194,1299,190,0.0019,0,0.0019,0.0016485514958211283,0.00218971705325429,0.1462663587374904,0.1280924445421791,0.16652633336604855,0.00228
6,any_2_to_5,50,rank,monte_carlo,100000,20260921,0.008117289468979081,809,0,0,0,0,0,0.000038414524267635735,0,4.336808689942018e-19,0.00472613606390224,0
6,2,2,value,exact,,,0.06079970449718349,,,0,0.06079970449718349,0.06079970449718349,,,1,,,0.06787330316742081
6,2,3,value,exact,,,0.1411963148598228,,,0.1411963148598228,0,0.1411963148598228,,,1,,,0.18099547511312217
6,2,4,value,exact,,,0.19759609244679868,,,0,0.06079970449718349,0.06079970449718349,,,0.30769689695940405,,,0.06787330316742081
6,2,5,value,exact,,,0.27153447303635037,,,0.1411963148598228,0,0.1411963148598228,,,0.5199940666131215,,,0.18099547511312217
6,2,6,value,exact,,,0.32360977124073853,,,0,0.06079970449718349,0.06079970449718349,,,0.18787969307624403,,,0.06787330316742081
6,2,7,value,exact,,,0.3912156679365691,,,0.1411963148598228,0,0.1411963148598228,,,0.36091682013798104,,,0.18099547511312217
6,2,8,value,exact,,,0.43904193428598937,,,0,0.06079970449718349,0.06079970449718349,,,0.13848268183325493,,,0.06787330316742081
6,2,9,value,exact,,,0.5004410929674652,,,0.1411963148598228,0,0.1411963148598228,,,0.2821437264925051,,,0.18099547511312217
6,2,10,value,exact,,,0.5440937749895376,,,0,0.06079970449718349,0.06079970449718349,,,0.11174490003741104,,,0.06787330316742081
6,2,11,value,exact,,,0.7220697771743722,,,0.1411963148598228,0,0.1411963148598228,,,0.19554386476658392,,,0.18099547511312217
6,2,12,value,exact,,,0.6782357460169011,,,0,0.06079970449718349,0.06079970449718349,,,0.0896439104754417,,,0.06787330316742081
6,2,13,value,exact,,,0.6427467222568242,,,0.1411963148598228,0,0.1411963148598228,,,0.2196764448118097,,,0.18099547511312217
6,2,14,value,exact,,,0.5932089366024642,,,0,0.06079970449718349,0.06079970449718349,,,0.10249290047012237,,,0.06787330316742081
6,2,15,value,exact,,,0.5537726710978991,,,0.1411963148598228,0,0.1411963148598228,,,0.2549716196357067,,,0.18099547511312217
6,2,16,value,exact,,,0.4984053850672839,,,0,0.06079970449718349,0.06079970449718349,,,0.12198845822858763,,,0.06787330316742081
6,2,17,value,exact,,,0.4549464302906105,,,0.1411963148598228,0,0.1411963148598228,,,0.3103581113267105,,,0.18099547511312217
6,2,18,value,exact,,,0.3936238980043736,,,0,0.06079970449718349,0.06079970449718349,,,0.15446141559349108,,,0.06787330316742081
6,2,19,value,exact,,,0.34606680642797216,,,0.34606680642797216,0,0.34606680642797216,,,1,,,0.7239819004524887
6,2,20,value,exact,,,0.6080430208089782,,,0,0.6080430208089782,0.6080430208089782,,,1,,,1.3574660633484164
6,2,21,value,exact,,,0,,,0,0,0,,,,,,0
6,2,22,value,exact,,,0,,,0,0,0,,,,,,0
6,2,23,value,exact,,,0,,,0,0,0,,,,,,0
6,2,24,value,exact,,,0,,,0,0,0,,,,,,0
6,2,25,value,exact,,,0,,,0,0,0,,,,,,0
6,2,26,value,exact,,,0,,,0,0,0,,,,,,0
6,2,27,value,exact,,,0,,,0,0,0,,,,,,0
6,2,28,value,exact,,,0,,,0,0,0,,,,,,0
6,2,29,value,exact,,,0,,,0,0,0,,,,,,0
6,2,30,value,exact,,,0,,,0,0,0,,,,,,0
6,2,31,value,exact,,,0,,,0,0,0,,,,,,0
6,2,32,value,exact,,,0,,,0,0,0,,,,,,0
6,2,33,value,exact,,,0,,,0,0,0,,,,,,0
6,2,34,value,exact,,,0,,,0,0,0,,,,,,0
6,2,35,value,exact,,,0,,,0,0,0,,,,,,0
6,2,36,value,exact,,,0,,,0,0,0,,,,,,0
6,2,37,value,exact,,,0,,,0,0,0,,,,,,0
6,2,38,value,exact,,,0,,,0,0,0,,,,,,0
6,2,39,value,exact,,,0,,,0,0,0,,,,,,0
6,2,40,value,exact,,,0,,,0,0,0,,,,,,0
6,2,41,value,exact,,,0,,,0,0,0,,,,,,0
6,2,42,value,exact,,,0,,,0,0,0,,,,,,0
6,2,43,value,exact,,,0,,,0,0,0,,,,,,0
6,2,44,value,exact,,,0,,,0,0,0,,,,,,0
6,2,45,value,exact,,,0,,,0,0,0,,,,,,0
6,2,46,value,exact,,,0,,,0,0,0,,,,,,0
6,2,47,value,exact,,,0,,,0,0,0,,,,,,0
6,2,48,value,exact,,,0,,,0,0,0,,,,,,0
6,2,49,value,exact,,,0,,,0,0,0,,,,,,0
6,2,50,value,exact,,,0,,,0,0,0,,,,,,0
6,3,2,value,exact,,,0,,,0,0,0,,,,,,0
6,3,3,value,exact,,,0.003453689167974882,,,0,0.003453689167974882,0.003453689167974882,,,1,,,0.0036199095022624436
6,3,4,value,exact,,,0.018142969135280955,,,0,0,0,,,0,,,0
6,3,5,value,exact,,,0.0359829692924633,,,0,0,0,,,0,,,0
6,3,6,value,exact,,,0.0640402151040449,,,0.04336071580841829,0.003453689167974882,0.046678442244328176,,,0.7288926523511924,,,0.06153846153846154
6,3,7,value,exact,,,0.09485424284279997,,,0,0,0,,,0,,,0
6,3,8,value,exact,,,0.13432430255244487,,,0,0,0,,,0,,,0
6,3,9,value,exact,,,0.1755618777789348,,,0.04336071580841829,0.003453689167974882,0.046678442244328176,,,0.26588028582779827,,,0.06153846153846154
6,3,10,value,exact,,,0.22483991960122837,,,0,0,0,,,0,,,0
6,3,11,value,exact,,,0.27549055628798164,,,0,0,0,,,0,,,0
6,3,12,value,exact,,,0.3535072294056739,,,0.04336071580841829,0.003453689167974882,0.046678442244328176,,,0.13204381229432072,,,0.06153846153846154
6,3,13,value,exact,,,0.4172820028174936,,,0,0,0,,,0,,,0
6,3,14,value,exact,,,0.4731597385271621,,,0,0,0,,,0,,,0
6,3,15,value,exact,,,0.5157093934136666,,,0.04336071580841829,0.003453689167974882,0.046678442244328176,,,0.09051307352644232,,,0.06153846153846154
6,3,16,value,exact,,,0.5510467362067577,,,0,0,0,,,0,,,0
6,3,17,value,exact,,,0.5766806231494235,,,0,0,0,,,0,,,0
6,3,18,value,exact,,,0.5905413556584663,,,0.04336071580841829,0.003453689167974882,0.046678442244328176,,,0.07904347730614177,,,0.06153846153846154
6,3,19,value,exact,,,0.6007259859754049,,,0,0,0,,,0,,,0
6,3,20,value,exact,,,0.5969015429412354,,,0,0,0,,,0,,,0
6,3,21,value,exact,,,0.6810084426569318,,,0.04336071580841829,0.003453689167974882,0.046678442244328176,,,0.0685431182941195,,,0.06153846153846154
6,3,22,value,exact,,,0.6170831671457454,,,0,0,0,,,0,,,0
6,3,23,value,exact,,,0.5572407031552392,,,0,0,0,,,0,,,0
6,3,24,value,exact,,,0.48912573212591093,,,0.04336071580841829,0.003453689167974882,0.046678442244328176,,,0.09543239943939853,,,0.06153846153846154
6,3,25,value,exact,,,0.4333195143851321,,,0,0,0,,,0,,,0
6,3,26,value,exact,,,0.3671930965512228,,,0,0,0,,,0,,,0
6,3,27,value,exact,,,0.3144672598990496,,,0.11603986930287663,0.003453689167974882,0.11902515507021139,,,0.3784977651041348,,,0.23529411764705882
6,3,28,value,exact,,,0.2523232533602639,,,0,0,0,,,0,,,0
6,3,29,value,exact,,,0.2080481292353275,,,0,0,0,,,0,,,0
6,3,30,value,exact,,,0.2608370353051204,,,0,0.2608370353051204,0.2608370353051204,,,1,,,0.5067873303167421
6,3,31,value,exact,,,0,,,0,0,0,,,,,,0
6,3,32,value,exact,,,0,,,0,0,0,,,,,,0
6,3,33,value,exact,,,0,,,0,0,0,,,,,,0
6,3,34,value,exact,,,0,,,0,0,0,,,,,,0
6,3,35,value,exact,,,0,,,0,0,0,,,,,,0
6,3,36,value,exact,,,0,,,0,0,0,,,,,,0
6,3,37,value,exact,,,0,,,0,0,0,,,,,,0
6,3,38,value,exact,,,0,,,0,0,0,,,,,,0
6,3,39,value,exact,,,0,,,0,0,0,,,,,,0
6,3,40,value,exact,,,0,,,0,0,0,,,,,,0
6,3,41,value,exact,,,0,,,0,0,0,,,,,,0
6,3,42,value,exact,,,0,,,0,0,0,,,,,,0
6,3,43,value,exact,,,0,,,0,0,0,,,,,,0
6,3,44,value,exact,,,0,,,0,0,0,,,,,,0
6,3,45,value,exact,,,0,,,0,0,0,,,,,,0
6,3,46,value,exact,,,0,,,0,0,0,,,,,,0
6,3,47,value,exact,,,0,,,0,0,0,,,,,,0
6,3,48,value,exact,,,0,,,0,0,0,,,,,,0
6,3,49,value,exact,,,0,,,0,0,0,,,,,,0
6,3,50,value,exact,,,0,,,0,0,0,,,,,,0
6,4,2,value,exact,,,0,,,0,0,0,,,,,,0
6,4,3,value,exact,,,0,,,0,0,0,,,,,,0
6,4,4,value,exact,,,0.000055406778095853724,,,0,0.000055406778095853724,0.000055406778095853724,,,1,,,0.000055406778095853724
6,4,5,value,exact,,,0.000805068344850215,,,0,0,0,,,0,,,0
6,4,6,value,exact,,,0.0025782817218540444,,,0,0,0,,,0,,,0
6,4,7,value,exact,,,0.005992773541495158,,,0,0,0,,,0,,,0
6,4,8,value,exact,,,0.011352986366395985,,,0,0.000055406778095853724,0.000055406778095853724,,,0.004880370354346039,,,0.000055406778095853724
6,4,9,value,exact,,,0.018950493454337546,,,0,0,0,,,0,,,0
6,4,10,value,exact,,,0.02944742545135894,,,0.01085815668329525,0,0.01085815668329525,,,0.3687302545762678,,,0.014184135192538553
6,4,11,value,exact,,,0.042854686882936484,,,0,0,0,,,0,,,0
6,4,12,value,exact,,,0.05991378548145936,,,0,0.000055406778095853724,0.000055406778095853724,,,0.0009247751189582178,,,0.000055406778095853724
6,4,13,value,exact,,,0.08176321265003546,,,0,0,0,,,0,,,0
6,4,14,value,exact,,,0.11154985725877913,,,0.01085815668329525,0,0.01085815668329525,,,0.09733904596673697,,,0.014184135192538553
6,4,15,value,exact,,,0.14362861347484984,,,0,0,0,,,0,,,0
6,4,16,value,exact,,,0.17991602532993559,,,0,0.000055406778095853724,0.000055406778095853724,,,0.0003079591047781711,,,0.000055406778095853724
6,4,17,value,exact,,,0.2174516615156701,,,0,0,0,,,0,,,0
6,4,18,value,exact,,,0.25710837526499963,,,0.01085815668329525,0,0.01085815668329525,,,0.04223182800678442,,,0.014184135192538553
6,4,19,value,exact,,,0.29346033012222894,,,0,0,0,,,0,,,0
6,4,20,value,exact,,,0.3324322200238524,,,0,0.000055406778095853724,0.000055406778095853724,,,0.0001666709023929095,,,0.000055406778095853724
6,4,21,value,exact,,,0.36528676937223337,,,0,0,0,,,0,,,0
6,4,22,value,exact,,,0.41231140574069236,,,0.01085815668329525,0,0.01085815668329525,,,0.026334844324253488,,,0.014184135192538553
6,4,23,value,exact,,,0.4450627059334372,,,0,0,0,,,0,,,0
6,4,24,value,exact,,,0.4694085817633109,,,0,0.000055406778095853724,0.000055406778095853724,,,0.0001180352900403329,,,0.000055406778095853724
6,4,25,value,exact,,,0.4808566634509778,,,0,0,0,,,0,,,0
6,4,26,value,exact,,,0.48548666602483875,,,0.01085815668329525,0,0.01085815668329525,,,0.022365509586909475,,,0.014184135192538553
6,4,27,value,exact,,,0.4813117063519352,,,0,0,0,,,0,,,0
6,4,28,value,exact,,,0.46724516320439796,,,0,0.000055406778095853724,0.000055406778095853724,,,0.0001185818119889576,,,0.000055406778095853724
6,4,29,value,exact,,,0.4503106316176225,,,0,0,0,,,0,,,0
6,4,30,value,exact,,,0.42395468825828203,,,0.01085815668329525,0,0.01085815668329525,,,0.0256115971447407,,,0.014184135192538553
6,4,31,value,exact,,,0.42464756770138495,,,0,0,0,,,0,,,0
6,4,32,value,exact,,,0.36165782188489143,,,0,0.000055406778095853724,0.000055406778095853724,,,0.00015320221143589317,,,0.000055406778095853724
6,4,33,value,exact,,,0.30808349526389933,,,0,0,0,,,0,,,0
6,4,34,value,exact,,,0.2533862972357519,,,0.03231669099718447,0,0.03231669099718447,,,0.12753922114074248,,,0.05673654077015421
6,4,35,value,exact,,,0.2107083422567063,,,0,0,0,,,0,,,0
6,4,36,value,exact,,,0.16560810903739565,,,0,0.000055406778095853724,0.000055406778095853724,,,0.00033456561045173473,,,0.000055406778095853724
6,4,37,value,exact,,,0.13244813473670974,,,0,0,0,,,0,,,0
6,4,38,value,exact,,,0.09637203490234064,,,0,0,0,,,0,,,0
6,4,39,value,exact,,,0.0728025416385867,,,0,0,0,,,0,,,0
6,4,40,value,exact,,,0.06443768996960486,,,0,0.06443768996960486,0.06443768996960486,,,1,,,0.10084033613445378
6,4,41,value,exact,,,0,,,0,0,0,,,,,,0
6,4,42,value,exact,,,0,,,0,0,0,,,,,,0
6,4,43,value,exact,,,0,,,0,0,0,,,,,,0
6,4,44,value,exact,,,0,,,0,0,0,,,,,,0
6,4,45,value,exact,,,0,,,0,0,0,,,,,,0
6,4,46,value,exact,,,0,,,0,0,0,,,,,,0
6,4,47,value,exact,,,0,,,0,0,0,,,,,,0
6,4,48,value,exact,,,0,,,0,0,0,,,,,,0
6,4,49,value,exact,,,0,,,0,0,0,,,,,,0
6,4,50,value,exact,,,0,,,0,0,0,,,,,,0
6,5,2,value,exact,,,0,,,0,0,0,,,,,,0
6,5,3,value,exact,,,0,,,0,0,0,,,,,,0
6,5,4,value,exact,,,0,,,0,0,0,,,,,,0
6,5,5,value,exact,,,0,,,0,0,0,,,,,,0
6,5,6,value,exact,,,0.000008939746111210441,,,0,0,0,,,0,,,0
6,5,7,value,exact,,,0.00006189055000068767,,,0,0,0,,,0,,,0
6,5,8,value,exact,,,0.00019785328206569044,,,0,0,0,,,0,,,0
6,5,9,value,exact,,,0.0005097620062755053,,,0,0,0,,,0,,,0
6,5,10,value,exact,,,0.0010227658985034276,,,0,0,0,,,0,,,0
6,5,11,value,exact,,,0.001914088057481585,,,0,0,0,,,0,,,0
6,5,12,value,exact,,,0.0032125125009087106,,,0,0,0,,,0,,,0
6,5,13,value,exact,,,0.005130333639183988,,,0,0,0,,,0,,,0
6,5,14,value,exact,,,0.00775380528643536,,,0,0,0,,,0,,,0
6,5,15,value,exact,,,0.011599860893620952,,,0.0019867848939903294,0,0.0019867848939903294,,,0.17127661376378325,,,0.002364022532089759
6,5,16,value,exact,,,0.01675681729320206,,,0,0,0,,,0,,,0
6,5,17,value,exact,,,0.023684432856612366,,,0,0,0,,,0,,,0
6,5,18,value,exact,,,0.032245173028294785,,,0,0,0,,,0,,,0
6,5,19,value,exact,,,0.04265879838023589,,,0,0,0,,,0,,,0
6,5,20,value,exact,,,0.05493847293418186,,,0.0019867848939903294,0,0.0019867848939903294,,,0.036163817228239394,,,0.002364022532089759
6,5,21,value,exact,,,0.06892504956155948,,,0,0,0,,,0,,,0
6,5,22,value,exact,,,0.08457893795816199,,,0,0,0,,,0,,,0
6,5,23,value,exact,,,0.1021346345412142,,,0,0,0,,,0,,,0
6,5,24,value,exact,,,0.12234199735540698,,,0,0,0,,,0,,,0
6,5,25,value,exact,,,0.1423125060171368,,,0.0019867848939903294,0,0.0019867848939903294,,,0.01396071891075467,,,0.002364022532089759
6,5,26,value,exact,,,0.16346640129046708,,,0,0,0,,,0,,,0
6,5,27,value,exact,,,0.18226501729988231,,,0,0,0,,,0,,,0
6,5,28,value,exact,,,0.20083296821183466,,,0,0,0,,,0,,,0
6,5,29,value,exact,,,0.21604576364097194,,,0,0,0,,,0,,,0
6,5,30,value,exact,,,0.22966826665199633,,,0.0019867848939903294,0,0.0019867848939903294,,,0.00865067221933971,,,0.002364022532089759
6,5,31,value,exact,,,0.23895597518876618,,,0,0,0,,,0,,,0
6,5,32,value,exact,,,0.24876582384181167,,,0,0,0,,,0,,,0
6,5,33,value,exact,,,0.2519053447893069,,,0,0,0,,,0,,,0
6,5,34,value,exact,,,0.248558343140857,,,0,0,0,,,0,,,0
6,5,35,value,exact,,,0.24094423366728032,,,0.0019867848939903294,0,0.0019867848939903294,,,0.008245828770211945,,,0.002364022532089759
6,5,36,value,exact,,,0.228366305605712,,,0,0,0,,,0,,,0
6,5,37,value,exact,,,0.21338279992848203,,,0,0,0,,,0,,,0
6,5,38,value,exact,,,0.195354966863996,,,0,0,0,,,0,,,0
6,5,39,value,exact,,,0.17612400115529026,,,0,0,0,,,0,,,0
6,5,40,value,exact,,,0.15519232242815292,,,0.006739979134043143,0,0.006739979134043143,,,0.04342984903240591,,,0.009456090128359036
6,5,41,value,exact,,,0.13838068779066454,,,0,0,0,,,0,,,0
6,5,42,value,exact,,,0.11083890184551726,,,0,0,0,,,0,,,0
6,5,43,value,exact,,,0.08900548762876673,,,0,0,0,,,0,,,0
6,5,44,value,exact,,,0.0687420303637003,,,0,0,0,,,0,,,0
6,5,45,value,exact,,,0.053308786689798666,,,0,0,0,,,0,,,0
6,5,46,value,exact,,,0.038797712210907276,,,0,0,0,,,0,,,0
6,5,47,value,exact,,,0.0287816599634944,,,0,0,0,,,0,,,0
6,5,48,value,exact,,,0.018765214760208503,,,0,0,0,,,0,,,0
6,5,49,value,exact,,,0.012837475415698194,,,0,0,0,,,0,,,0
6,5,50,value,exact,,,0.008117289468979081,,,0,0.008117289468979081,0.008117289468979081,,,1,,,0.010084033613445379
6,any_2_to_5,2,value,exact,,,0.06079970449718349,,,0,0.06079970449718349,0.06079970449718349,,,1,,,0.06787330316742081
6,any_2_to_5,3,value,exact,,,0.14384493568294748,,,0.1411963148598228,0.003453689167974882,0.14384493568294748,,,1,,,0.18461538461538463
6,any_2_to_5,4,value,exact,,,0.20990248800011002,,,0,0.060854816558374575,0.060854816558374575,,,0.28991946278570396,,,0.06792870994551667
6,any_2_to_5,5,value,exact,,,0.29227586288197765,,,0.1411963148598228,0,0.1411963148598228,,,0.48309262854469287,,,0.18099547511312217
6,any_2_to_5,6,value,exact,,,0.3578801405996114,,,0.04336071580841829,0.0642004428612689,0.1030299844978908,,,0.2878896390430296,,,0.12941176470588237
6,any_2_to_5,7,value,exact,,,0.4383903152095535,,,0.1411963148598228,0,0.1411963148598228,,,0.32207900120314026,,,0.18099547511312217
6,any_2_to_5,8,value,exact,,,0.5053174788737099,,,0,0.060854816558374575,0.060854816558374575,,,0.12042887709725067,,,0.06792870994551667
6,any_2_to_5,9,value,exact,,,0.5774150576760982,,,0.17369887398494585,0.003453689167974882,0.17689321227672739,,,0.306353653104689,,,0.2425339366515837
6,any_2_to_5,10,value,exact,,,0.6420841004159438,,,0.01085815668329525,0.06079970449718349,0.07158241365285885,,,0.11148448249456352,,,0.08205743835995936
6,any_2_to_5,11,value,exact,,,0.7712622528553156,,,0.1411963148598228,0,0.1411963148598228,,,0.18307172992985882,,,0.18099547511312217
6,any_2_to_5,12,value,exact,,,0.782078068543293,,,0.04336071580841829,0.06425555492245998,0.10670304128197924,,,0.1364352813021921,,,0.1294671714839782
6,any_2_to_5,13,value,exact,,,0.7944039154123188,,,0.1411963148598228,0,0.1411963148598228,,,0.1777386945361892,,,0.18099547511312217
6,any_2_to_5,14,value,exact,,,0.8036914274711521,,,0.01085815668329525,0.06079970449718349,0.07158241365285885,,,0.08906703643473694,,,0.08205743835995936
6,any_2_to_5,15,value,exact,,,0.8093122682788336,,,0.18435583726125473,0.003453689167974882,0.18753760096509964,,,0.23172464858828387,,,0.24489795918367346
6,any_2_to_5,16,value,exact,,,0.8174943954668611,,,0,0.060854816558374575,0.060854816558374575,,,0.074440652921689,,,0.06792870994551667
6,any_2_to_5,17,value,exact,,,0.82046818727491,,,0.1411963148598228,0,0.1411963148598228,,,0.17209237000253477,,,0.18099547511312217
6,any_2_to_5,18,value,exact,,,0.8244504020920971,,,0.052232087597723215,0.0642004428612689,0.11543206480628258,,,0.1400109266893025,,,0.14359589989842092
6,any_2_to_5,19,value,exact,,,0.8210005442438841,,,0.34606680642797216,0,0.34606680642797216,,,0.4215183642133744,,,0.7239819004524887
6,any_2_to_5,20,value,exact,,,0.9826152392217116,,,0.0019867848939903294,0.6080925332489788,0.6100793181429691,,,0.6208730475482829,,,1.359885492658602
6,any_2_to_5,21,value,exact,,,0.8080990170208836,,,0.04336071580841829,0.003453689167974882,0.046678442244328176,,,0.05776327066503766,,,0.06153846153846154
6,any_2_to_5,22,value,exact,,,0.8039014623852815,,,0.01085815668329525,0,0.01085815668329525,,,0.013506825390113943,,,0.014184135192538553
6,any_2_to_5,23,value,exact,,,0.7960344858074162,,,0,0,0,,,0,,,0
6,any_2_to_5,24,value,exact,,,0.78768564709026,,,0.04336071580841829,0.003509095946070736,0.04673384902242403,,,0.059330583456815036,,,0.061593868316557394
6,any_2_to_5,25,value,exact,,,0.7695247984627567,,,0.0019867848939903294,0,0.0019867848939903294,,,0.002581833487314815,,,0.002364022532089759
6,any_2_to_5,26,value,exact,,,0.7594312356693905,,,0.01085815668329525,0,0.01085815668329525,,,0.014297748332308813,,,0.014184135192538553
6,any_2_to_5,27,value,exact,,,0.7355249792224582,,,0.11603986930287663,0.003453689167974882,0.11902515507021139,,,0.16182340291968852,,,0.23529411764705882
6,any_2_to_5,28,value,exact,,,0.7144194175215094,,,0,0.000055406778095853724,0.000055406778095853724,,,0.00007755497224315794,,,0.000055406778095853724
6,any_2_to_5,29,value,exact,,,0.6837666981686291,,,0,0,0,,,0,,,0
6,any_2_to_5,30,value,exact,,,0.7536184359177386,,,0.012643748170299215,0.2608370353051204,0.27348078347541965,,,0.3628902511419871,,,0.5233354880413704
6,any_2_to_5,31,value,exact,,,0.5817586936574958,,,0,0,0,,,0,,,0
6,any_2_to_5,32,value,exact,,,0.5401919196483831,,,0,0.000055406778095853724,0.000055406778095853724,,,0.00010256869101618294,,,0.000055406778095853724
6,any_2_to_5,33,value,exact,,,0.4984087251922045,,,0,0,0,,,0,,,0
6,any_2_to_5,34,value,exact,,,0.45139833347414254,,,0.03231669099718447,0,0.03231669099718447,,,0.07159240209963173,,,0.05673654077015421
6,any_2_to_5,35,value,exact,,,0.4084525790676336,,,0.0019867848939903294,0,0.0019867848939903294,,,0.004864175171878025,,,0.002364022532089759
6,any_2_to_5,36,value,exact,,,0.36202238669608594,,,0,0.000055406778095853724,0.000055406778095853724,,,0.00015304793331017715,,,0.000055406778095853724
6,any_2_to_5,37,value,exact,,,0.318672968369017,,,0,0,0,,,0,,,0
6,any_2_to_5,38,value,exact,,,0.27491634951853083,,,0,0,0,,,0,,,0
6,any_2_to_5,39,value,exact,,,0.23528311488261425,,,0,0,0,,,0,,,0
6,any_2_to_5,40,value,exact,,,0.2133721901199105,,,0.006739979134043143,0.06443768996960486,0.071177669103648,,,0.3335845644347922,,,0.11029642626281282
6,any_2_to_5,41,value,exact,,,0.13838068779066454,,,0,0,0,,,0,,,0
6,any_2_to_5,42,value,exact,,,0.11083890184551726,,,0,0,0,,,0,,,0
6,any_2_to_5,43,value,exact,,,0.08900548762876673,,,0,0,0,,,0,,,0
6,any_2_to_5,44,value,exact,,,0.0687420303637003,,,0,0,0,,,0,,,0
6,any_2_to_5,45,value,exact,,,0.053308786689798666,,,0,0,0,,,0,,,0
6,any_2_to_5,46,value,exact,,,0.038797712210907276,,,0,0,0,,,0,,,0
6,any_2_to_5,47,value,exact,,,0.0287816599634944,,,0,0,0,,,0,,,0
6,any_2_to_5,48,value,exact,,,0.018765214760208503,,,0,0,0,,,0,,,0
6,any_2_to_5,49,value,exact,,,0.012837475415698194,,,0,0,0,,,0,,,0
6,any_2_to_5,50,value,exact,,,0.008117289468979081,,,0,0.008117289468979081,0.008117289468979081,,,1,,,0.010084033613445379
7,2,2,rank,monte_carlo,100000,20260922,0.08274078862314156,8236,8236,0,0.08236,0.08236,0.08067207590187798,0.0840800109819523,1,0.9995337774454305,1,0.0938
7,2,3,rank,monte_carlo,100000,20260922,0.18572385333554187,18540,18540,0.1854,0,0.1854,0.1830033987908631,0.1878207716278061,1,0.9997928368844564,0.9999999999999998,0.25126
7,2,4,rank,monte_carlo,100000,20260922,0.25913369973336237,26004,8286,0,0.08286,0.08286,0.08116735849792975,0.08458468997137628,0.3186432856483618,0.31300704935306134,0.32433309808923927,0.09465
7,2,5,rank,monte_carlo,100000,20260922,0.34928431203122395,34717,18442,0.18442,0,0.18442,0.18202836594808655,0.1868358797630502,0.5312094939078837,0.5259569587598396,0.536455122864357,0.25209
7,2,6,rank,monte_carlo,100000,20260922,0.4138071538300085,41312,8205,0,0.08205,0.08205,0.08036501004410579,0.08376710065672954,0.1986105731990705,0.1947915073762976,0.20248568617359733,0.09427
7,2,7,rank,monte_carlo,100000,20260922,0.4918141824437738,48976,18457,0.18457,0,0.18457,0.18217760401941088,0.18698663016736863,0.3768580529238811,0.3725759962023946,0.38115942624944127,0.25142
7,2,8,rank,monte_carlo,100000,20260922,0.5478939572698075,54578,8216,0,0.08216,0.08216,0.08047396807433956,0.08387813417530042,0.1505368463483455,0.1475613111513702,0.15356157364334147,0.09405
7,2,9,rank,monte_carlo,100000,20260922,0.614446270929919,61428,18406,0.18406,0,0.18406,0.18167019701627382,0.1864740763533204,0.2996353454450739,0.2960252738652025,0.3032704763699655,0.25116
7,2,10,rank,monte_carlo,100000,20260922,0.662526916409487,66195,8224,0,0.08224,0.08224,0.08055321084681284,0.08395888525650326,0.12423899086033688,0.12174793270655335,0.126773660758913,0.09426
7,2,11,rank,monte_carlo,100000,20260922,0.817635996261452,81896,18586,0.18586,0,0.18586,0.18346107602066586,0.188283059056641,0.226946371007131,0.22409047776789492,0.22982787999361753,0.25365
7,2,12,rank,monte_carlo,100000,20260922,0.7774156898225026,77774,8358,0,0.08358,0.08358,0.08188059787676244,0.08531139527562864,0.10746521973924447,0.10530794128461535,0.10966127431778827,0.09573
7,2,13,rank,monte_carlo,100000,20260922,0.7416135314867426,74164,18731,0.18731,0,0.18731,0.18490379062064083,0.18974023305454568,0.25256188986570305,0.24944773824864358,0.25570167410799155,0.25716
7,2,14,rank,monte_carlo,100000,20260922,0.6922347391956142,69234,8417,0,0.08417,0.08417,0.08246508618686488,0.08590686163638755,0.12157321547216686,0.1191599227721958,0.12402850151860419,0.09654
7,2,15,rank,monte_carlo,100000,20260922,0.6494897169000668,65009,18833,0.18833,0,0.18833,0.18591869860990487,0.19076524669965209,0.2896983494593056,0.2862237622669115,0.293197790043763,0.25646
7,2,16,rank,monte_carlo,100000,20260922,0.5902635700263169,59009,8357,0,0.08357,0.08357,0.08187069151379735,0.08530130240688423,0.14162246436984188,0.1388325785164198,0.1444590093267252,0.09585
7,2,17,rank,monte_carlo,100000,20260922,0.5401317461446972,54283,18603,0.18603,0,0.18603,0.18363021901601323,0.18845390300035536,0.3427039773041284,0.3387225566555492,0.34670766001043585,0.25398
7,2,18,rank,monte_carlo,100000,20260922,0.4703693759578833,47232,8264,0,0.08264,0.08264,0.08094943186894328,0.08436263350275343,0.1749661246612466,0.17156609606183226,0.17841902201850274,0.09445
7,2,19,rank,monte_carlo,100000,20260922,0.41240681286390596,41311,18729,0.18729,0,0.18729,0.18488389073473932,0.18972013447702818,0.4533659315920699,0.4485698836661967,0.45817065191896217,0.2561
7,2,20,rank,monte_carlo,100000,20260922,0.70465686025353,70470,56827,0.41579,0.30969,0.56827,0.5651974269843518,0.5713373278965048,0.8063998864765148,0.8034659101245976,0.8093004584963519,1.13639
7,2,21,rank,monte_carlo,100000,20260922,0,0,0,0,0,0,0,0.000038414524267635735,,,,0
7,2,22,rank,monte_carlo,100000,20260922,0,0,0,0,0,0,0,0.000038414524267635735,,,,0
7,2,23,rank,monte_carlo,100000,20260922,0,0,0,0,0,0,0,0.000038414524267635735,,,,0
7,2,24,rank,monte_carlo,100000,20260922,0,0,0,0,0,0,0,0.000038414524267635735,,,,0
7,2,25,rank,monte_carlo,100000,20260922,0,0,0,0,0,0,0,0.000038414524267635735,,,,0
7,2,26,rank,monte_carlo,100000,20260922,0,0,0,0,0,0,0,0.000038414524267635735,,,,0
7,2,27,rank,monte_carlo,100000,20260922,0,0,0,0,0,0,0,0.000038414524267635735,,,,0
7,2,28,rank,monte_carlo,100000,20260922,0,0,0,0,0,0,0,0.000038414524267635735,,,,0
7,2,29,rank,monte_carlo,100000,20260922,0,0,0,0,0,0,0,0.000038414524267635735,,,,0
7,2,30,rank,monte_carlo,100000,20260922,0,0,0,0,0,0,0,0.000038414524267635735,,,,0
7,2,31,rank,monte_carlo,100000,20260922,0,0,0,0,0,0,0,0.000038414524267635735,,,,0
7,2,32,rank,monte_carlo,100000,20260922,0,0,0,0,0,0,0,0.000038414524267635735,,,,0
7,2,33,rank,monte_carlo,100000,20260922,0,0,0,0,0,0,0,0.000038414524267635735,,,,0
7,2,34,rank,monte_carlo,100000,20260922,0,0,0,0,0,0,0,0.000038414524267635735,,,,0
7,2,35,rank,monte_carlo,100000,20260922,0,0,0,0,0,0,0,0.000038414524267635735,,,,0
7,2,36,rank,monte_carlo,100000,20260922,0,0,0,0,0,0,0,0.000038414524267635735,,,,0
7,2,37,rank,monte_carlo,100000,20260922,0,0,0,0,0,0,0,0.000038414524267635735,,,,0
7,2,38,rank,monte_carlo,100000,20260922,0,0,0,0,0,0,0,0.000038414524267635735,,,,0
7,2,39,rank,monte_carlo,100000,20260922,0,0,0,0,0,0,0,0.000038414524267635735,,,,0
7,2,40,rank,monte_carlo,100000,20260922,0,0,0,0,0,0,0,0.000038414524267635735,,,,0
7,2,41,rank,monte_carlo,100000,20260922,0,0,0,0,0,0,0,0.000038414524267635735,,,,0
7,2,42,rank,monte_carlo,100000,20260922,0,0,0,0,0,0,0,0.000038414524267635735,,,,0
7,2,43,rank,monte_carlo,100000,20260922,0,0,0,0,0,0,0,0.000038414524267635735,,,,0
7,2,44,rank,monte_carlo,100000,20260922,0,0,0,0,0,0,0,0.000038414524267635735,,,,0
7,2,45,rank,monte_carlo,100000,20260922,0,0,0,0,0,0,0,0.000038414524267635735,,,,0
7,2,46,rank,monte_carlo,100000,20260922,0,0,0,0,0,0,0,0.000038414524267635735,,,,0
7,2,47,rank,monte_carlo,100000,20260922,0,0,0,0,0,0,0,0.000038414524267635735,,,,0
7,2,48,rank,monte_carlo,100000,20260922,0,0,0,0,0,0,0,0.000038414524267635735,,,,0
7,2,49,rank,monte_carlo,100000,20260922,0,0,0,0,0,0,0,0.000038414524267635735,,,,0
7,2,50,rank,monte_carlo,100000,20260922,0,0,0,0,0,0,0,0.000038414524267635735,,,,0
7,3,2,rank,monte_carlo,100000,20260922,0,0,0,0,0,0,0,0.000038414524267635735,,,,0
7,3,3,rank,monte_carlo,100000,20260922,0.0059469941822883,554,554,0,0.00554,0.00554,0.0050985617685101875,0.006019427122828562,1,0.9931134572968382,0.9999999999999999,0.0059
7,3,4,rank,monte_carlo,100000,20260922,0.02987746867052521,2943,0,0,0,0,0,0.000038414524267635735,0,0,0.0013036330150897827,0
7,3,5,rank,monte_carlo,100000,20260922,0.05878932516577399,5776,0,0,0,0,0,0.000038414524267635735,0,0,0.0006646548929645407,0
7,3,6,rank,monte_carlo,100000,20260922,0.10186299525146998,10076,7380,0.06848,0.0057,0.0738,0.07219586693528338,0.07543687760520237,0.7324335053592695,0.7237021700575909,0.7409876718938938,0.10629
7,3,7,rank,monte_carlo,100000,20260922,0.14948744459001845,14883,0,0,0,0,0,0.000038414524267635735,0,0,0.0002580533939448915,0
7,3,8,rank,monte_carlo,100000,20260922,0.20714264785114217,20605,0,0,0,0,0,0.000038414524267635735,0,0,0.00018640543095833198,0
7,3,9,rank,monte_carlo,100000,20260922,0.26606562072633794,26481,7384,0.06854,0.00587,0.07384,0.07223546135603584,0.07547728011128796,0.27884143348060875,0.27347270007300617,0.28427432454956125,0.10847
7,3,10,rank,monte_carlo,100000,20260922,0.3340606718742432,33167,0,0,0,0,0,0.000038414524267635735,0,0,0.00011581255749628009,0
7,3,11,rank,monte_carlo,100000,20260922,0.40173789860354586,40008,0,0,0,0,0,0.000038414524267635735,0,0,0.000096011576732824,0
7,3,12,rank,monte_carlo,100000,20260922,0.4930347119278936,49375,7281,0.06747,0.00578,0.07281,0.07121594948389592,0.07443687111734787,0.1474632911392405,0.14436319269315562,0.15061824324235246,0.1056
7,3,13,rank,monte_carlo,100000,20260922,0.5597036309720643,55888,0,0,0,0,0,0.000038414524267635735,0,0,0.00006873275043418858,0
7,3,14,rank,monte_carlo,100000,20260922,0.6216047651537666,62138,0,0,0,0,0,0.000038414524267635735,0,0,0.00006181986083914193,0
7,3,15,rank,monte_carlo,100000,20260922,0.6616730062123761,66119,7440,0.069,0.00586,0.0744,0.07278979775246666,0.07604290069058994,0.11252438784615618,0.11013809891063853,0.11495569984104728,0.10754
7,3,16,rank,monte_carlo,100000,20260922,0.6984260665057314,69811,0,0,0,0,0,0.000038414524267635735,0,0,0.00005502554918064872,0
7,3,17,rank,monte_carlo,100000,20260922,0.7207305237614864,72085,0,0,0,0,0,0.000038414524267635735,0,3.3881317890172014e-21,0.00005328980067838958,0
7,3,18,rank,monte_carlo,100000,20260922,0.7348821717543489,73358,7534,0.06998,0.00588,0.07534,0.07372035128607374,0.07699227493767727,0.1027018184792388,0.10052578573017729,0.10491946034445232,0.11033
7,3,19,rank,monte_carlo,100000,20260922,0.7420313973451047,74266,0,0,0,0,0,0.000038414524267635735,0,3.3881317890172014e-21,0.000051724898252644176,0
7,3,20,rank,monte_carlo,100000,20260922,0.737728180292255,73840,0,0,0,0,0,0.000038414524267635735,0,0,0.00005202329560275748,0
7,3,21,rank,monte_carlo,100000,20260922,0.8187650951649428,82083,7569,0.07027,0.00593,0.07569,0.07406685307433078,0.07734574625925322,0.09221154197580497,0.0902512676771423,0.09420998463640755,0.11015
7,3,22,rank,monte_carlo,100000,20260922,0.7632613509361619,76362,0,0,0,0,0,0.000038414524267635735,0,0,0.000050305213947907297,0
7,3,23,rank,monte_carlo,100000,20260922,0.7033352727698922,70389,0,0,0,0,0,0.000038414524267635735,0,0,0.00005457373097437225,0
7,3,24,rank,monte_carlo,100000,20260922,0.6324308873908917,63345,7510,0.06956,0.00596,0.0751,0.0734827560211107,0.07674988864161195,0.1185571079011761,0.11606275979142779,0.12109771892520278,0.10837
7,3,25,rank,monte_carlo,100000,20260922,0.5690996928195601,57127,0,0,0,0,0,0.000038414524267635735,0,0,0.00006724213913908104,0
7,3,26,rank,monte_carlo,100000,20260922,0.4928113677691955,49288,0,0,0,0,0,0.000038414524267635735,0,0,0.00007793581808475177,0
7,3,27,rank,monte_carlo,100000,20260922,0.42571872269864325,42659,7496,0.06965,0.00574,0.07496,0.07334416103289597,0.07660849438589347,0.17571907452120303,0.1721367343593122,0.17935981480632046,0.10946
7,3,28,rank,monte_carlo,100000,20260922,0.3475866572345867,34979,0,0,0,0,0,0.000038414524267635735,0,0,0.00010981383513453634,0
7,3,29,rank,monte_carlo,100000,20260922,0.28783638410889867,28847,6799,0.06799,0,0.06799,0.06644630625662121,0.06956688466063651,0.23569175304191078,0.2308292204514206,0.2406246729421088,0.09971
7,3,30,rank,monte_carlo,100000,20260922,0.3665084221975989,36472,13525,0.11377,0.02389,0.13525,0.13314432760598147,0.13738369578947177,0.37083241939021716,0.3658889302512245,0.37580311613599315,0.22641
7,3,31,rank,monte_carlo,100000,20260922,0,0,0,0,0,0,0,0.000038414524267635735,,,,0
7,3,32,rank,monte_carlo,100000,20260922,0,0,0,0,0,0,0,0.000038414524267635735,,,,0
7,3,33,rank,monte_carlo,100000,20260922,0,0,0,0,0,0,0,0.000038414524267635735,,,,0
7,3,34,rank,monte_carlo,100000,20260922,0,0,0,0,0,0,0,0.000038414524267635735,,,,0
7,3,35,rank,monte_carlo,100000,20260922,0,0,0,0,0,0,0,0.000038414524267635735,,,,0
7,3,36,rank,monte_carlo,100000,20260922,0,0,0,0,0,0,0,0.000038414524267635735,,,,0
7,3,37,rank,monte_carlo,100000,20260922,0,0,0,0,0,0,0,0.000038414524267635735,,,,0
7,3,38,rank,monte_carlo,100000,20260922,0,0,0,0,0,0,0,0.000038414524267635735,,,,0
7,3,39,rank,monte_carlo,100000,20260922,0,0,0,0,0,0,0,0.000038414524267635735,,,,0
7,3,40,rank,monte_carlo,100000,20260922,0,0,0,0,0,0,0,0.000038414524267635735,,,,0
7,3,41,rank,monte_carlo,100000,20260922,0,0,0,0,0,0,0,0.000038414524267635735,,,,0
7,3,42,rank,monte_carlo,100000,20260922,0,0,0,0,0,0,0,0.000038414524267635735,,,,0
7,3,43,rank,monte_carlo,100000,20260922,0,0,0,0,0,0,0,0.000038414524267635735,,,,0
7,3,44,rank,monte_carlo,100000,20260922,0,0,0,0,0,0,0,0.000038414524267635735,,,,0
7,3,45,rank,monte_carlo,100000,20260922,0,0,0,0,0,0,0,0.000038414524267635735,,,,0
7,3,46,rank,monte_carlo,100000,20260922,0,0,0,0,0,0,0,0.000038414524267635735,,,,0
7,3,47,rank,monte_carlo,100000,20260922,0,0,0,0,0,0,0,0.000038414524267635735,,,,0
7,3,48,rank,monte_carlo,100000,20260922,0,0,0,0,0,0,0,0.000038414524267635735,,,,0
7,3,49,rank,monte_carlo,100000,20260922,0,0,0,0,0,0,0,0.000038414524267635735,,,,0
7,3,50,rank,monte_carlo,100000,20260922,0,0,0,0,0,0,0,0.000038414524267635735,,,,0
7,4,2,rank,monte_carlo,100000,20260922,0,0,0,0,0,0,0,0.000038414524267635735,,,,0
7,4,3,rank,monte_carlo,100000,20260922,0,0,0,0,0,0,0,0.000038414524267635735,,,,0
7,4,4,rank,monte_carlo,100000,20260922,0.0001292824822236587,12,12,0,0.00012,0.00012,0.00006864819397889047,0.00020975711080292104,1,0.7574992425007574,1,0.00012
7,4,5,rank,monte_carlo,100000,20260922,0.0017892049725319573,153,0,0,0,0,0,0.000038414524267635735,0,0,0.0244935017240324,0
7,4,6,rank,monte_carlo,100000,20260922,0.005671267297212772,538,0,0,0,0,0,0.000038414524267635735,0,0,0.007089894906555717,0
7,4,7,rank,monte_carlo,100000,20260922,0.012800460680963483,1223,0,0,0,0,0,0.000038414524267635735,0,0,0.0031312925808841168,0
7,4,8,rank,monte_carlo,100000,20260922,0.02396760881823732,2353,13,0,0.00013,0.00013,0.00007597682147262574,0.0002224277150187004,0.0055248618784530384,0.003231610194981168,0.009430080773134805,0.00013
7,4,9,rank,monte_carlo,100000,20260922,0.03936077526435038,3883,0,0,0,0,0,0.000038414524267635735,0,0,0.0009883603180536093,0
7,4,10,rank,monte_carlo,100000,20260922,0.059959505043033365,5901,2238,0.02238,0,0.02238,0.02148138886669243,0.023315306223468987,0.3792577529232333,0.3669602125559649,0.3917123994240077,0.03418
7,4,11,rank,monte_carlo,100000,20260922,0.0858588763905192,8484,0,0,0,0,0,0.000038414524267635735,0,0,0.0004526003407038132,0
7,4,12,rank,monte_carlo,100000,20260922,0.11783643792676823,11627,16,0,0.00016,0.00016,0.00009849161624918321,0.0002599106153706869,0.001376107336372237,0.0008472449552291673,0.0022343549179906688,0.00016
7,4,13,rank,monte_carlo,100000,20260922,0.15663385969203023,15581,0,0,0,0,0,0.000038414524267635735,0,2.710505431213761e-20,0.0002464959284539664,0
7,4,14,rank,monte_carlo,100000,20260922,0.2048019293108263,20233,2139,0.02139,0,0.02139,0.020511474863342278,0.02230529628757719,0.10571838086294667,0.10155616553391106,0.11003029072416434,0.03214
7,4,15,rank,monte_carlo,100000,20260922,0.25566489884931415,25296,0,0,0,0,0,0.000038414524267635735,0,1.3552527156068805e-20,0.00015184284790146666,0
7,4,16,rank,monte_carlo,100000,20260922,0.30834798873651786,30726,11,0,0.00011,0.00011,0.00006142479912984711,0.00019698127394244977,0.0003580029942068606,0.00019991931905153783,0.0006410091939024631,0.00011
7,4,17,rank,monte_carlo,100000,20260922,0.36228545356803504,36282,0,0,0,0,0,0.000038414524267635735,0,0,0.00010587049467801237,0
7,4,18,rank,monte_carlo,100000,20260922,0.4150568047613267,41450,2217,0.02217,0,0.02217,0.02127560928869621,0.0231011019355654,0.05348612786489747,0.0513611153685903,0.05569389880408893,0.03314
7,4,19,rank,monte_carlo,100000,20260922,0.46360309440790476,46180,0,0,0,0,0,0.000038414524267635735,0,0,0.00008318060747895862,0
7,4,20,rank,monte_carlo,100000,20260922,0.5111447838225875,51130,10,0,0.0001,0.0001,0.00005432014358021984,0.0001840866977825624,0.00019557989438685703,0.00010624091235180322,0.00036001781677916044,0.0001
7,4,21,rank,monte_carlo,100000,20260922,0.5513628179514886,55224,0,0,0,0,0,0.000038414524267635735,0,0,0.00006955911889194669,0
7,4,22,rank,monte_carlo,100000,20260922,0.6104993879712278,61193,2246,0.02246,0,0.02246,0.021559786653122897,0.02339690229071464,0.036703544523066366,0.03524255216462399,0.03822270327104216,0.03398
7,4,23,rank,monte_carlo,100000,20260922,0.6421646862687294,64199,0,0,0,0,0,0.000038414524267635735,0,0,0.000059835357816935,0
7,4,24,rank,monte_carlo,100000,20260922,0.675327975066779,67746,13,0,0.00013,0.00013,0.00007597682147262574,0.0002224277150187004,0.0001918932483098633,0.00011215059542143683,0.00032831685505891966,0.00013
7,4,25,rank,monte_carlo,100000,20260922,0.6855476895091631,68537,0,0,0,0,0,0.000038414524267635735,0,0,0.000056048334253310356,0
7,4,26,rank,monte_carlo,100000,20260922,0.694376152225638,69497,2289,0.02289,0,0.02289,0.021981226554843893,0.023835429352502775,0.03293667352547592,0.03163536895883913,0.03428961114960319,0.03411
7,4,27,rank,monte_carlo,100000,20260922,0.6888722585027749,68985,0,0,0,0,0,0.000038414524267635735,0,0,0.000055684367368765905,0
7,4,28,rank,monte_carlo,100000,20260922,0.6757832742433058,67642,17,0,0.00017,0.00017,0.00010614636969491827,0.0002722550936344665,0.0002513231424263032,0.00015692560272330793,0.00040248202832906415,0.00017
7,4,29,rank,monte_carlo,100000,20260922,0.6562747151091277,65770,0,0,0,0,0,0.000038414524267635735,0,0,0.00005840619776114764,0
7,4,30,rank,monte_carlo,100000,20260922,0.6269030148172554,62796,2229,0.02229,0,0.02229,0.021393195018154846,0.02322350698662094,0.03549589145805465,0.034076862793643706,0.03697174953279246,0.03343
7,4,31,rank,monte_carlo,100000,20260922,0.639284353889567,64138,0,0,0,0,0,0.000038414524267635735,0,0,0.00005989226227642332,0
7,4,32,rank,monte_carlo,100000,20260922,0.5645578234140023,56453,12,0,0.00012,0.00012,0.00006864819397889047,0.00020975711080292104,0.00021256620551609305,0.00012160413731579988,0.00037154424312778485,0.00012
7,4,33,rank,monte_carlo,100000,20260922,0.4921820574810726,49332,0,0,0,0,0,0.000038414524267635735,0,6.776263578034403e-21,0.00007786631129446466,0
7,4,34,rank,monte_carlo,100000,20260922,0.4160162577804195,41686,2300,0.023,0,0.023,0.02208905060685207,0.023947596849299254,0.05517439907882742,0.0530232826575219,0.05740749432101189,0.03461
7,4,35,rank,monte_carlo,100000,20260922,0.3525659463244488,35311,0,0,0,0,0,0.000038414524267635735,0,0,0.00010878145918117327,0
7,4,36,rank,monte_carlo,100000,20260922,0.2843050946985213,28435,11,0,0.00011,0.00011,0.00006142479912984711,0.00019698127394244977,0.00038684719535783365,0.0002160277488902942,0.0006926449869218424,0.00011
7,4,37,rank,monte_carlo,100000,20260922,0.22962745476757557,22866,2192,0.02192,0,0.02192,0.0210306615214742,0.022846068910049543,0.09586285314440654,0.09211449990781498,0.09974697761111981,0.03264
7,4,38,rank,monte_carlo,100000,20260922,0.17131926135571998,17135,0,0,0,0,0,0.000038414524267635735,0,0,0.00022414583725425174,0
7,4,39,rank,monte_carlo,100000,20260922,0.13031506774772814,12885,2187,0.02187,0,0.02187,0.02098167565116147,0.022795058621814697,0.16973224679860302,0.16334896192641402,0.17631240841737228,0.03233
7,4,40,rank,monte_carlo,100000,20260922,0.11994185278181578,12042,2295,0.02245,0.0005,0.02295,0.022040038982206814,0.023896612315396942,0.1905829596412556,0.1836669442432356,0.19769633053201963,0.03441
7,4,41,rank,monte_carlo,100000,20260922,0,0,0,0,0,0,0,0.000038414524267635735,,,,0
7,4,42,rank,monte_carlo,100000,20260922,0,0,0,0,0,0,0,0.000038414524267635735,,,,0
7,4,43,rank,monte_carlo,100000,20260922,0,0,0,0,0,0,0,0.000038414524267635735,,,,0
7,4,44,rank,monte_carlo,100000,20260922,0,0,0,0,0,0,0,0.000038414524267635735,,,,0
7,4,45,rank,monte_carlo,100000,20260922,0,0,0,0,0,0,0,0.000038414524267635735,,,,0
7,4,46,rank,monte_carlo,100000,20260922,0,0,0,0,0,0,0,0.000038414524267635735,,,,0
7,4,47,rank,monte_carlo,100000,20260922,0,0,0,0,0,0,0,0.000038414524267635735,,,,0
7,4,48,rank,monte_carlo,100000,20260922,0,0,0,0,0,0,0,0.000038414524267635735,,,,0
7,4,49,rank,monte_carlo,100000,20260922,0,0,0,0,0,0,0,0.000038414524267635735,,,,0
7,4,50,rank,monte_carlo,100000,20260922,0,0,0,0,0,0,0,0.000038414524267635735,,,,0
7,5,2,rank,monte_carlo,100000,20260922,0,0,0,0,0,0,0,0.000038414524267635735,,,,0
7,5,3,rank,monte_carlo,100000,20260922,0,0,0,0,0,0,0,0.000038414524267635735,,,,0
7,5,4,rank,monte_carlo,100000,20260922,0,0,0,0,0,0,0,0.000038414524267635735,,,,0
7,5,5,rank,monte_carlo,100000,20260922,0,0,0,0,0,0,0,0.000038414524267635735,,,,0
7,5,6,rank,monte_carlo,100000,20260922,0.000030287501038983872,0,0,0,0,0,0,0.000038414524267635735,,,,0
7,5,7,rank,monte_carlo,100000,20260922,0.0002071091013791128,16,0,0,0,0,0,0.000038414524267635735,0,0,0.19361341827271994,0
7,5,8,rank,monte_carlo,100000,20260922,0.0006440504046206827,62,0,0,0,0,0,0.000038414524267635735,0,0,0.05834609122500061,0
7,5,9,rank,monte_carlo,100000,20260922,0.0016332527460567947,153,0,0,0,0,0,0.000038414524267635735,0,0,0.0244935017240324,0
7,5,10,rank,monte_carlo,100000,20260922,0.0032441710762437757,292,0,0,0,0,0,0.000038414524267635735,0,0,0.012985327283248874,0
7,5,11,rank,monte_carlo,100000,20260922,0.005955904029583085,607,0,0,0,0,0,0.000038414524267635735,0,0,0.00628902812120196,0
7,5,12,rank,monte_carlo,100000,20260922,0.00987557906532712,970,0,0,0,0,0,0.000038414524267635735,0,0,0.003944789378477978,0
7,5,13,rank,monte_carlo,100000,20260922,0.015562244252999001,1464,0,0,0,0,0,0.000038414524267635735,0,0,0.00261717613126648,0
7,5,14,rank,monte_carlo,100000,20260922,0.023173914837407248,2230,0,0,0,0,0,0.000038414524267635735,0,0,0.001719728023687982,0
7,5,15,rank,monte_carlo,100000,20260922,0.033871442265086496,3343,575,0.00575,0,0.00575,0.005299972608135531,0.006238000149103026,0.17200119653006282,0.15958660086898652,0.1851687649063164,0.00829
7,5,16,rank,monte_carlo,100000,20260922,0.047812811882028836,4606,0,0,0,0,0,0.000038414524267635735,0,0,0.0008333475059099644,0
7,5,17,rank,monte_carlo,100000,20260922,0.06531519033287549,6532,0,0,0,0,0,0.000038414524267635735,0,0,0.0005877743426340074,0
7,5,18,rank,monte_carlo,100000,20260922,0.08656227594574441,8575,0,0,0,0,0,0.000038414524267635735,0,0,0.0004477993858751279,0
7,5,19,rank,monte_carlo,100000,20260922,0.1113528197872759,10989,0,0,0,0,0,0.000038414524267635735,0,0,0.0003494637819578879,0
7,5,20,rank,monte_carlo,100000,20260922,0.1389192594421957,13814,617,0.00617,0,0.00617,0.00570325933644152,0.006674681152596653,0.04466483277834082,0.0413448321126043,0.0482380156166677,0.00889
7,5,21,rank,monte_carlo,100000,20260922,0.17017853181263967,16856,0,0,0,0,0,0.000038414524267635735,0,0,0.0002278550469892908,0
7,5,22,rank,monte_carlo,100000,20260922,0.20337617435076216,20166,0,0,0,0,0,0.000038414524267635735,0,0,0.00019046257656282235,0
7,5,23,rank,monte_carlo,100000,20260922,0.23983921612479048,23890,0,0,0,0,0,0.000038414524267635735,0,0,0.00016077782988232415,0
7,5,24,rank,monte_carlo,100000,20260922,0.2803366247943709,27871,0,0,0,0,0,0.000038414524267635735,0,0,0.0001378160297779055,0
7,5,25,rank,monte_carlo,100000,20260922,0.32087870229569093,31968,612,0.00612,0,0.00612,0.005655218055583898,0.006622726274906701,0.019144144144144143,0.017698731783455407,0.02070511167859903,0.00862
7,5,26,rank,monte_carlo,100000,20260922,0.35895628015669373,36000,0,0,0,0,0,0.000038414524267635735,0,0,0.0001066997250648942,0
7,5,27,rank,monte_carlo,100000,20260922,0.39654561034546887,39747,0,0,0,0,0,0.000038414524267635735,0,0,0.00009664197902164668,0
7,5,28,rank,monte_carlo,100000,20260922,0.43092015999454647,43160,0,0,0,0,0,0.000038414524267635735,0,0,0.00008900041927686065,0
7,5,29,rank,monte_carlo,100000,20260922,0.458030702496611,45794,0,0,0,0,0,0.000038414524267635735,0,0,0.00008388168231928204,0
7,5,30,rank,monte_carlo,100000,20260922,0.4853081700907788,48588,584,0.00584,0,0.00584,0.005386340326293754,0.0063316255163304355,0.012019428665514118,0.011088314194921229,0.01302770119808252,0.00812
7,5,31,rank,monte_carlo,100000,20260922,0.5019399548049491,50358,0,0,0,0,0,0.000038414524267635735,0,0,0.00007627997463857637,0
7,5,32,rank,monte_carlo,100000,20260922,0.5233011044024811,52547,0,0,0,0,0,0.000038414524267635735,0,0,0.00007310253999814154,0
7,5,33,rank,monte_carlo,100000,20260922,0.5288860538166736,52960,0,0,0,0,0,0.000038414524267635735,0,0,0.00007253250300484245,0
7,5,34,rank,monte_carlo,100000,20260922,0.5276045008482294,53077,0,0,0,0,0,0.000038414524267635735,0,0,0.00007237262794265869,0
7,5,35,rank,monte_carlo,100000,20260922,0.511931750569722,51258,619,0.00619,0,0.00619,0.0057224781078655425,0.006695460844591661,0.012076163720785049,0.011166470825736331,0.01305898735600796,0.00873
7,5,36,rank,monte_carlo,100000,20260922,0.4929638517329653,49458,0,0,0,0,0,0.000038414524267635735,0,0,0.00007766795322881791,0
7,5,37,rank,monte_carlo,100000,20260922,0.4649031846425327,46685,0,0,0,0,0,0.000038414524267635735,0,0,0.0000822809019960778,0
7,5,38,rank,monte_carlo,100000,20260922,0.4309290100442084,43168,0,0,0,0,0,0.000038414524267635735,0,0,0.00008898392696780393,0
7,5,39,rank,monte_carlo,100000,20260922,0.3945080060060742,39605,0,0,0,0,0,0.000038414524267635735,0,0,0.00009698844613521845,0
7,5,40,rank,monte_carlo,100000,20260922,0.3535056960235172,35243,583,0.00583,0,0.00583,0.0053767425035961235,0.006321224107318552,0.01654229208637176,0.015262349171734857,0.0179276203942191,0.00829
7,5,41,rank,monte_carlo,100000,20260922,0.3213866233891265,32363,0,0,0,0,0,0.000038414524267635735,0,0,0.00011868936881379244,0
7,5,42,rank,monte_carlo,100000,20260922,0.26419326714532676,26482,0,0,0,0,0,0.000038414524267635735,0,1.3552527156068805e-20,0.0001450435314843837,0
7,5,43,rank,monte_carlo,100000,20260922,0.21528950724956603,21373,0,0,0,0,0,0.000038414524267635735,0,1.3552527156068805e-20,0.00017970849351290507,0
7,5,44,rank,monte_carlo,100000,20260922,0.16954569346417853,16796,588,0.00588,0,0.00588,0.00542473510216038,0.006373227667301868,0.03500833531793284,0.03233323169864861,0.0378960971302613,0.00815
7,5,45,rank,monte_carlo,100000,20260922,0.13364280601588105,13350,0,0,0,0,0,0.000038414524267635735,0,0,0.00028767751745684925,0
7,5,46,rank,monte_carlo,100000,20260922,0.09941069432825432,9934,0,0,0,0,0,0.000038414524267635735,0,0,0.0003865628125930282,0
7,5,47,rank,monte_carlo,100000,20260922,0.07423242263531755,7369,564,0.00564,0,0.00564,0.005194451467795864,0.006123529740638033,0.07653684353372235,0.07068494559128091,0.08283003023567839,0.0079
7,5,48,rank,monte_carlo,100000,20260922,0.04980389366306545,4971,0,0,0,0,0,0.000038414524267635735,0,0,0.0007722054909245753,0
7,5,49,rank,monte_carlo,100000,20260922,0.034271099744245526,3372,573,0.00573,0,0.00573,0.005280783691596265,0.006217190602223262,0.1699288256227758,0.1576294639720488,0.18297940819778286,0.00835
7,5,50,rank,monte_carlo,100000,20260922,0.022809567860446675,2306,0,0,0,0,0,0.000038414524267635735,0,0,0.001663144347214112,0
7,any_2_to_5,2,rank,monte_carlo,100000,20260922,0.08274078862314156,8236,8236,0,0.08236,0.08236,0.08067207590187798,0.0840800109819523,1,0.9995337774454305,1,0.0938
7,any_2_to_5,3,rank,monte_carlo,100000,20260922,0.1898816425452982,18941,18941,0.1854,0.00554,0.18941,0.1869933364638813,0.19185052587030324,1,0.9997972218463945,1,0.25716
7,any_2_to_5,4,rank,monte_carlo,100000,20260922,0.27680718911061186,27757,8298,0,0.08298,0.08298,0.08128622907771267,0.08470581017210753,0.29895161580862484,0.2935940120390346,0.3043648625218864,0.09477
7,any_2_to_5,5,rank,monte_carlo,100000,20260922,0.37734668335419275,37494,18442,0.18442,0,0.18442,0.18202836594808655,0.1868358797630502,0.49186536512508666,0.48680602437216663,0.49692637264131917,0.25209
7,any_2_to_5,6,rank,monte_carlo,100000,20260922,0.4575877515312679,45628,14658,0.06848,0.08764,0.14658,0.14440140345666108,0.14878574946567225,0.3212501095818357,0.3169806467877138,0.32554966914851596,0.20056
7,any_2_to_5,7,rank,monte_carlo,100000,20260922,0.5493523617374083,54762,18457,0.18457,0,0.18457,0.18217760401941088,0.18698663016736863,0.33704028340820275,0.33309269638386285,0.3410107323489844,0.25142
7,any_2_to_5,8,rank,monte_carlo,100000,20260922,0.6246667627415301,62386,8229,0,0.08229,0.08229,0.08060273782246552,0.08400935443939817,0.13190459397941845,0.1292718671454069,0.1345826511196307,0.09418
7,any_2_to_5,9,rank,monte_carlo,100000,20260922,0.6977071793635977,69720,23615,0.23121,0.00587,0.23615,0.2335277533517057,0.23879251799275034,0.3387119908204246,0.3352078832940822,0.3422338714356227,0.35963
7,any_2_to_5,10,rank,monte_carlo,100000,20260922,0.7623005524703299,76146,10414,0.02238,0.08224,0.10414,0.10226203247498597,0.10604838107216721,0.13676358574317757,0.1343413815156983,0.1392224390031352,0.12844
7,any_2_to_5,11,rank,monte_carlo,100000,20260922,0.857283889859936,85740,18586,0.18586,0,0.18586,0.18346107602066586,0.188283059056641,0.21677163517611384,0.2140262588759296,0.21954239056046324,0.25365
7,any_2_to_5,12,rank,monte_carlo,100000,20260922,0.8693605001952392,87079,15403,0.06747,0.08941,0.15403,0.1518059320177879,0.15628064852813386,0.17688535697470115,0.17436522502362536,0.17943399688876574,0.20149
7,any_2_to_5,13,rank,monte_carlo,100000,20260922,0.8784443586016204,87883,18731,0.18731,0,0.18731,0.18490379062064083,0.18974023305454568,0.21313564625695527,0.2104406334726028,0.21585573715496562,0.25716
7,any_2_to_5,14,rank,monte_carlo,100000,20260922,0.8884044915197987,88718,10508,0.02139,0.08417,0.10508,0.10319447010382082,0.10699587122402676,0.11844270610248202,0.11633288420924007,0.12058557037793338,0.12868
7,any_2_to_5,15,rank,monte_carlo,100000,20260922,0.8922677773877643,89111,26095,0.25599,0.00586,0.26095,0.25823732312230596,0.26368104286174643,0.29283702348756047,0.28985812493655017,0.295833782975678,0.37229
7,any_2_to_5,16,rank,monte_carlo,100000,20260922,0.9012101844936367,90056,8367,0,0.08367,0.08367,0.08196975547218084,0.08540223076559585,0.09290885671137959,0.09103011516985837,0.09482232807938668,0.09596
7,any_2_to_5,17,rank,monte_carlo,100000,20260922,0.90223897286802,90276,18603,0.18603,0,0.18603,0.18363021901601323,0.18845390300035536,0.20606805795560282,0.20344203236891595,0.208719098405598,0.25398
7,any_2_to_5,18,rank,monte_carlo,100000,20260922,0.9085647850544188,90930,17071,0.08603,0.08834,0.17071,0.16839060512250703,0.17305469391488515,0.18773782030133068,0.18521282776611037,0.1902891965539531,0.23792
7,any_2_to_5,19,rank,monte_carlo,100000,20260922,0.9052895790067255,90462,18729,0.18729,0,0.18729,0.18488389073473932,0.18972013447702818,0.20703720899383166,0.20440925283414121,0.209690046276342,0.2561
7,any_2_to_5,20,rank,monte_carlo,100000,20260922,0.9975185477307695,99767,57389,0.42159,0.30979,0.57389,0.5708222135720504,0.5769521095295533,0.5752302865677027,0.5721601192894054,0.57829466047663,1.14538
7,any_2_to_5,21,rank,monte_carlo,100000,20260922,0.9013365966894834,90186,7569,0.07027,0.00593,0.07569,0.07406685307433078,0.07734574625925322,0.08392655179296121,0.08213454787039964,0.0857540006776222,0.11015
7,any_2_to_5,22,rank,monte_carlo,100000,20260922,0.9038197830900666,90452,2246,0.02246,0,0.02246,0.021559786653122897,0.02339690229071464,0.024830849511343032,0.023836745801306007,0.02586531346293503,0.03398
7,any_2_to_5,23,rank,monte_carlo,100000,20260922,0.8996907266428951,89975,0,0,0,0,0,0.000038414524267635735,0,0,0.00004269448163244635,0
7,any_2_to_5,24,rank,monte_carlo,100000,20260922,0.9010013412609048,90038,7523,0.06956,0.00609,0.07523,0.07361145285258906,0.0768811818223573,0.08355361069770541,0.08176382533670433,0.08537893110376364,0.1085
7,any_2_to_5,25,rank,monte_carlo,100000,20260922,0.8920046977020367,89181,612,0.00612,0,0.00612,0.005655218055583898,0.006622726274906701,0.006862448279342012,0.0063414540495024,0.007425925899513509,0.00862
7,any_2_to_5,26,rank,monte_carlo,100000,20260922,0.8916413074872018,89140,2289,0.02289,0,0.02289,0.021981226554843893,0.023835429352502775,0.025678707650886246,0.024660586765394045,0.026737709715470195,0.03411
7,any_2_to_5,27,rank,monte_carlo,100000,20260922,0.8812617539722073,88196,7496,0.06965,0.00574,0.07496,0.07334416103289597,0.07660849438589347,0.08499251666742257,0.08317005037267508,0.0868511347900883,0.10946
7,any_2_to_5,28,rank,monte_carlo,100000,20260922,0.8736914932485482,87506,17,0,0.00017,0.00017,0.00010614636969491827,0.0002722550936344665,0.00019427239275021142,0.00012130224410613659,0.0003111245470766279,0.00017
7,any_2_to_5,29,rank,monte_carlo,100000,20260922,0.8576884208461724,85775,6799,0.06799,0,0.06799,0.06644630625662121,0.06956688466063651,0.07926552025648499,0.07747636072650857,0.08109236492063282,0.09971
7,any_2_to_5,30,rank,monte_carlo,100000,20260922,0.9281919826921732,92895,16199,0.14055,0.02389,0.16199,0.15971936651576932,0.16428660247092605,0.17437967597825502,0.1719531084428126,0.17683317394717143,0.26796
7,any_2_to_5,31,rank,monte_carlo,100000,20260922,0.8159328998802253,81801,0,0,0,0,0,0.000038414524267635735,0,0,0.000046960545670196614,0
7,any_2_to_5,32,rank,monte_carlo,100000,20260922,0.7893253152680698,79169,12,0,0.00012,0.00012,0.00006864819397889047,0.00020975711080292104,0.0001515744799100658,0.00008671137888001179,0.00026494456067388696,0.00012
7,any_2_to_5,33,rank,monte_carlo,100000,20260922,0.7537437802987131,75451,0,0,0,0,0,0.000038414524267635735,0,0,0.000050912571261696215,0
7,any_2_to_5,34,rank,monte_carlo,100000,20260922,0.7157456734917692,71700,2300,0.023,0,0.023,0.02208905060685207,0.023947596849299254,0.03207810320781032,0.03081316759698473,0.033393177520234206,0.03461
7,any_2_to_5,35,rank,monte_carlo,100000,20260922,0.6675616080061855,66890,619,0.00619,0,0.00619,0.0057224781078655425,0.006695460844591661,0.009253999103004933,0.008556015306249762,0.01000834832270349,0.00873
7,any_2_to_5,36,rank,monte_carlo,100000,20260922,0.6240410104125618,62546,11,0,0.00011,0.00011,0.00006142479912984711,0.00019698127394244977,0.00017587055926837847,0.0000982084216633494,0.0003149277164783657,0.00011
7,any_2_to_5,37,rank,monte_carlo,100000,20260922,0.569301240741084,57052,2192,0.02192,0,0.02192,0.0210306615214742,0.022846068910049543,0.03842108953235645,0.036874674252229386,0.040029661516958526,0.03264
7,any_2_to_5,38,rank,monte_carlo,100000,20260922,0.5160523755506614,51755,0,0,0,0,0,0.000038414524267635735,0,0,0.00007422113558275617,0
7,any_2_to_5,39,rank,monte_carlo,100000,20260922,0.4589045552042777,45983,2187,0.02187,0,0.02187,0.02098167565116147,0.022795058621814697,0.047561055172563774,0.04565319681473172,0.04954450425982958,0.03233
7,any_2_to_5,40,rank,monte_carlo,100000,20260922,0.436716852826664,43541,2878,0.02828,0.0005,0.02878,0.027761723684428415,0.029834479699822374,0.06609861969178475,0.06380294227978717,0.06847085613954154,0.0427
7,any_2_to_5,41,rank,monte_carlo,100000,20260922,0.3213866233891265,32363,0,0,0,0,0,0.000038414524267635735,0,0,0.00011868936881379244,0
7,any_2_to_5,42,rank,monte_carlo,100000,20260922,0.26419326714532676,26482,0,0,0,0,0,0.000038414524267635735,0,1.3552527156068805e-20,0.0001450435314843837,0
7,any_2_to_5,43,rank,monte_carlo,100000,20260922,0.21528950724956603,21373,0,0,0,0,0,0.000038414524267635735,0,1.3552527156068805e-20,0.00017970849351290507,0
7,any_2_to_5,44,rank,monte_carlo,100000,20260922,0.16954569346417853,16796,588,0.00588,0,0.00588,0.00542473510216038,0.006373227667301868,0.03500833531793284,0.03233323169864861,0.0378960971302613,0.00815
7,any_2_to_5,45,rank,monte_carlo,100000,20260922,0.13364280601588105,13350,0,0,0,0,0,0.000038414524267635735,0,0,0.00028767751745684925,0
7,any_2_to_5,46,rank,monte_carlo,100000,20260922,0.09941069432825432,9934,0,0,0,0,0,0.000038414524267635735,0,0,0.0003865628125930282,0
7,any_2_to_5,47,rank,monte_carlo,100000,20260922,0.07423242263531755,7369,564,0.00564,0,0.00564,0.005194451467795864,0.006123529740638033,0.07653684353372235,0.07068494559128091,0.08283003023567839,0.0079
7,any_2_to_5,48,rank,monte_carlo,100000,20260922,0.04980389366306545,4971,0,0,0,0,0,0.000038414524267635735,0,0,0.0007722054909245753,0
7,any_2_to_5,49,rank,monte_carlo,100000,20260922,0.034271099744245526,3372,573,0.00573,0,0.00573,0.005280783691596265,0.006217190602223262,0.1699288256227758,0.1576294639720488,0.18297940819778286,0.00835
7,any_2_to_5,50,rank,monte_carlo,100000,20260922,0.022809567860446675,2306,0,0,0,0,0,0.000038414524267635735,0,0,0.001663144347214112,0
7,2,2,value,exact,,,0.08274078862314156,,,0,0.08274078862314156,0.08274078862314156,,,1,,,0.09502262443438914
7,2,3,value,exact,,,0.18572385333554187,,,0.18572385333554187,0,0.18572385333554187,,,1,,,0.25339366515837103
7,2,4,value,exact,,,0.25913369973336237,,,0,0.08274078862314156,0.08274078862314156,,,0.31929767802597014,,,0.09502262443438914
7,2,5,value,exact,,,0.34928431203122395,,,0.18572385333554187,0,0.18572385333554187,,,0.5317268681650359,,,0.25339366515837103
7,2,6,value,exact,,,0.4138071538300085,,,0,0.08274078862314156,0.08274078862314156,,,0.19995011651521952,,,0.09502262443438914
7,2,7,value,exact,,,0.4918141824437738,,,0.18572385333554187,0,0.18572385333554187,,,0.3776301293563745,,,0.25339366515837103
7,2,8,value,exact,,,0.5478939572698075,,,0,0.08274078862314156,0.08274078862314156,,,0.15101606346498964,,,0.09502262443438914
7,2,9,value,exact,,,0.614446270929919,,,0.18572385333554187,0,0.18572385333554187,,,0.3022621539462882,,,0.25339366515837103
7,2,10,value,exact,,,0.662526916409487,,,0,0.08274078862314156,0.08274078862314156,,,0.12488668244838838,,,0.09502262443438914
7,2,11,value,exact,,,0.817635996261452,,,0.18572385333554187,0,0.18572385333554187,,,0.22714735430526928,,,0.25339366515837103
7,2,12,value,exact,,,0.7774156898225026,,,0,0.08274078862314156,0.08274078862314156,,,0.10643056180411371,,,0.09502262443438914
7,2,13,value,exact,,,0.7416135314867426,,,0.18572385333554187,0,0.18572385333554187,,,0.25043212596622094,,,0.25339366515837103
7,2,14,value,exact,,,0.6922347391956142,,,0,0.08274078862314156,0.08274078862314156,,,0.11952706782570237,,,0.09502262443438914
7,2,15,value,exact,,,0.6494897169000668,,,0.18572385333554187,0,0.18572385333554187,,,0.2859534931853557,,,0.25339366515837103
7,2,16,value,exact,,,0.5902635700263169,,,0,0.08274078862314156,0.08274078862314156,,,0.14017600411872372,,,0.09502262443438914
7,2,17,value,exact,,,0.5401317461446972,,,0.18572385333554187,0,0.18572385333554187,,,0.3438491713571449,,,0.25339366515837103
7,2,18,value,exact,,,0.4703693759578833,,,0,0.08274078862314156,0.08274078862314156,,,0.17590598549202774,,,0.09502262443438914
7,2,19,value,exact,,,0.41240681286390596,,,0.41240681286390596,0,0.41240681286390596,,,1,,,1.0135746606334841
7,2,20,value,exact,,,0.70465686025353,,,0,0.70465686025353,0.70465686025353,,,1,,,1.9004524886877827
7,2,21,value,exact,,,0,,,0,0,0,,,,,,0
7,2,22,value,exact,,,0,,,0,0,0,,,,,,0
7,2,23,value,exact,,,0,,,0,0,0,,,,,,0
7,2,24,value,exact,,,0,,,0,0,0,,,,,,0
7,2,25,value,exact,,,0,,,0,0,0,,,,,,0
7,2,26,value,exact,,,0,,,0,0,0,,,,,,0
7,2,27,value,exact,,,0,,,0,0,0,,,,,,0
7,2,28,value,exact,,,0,,,0,0,0,,,,,,0
7,2,29,value,exact,,,0,,,0,0,0,,,,,,0
7,2,30,value,exact,,,0,,,0,0,0,,,,,,0
7,2,31,value,exact,,,0,,,0,0,0,,,,,,0
7,2,32,value,exact,,,0,,,0,0,0,,,,,,0
7,2,33,value,exact,,,0,,,0,0,0,,,,,,0
7,2,34,value,exact,,,0,,,0,0,0,,,,,,0
7,2,35,value,exact,,,0,,,0,0,0,,,,,,0
7,2,36,value,exact,,,0,,,0,0,0,,,,,,0
7,2,37,value,exact,,,0,,,0,0,0,,,,,,0
7,2,38,value,exact,,,0,,,0,0,0,,,,,,0
7,2,39,value,exact,,,0,,,0,0,0,,,,,,0
7,2,40,value,exact,,,0,,,0,0,0,,,,,,0
7,2,41,value,exact,,,0,,,0,0,0,,,,,,0
7,2,42,value,exact,,,0,,,0,0,0,,,,,,0
7,2,43,value,exact,,,0,,,0,0,0,,,,,,0
7,2,44,value,exact,,,0,,,0,0,0,,,,,,0
7,2,45,value,exact,,,0,,,0,0,0,,,,,,0
7,2,46,value,exact,,,0,,,0,0,0,,,,,,0
7,2,47,value,exact,,,0,,,0,0,0,,,,,,0
7,2,48,value,exact,,,0,,,0,0,0,,,,,,0
7,2,49,value,exact,,,0,,,0,0,0,,,,,,0
7,2,50,value,exact,,,0,,,0,0,0,,,,,,0
7,3,2,value,exact,,,0,,,0,0,0,,,,,,0
7,3,3,value,exact,,,0.0059469941822883,,,0,0.0059469941822883,0.0059469941822883,,,1,,,0.006334841628959276
7,3,4,value,exact,,,0.02987746867052521,,,0,0,0,,,0,,,0
7,3,5,value,exact,,,0.05878932516577399,,,0,0,0,,,0,,,0
7,3,6,value,exact,,,0.10186299525146998,,,0.06888304599574122,0.0059469941822883,0.07439232150556088,,,0.7303174359040588,,,0.1076923076923077
7,3,7,value,exact,,,0.14948744459001845,,,0,0,0,,,0,,,0
7,3,8,value,exact,,,0.20714264785114217,,,0,0,0,,,0,,,0
7,3,9,value,exact,,,0.26606562072633794,,,0.06888304599574122,0.0059469941822883,0.07439232150556088,,,0.27960140548213547,,,0.1076923076923077
7,3,10,value,exact,,,0.3340606718742432,,,0,0,0,,,0,,,0
7,3,11,value,exact,,,0.40173789860354586,,,0,0,0,,,0,,,0
7,3,12,value,exact,,,0.4930347119278936,,,0.06888304599574122,0.0059469941822883,0.07439232150556088,,,0.15088658000299332,,,0.1076923076923077
7,3,13,value,exact,,,0.5597036309720643,,,0,0,0,,,0,,,0
7,3,14,value,exact,,,0.6216047651537666,,,0,0,0,,,0,,,0
7,3,15,value,exact,,,0.6616730062123761,,,0.06888304599574122,0.0059469941822883,0.07439232150556088,,,0.11243064294160324,,,0.1076923076923077
7,3,16,value,exact,,,0.6984260665057314,,,0,0,0,,,0,,,0
7,3,17,value,exact,,,0.7207305237614864,,,0,0,0,,,0,,,0
7,3,18,value,exact,,,0.7348821717543489,,,0.06888304599574122,0.0059469941822883,0.07439232150556088,,,0.10123027114396811,,,0.1076923076923077
7,3,19,value,exact,,,0.7420313973451047,,,0,0,0,,,0,,,0
7,3,20,value,exact,,,0.737728180292255,,,0,0,0,,,0,,,0
7,3,21,value,exact,,,0.8187650951649428,,,0.06888304599574122,0.0059469941822883,0.07439232150556088,,,0.09085917553748957,,,0.1076923076923077
7,3,22,value,exact,,,0.7632613509361619,,,0,0,0,,,0,,,0
7,3,23,value,exact,,,0.7033352727698922,,,0,0,0,,,0,,,0
7,3,24,value,exact,,,0.6324308873908917,,,0.06888304599574122,0.0059469941822883,0.07439232150556088,,,0.11762917180163057,,,0.1076923076923077
7,3,25,value,exact,,,0.5690996928195601,,,0,0,0,,,0,,,0
7,3,26,value,exact,,,0.4928113677691955,,,0,0,0,,,0,,,0
7,3,27,value,exact,,,0.42571872269864325,,,0.16479462204009193,0.0059469941822883,0.16942798182391153,,,0.3979810442676861,,,0.4117647058823529
7,3,28,value,exact,,,0.3475866572345867,,,0,0,0,,,0,,,0
7,3,29,value,exact,,,0.28783638410889867,,,0,0,0,,,0,,,0
7,3,30,value,exact,,,0.3665084221975989,,,0,0.3665084221975989,0.3665084221975989,,,1,,,0.8868778280542986
7,3,31,value,exact,,,0,,,0,0,0,,,,,,0
7,3,32,value,exact,,,0,,,0,0,0,,,,,,0
7,3,33,value,exact,,,0,,,0,0,0,,,,,,0
7,3,34,value,exact,,,0,,,0,0,0,,,,,,0
7,3,35,value,exact,,,0,,,0,0,0,,,,,,0
7,3,36,value,exact,,,0,,,0,0,0,,,,,,0
7,3,37,value,exact,,,0,,,0,0,0,,,,,,0
7,3,38,value,exact,,,0,,,0,0,0,,,,,,0
7,3,39,value,exact,,,0,,,0,0,0,,,,,,0
7,3,40,value,exact,,,0,,,0,0,0,,,,,,0
7,3,41,value,exact,,,0,,,0,0,0,,,,,,0
7,3,42,value,exact,,,0,,,0,0,0,,,,,,0
7,3,43,value,exact,,,0,,,0,0,0,,,,,,0
7,3,44,value,exact,,,0,,,0,0,0,,,,,,0
7,3,45,value,exact,,,0,,,0,0,0,,,,,,0
7,3,46,value,exact,,,0,,,0,0,0,,,,,,0
7,3,47,value,exact,,,0,,,0,0,0,,,,,,0
7,3,48,value,exact,,,0,,,0,0,0,,,,,,0
7,3,49,value,exact,,,0,,,0,0,0,,,,,,0
7,3,50,value,exact,,,0,,,0,0,0,,,,,,0
7,4,2,value,exact,,,0,,,0,0,0,,,,,,0
7,4,3,value,exact,,,0,,,0,0,0,,,,,,0
7,4,4,value,exact,,,0.0001292824822236587,,,0,0.0001292824822236587,0.0001292824822236587,,,1,,,0.0001292824822236587
7,4,5,value,exact,,,0.0017892049725319573,,,0,0,0,,,0,,,0
7,4,6,value,exact,,,0.005671267297212772,,,0,0,0,,,0,,,0
7,4,7,value,exact,,,0.012800460680963483,,,0,0,0,,,0,,,0
7,4,8,value,exact,,,0.02396760881823732,,,0,0.0001292824822236587,0.0001292824822236587,,,0.005394050078340968,,,0.0001292824822236587
7,4,9,value,exact,,,0.03936077526435038,,,0,0,0,,,0,,,0
7,4,10,value,exact,,,0.059959505043033365,,,0.022163394639859786,0,0.022163394639859786,,,0.3696393861816064,,,0.033096315449256626
7,4,11,value,exact,,,0.0858588763905192,,,0,0,0,,,0,,,0
7,4,12,value,exact,,,0.11783643792676823,,,0,0.0001292824822236587,0.0001292824822236587,,,0.0010971350161144877,,,0.0001292824822236587
7,4,13,value,exact,,,0.15663385969203023,,,0,0,0,,,0,,,0
7,4,14,value,exact,,,0.2048019293108263,,,0.022163394639859786,0,0.022163394639859786,,,0.10821868091985878,,,0.033096315449256626
7,4,15,value,exact,,,0.25566489884931415,,,0,0,0,,,0,,,0
7,4,16,value,exact,,,0.30834798873651786,,,0,0.0001292824822236587,0.0001292824822236587,,,0.0004192746083845225,,,0.0001292824822236587
7,4,17,value,exact,,,0.36228545356803504,,,0,0,0,,,0,,,0
7,4,18,value,exact,,,0.4150568047613267,,,0.022163394639859786,0,0.022163394639859786,,,0.05339846109161991,,,0.033096315449256626
7,4,19,value,exact,,,0.46360309440790476,,,0,0,0,,,0,,,0
7,4,20,value,exact,,,0.5111447838225875,,,0,0.0001292824822236587,0.0001292824822236587,,,0.0002529273237551636,,,0.0001292824822236587
7,4,21,value,exact,,,0.5513628179514886,,,0,0,0,,,0,,,0
7,4,22,value,exact,,,0.6104993879712278,,,0.022163394639859786,0,0.022163394639859786,,,0.03630371311838944,,,0.033096315449256626
7,4,23,value,exact,,,0.6421646862687294,,,0,0,0,,,0,,,0
7,4,24,value,exact,,,0.675327975066779,,,0,0.0001292824822236587,0.0001292824822236587,,,0.00019143658636512837,,,0.0001292824822236587
7,4,25,value,exact,,,0.6855476895091631,,,0,0,0,,,0,,,0
7,4,26,value,exact,,,0.694376152225638,,,0.022163394639859786,0,0.022163394639859786,,,0.031918427164903236,,,0.033096315449256626
7,4,27,value,exact,,,0.6888722585027749,,,0,0,0,,,0,,,0
7,4,28,value,exact,,,0.6757832742433058,,,0,0.0001292824822236587,0.0001292824822236587,,,0.00019130760874249228,,,0.0001292824822236587
7,4,29,value,exact,,,0.6562747151091277,,,0,0,0,,,0,,,0
7,4,30,value,exact,,,0.6269030148172554,,,0.022163394639859786,0,0.022163394639859786,,,0.03535378537989724,,,0.033096315449256626
7,4,31,value,exact,,,0.639284353889567,,,0,0,0,,,0,,,0
7,4,32,value,exact,,,0.5645578234140023,,,0,0.0001292824822236587,0.0001292824822236587,,,0.00022899776933717753,,,0.0001292824822236587
7,4,33,value,exact,,,0.4921820574810726,,,0,0,0,,,0,,,0
7,4,34,value,exact,,,0.4160162577804195,,,0.05799892005475071,0,0.05799892005475071,,,0.13941503239367037,,,0.1323852617970265
7,4,35,value,exact,,,0.3525659463244488,,,0,0,0,,,0,,,0
7,4,36,value,exact,,,0.2843050946985213,,,0,0.0001292824822236587,0.0001292824822236587,,,0.00045473150018908584,,,0.0001292824822236587
7,4,37,value,exact,,,0.22962745476757557,,,0,0,0,,,0,,,0
7,4,38,value,exact,,,0.17131926135571998,,,0,0,0,,,0,,,0
7,4,39,value,exact,,,0.13031506774772814,,,0,0,0,,,0,,,0
7,4,40,value,exact,,,0.11994185278181578,,,0,0.11994185278181578,0.11994185278181578,,,1,,,0.23529411764705882
7,4,41,value,exact,,,0,,,0,0,0,,,,,,0
7,4,42,value,exact,,,0,,,0,0,0,,,,,,0
7,4,43,value,exact,,,0,,,0,0,0,,,,,,0
7,4,44,value,exact,,,0,,,0,0,0,,,,,,0
7,4,45,value,exact,,,0,,,0,0,0,,,,,,0
7,4,46,value,exact,,,0,,,0,0,0,,,,,,0
7,4,47,value,exact,,,0,,,0,0,0,,,,,,0
7,4,48,value,exact,,,0,,,0,0,0,,,,,,0
7,4,49,value,exact,,,0,,,0,0,0,,,,,,0
7,4,50,value,exact,,,0,,,0,0,0,,,,,,0
7,5,2,value,exact,,,0,,,0,0,0,,,,,,0
7,5,3,value,exact,,,0,,,0,0,0,,,,,,0
7,5,4,value,exact,,,0,,,0,0,0,,,,,,0
7,5,5,value,exact,,,0,,,0,0,0,,,,,,0
7,5,6,value,exact,,,0.000030287501038983872,,,0,0,0,,,0,,,0
7,5,7,value,exact,,,0.0002071091013791128,,,0,0,0,,,0,,,0
7,5,8,value,exact,,,0.0006440504046206827,,,0,0,0,,,0,,,0
7,5,9,value,exact,,,0.0016332527460567947,,,0,0,0,,,0,,,0
7,5,10,value,exact,,,0.0032441710762437757,,,0,0,0,,,0,,,0
7,5,11,value,exact,,,0.005955904029583085,,,0,0,0,,,0,,,0
7,5,12,value,exact,,,0.00987557906532712,,,0,0,0,,,0,,,0
7,5,13,value,exact,,,0.015562244252999001,,,0,0,0,,,0,,,0
7,5,14,value,exact,,,0.023173914837407248,,,0,0,0,,,0,,,0
7,5,15,value,exact,,,0.033871442265086496,,,0.0058439030632533384,0,0.0058439030632533384,,,0.17253186379007635,,,0.008274078862314157
7,5,16,value,exact,,,0.047812811882028836,,,0,0,0,,,0,,,0
7,5,17,value,exact,,,0.06531519033287549,,,0,0,0,,,0,,,0
7,5,18,value,exact,,,0.08656227594574441,,,0,0,0,,,0,,,0
7,5,19,value,exact,,,0.1113528197872759,,,0,0,0,,,0,,,0
7,5,20,value,exact,,,0.1389192594421957,,,0.0058439030632533384,0,0.0058439030632533384,,,0.04206690337047892,,,0.008274078862314157
7,5,21,value,exact,,,0.17017853181263967,,,0,0,0,,,0,,,0
7,5,22,value,exact,,,0.20337617435076216,,,0,0,0,,,0,,,0
7,5,23,value,exact,,,0.23983921612479048,,,0,0,0,,,0,,,0
7,5,24,value,exact,,,0.2803366247943709,,,0,0,0,,,0,,,0
7,5,25,value,exact,,,0.32087870229569093,,,0.0058439030632533384,0,0.0058439030632533384,,,0.018212187413635696,,,0.008274078862314157
7,5,26,value,exact,,,0.35895628015669373,,,0,0,0,,,0,,,0
7,5,27,value,exact,,,0.39654561034546887,,,0,0,0,,,0,,,0
7,5,28,value,exact,,,0.43092015999454647,,,0,0,0,,,0,,,0
7,5,29,value,exact,,,0.458030702496611,,,0,0,0,,,0,,,0
7,5,30,value,exact,,,0.4853081700907788,,,0.0058439030632533384,0,0.0058439030632533384,,,0.012041633385566563,,,0.008274078862314157
7,5,31,value,exact,,,0.5019399548049491,,,0,0,0,,,0,,,0
7,5,32,value,exact,,,0.5233011044024811,,,0,0,0,,,0,,,0
7,5,33,value,exact,,,0.5288860538166736,,,0,0,0,,,0,,,0
7,5,34,value,exact,,,0.5276045008482294,,,0,0,0,,,0,,,0
7,5,35,value,exact,,,0.511931750569722,,,0.0058439030632533384,0,0.0058439030632533384,,,0.011415394838764616,,,0.008274078862314157
7,5,36,value,exact,,,0.4929638517329653,,,0,0,0,,,0,,,0
7,5,37,value,exact,,,0.4649031846425327,,,0,0,0,,,0,,,0
7,5,38,value,exact,,,0.4309290100442084,,,0,0,0,,,0,,,0
7,5,39,value,exact,,,0.3945080060060742,,,0,0,0,,,0,,,0
7,5,40,value,exact,,,0.3535056960235172,,,0.0170686363209626,0,0.0170686363209626,,,0.04828390748144294,,,0.033096315449256626
7,5,41,value,exact,,,0.3213866233891265,,,0,0,0,,,0,,,0
7,5,42,value,exact,,,0.26419326714532676,,,0,0,0,,,0,,,0
7,5,43,value,exact,,,0.21528950724956603,,,0,0,0,,,0,,,0
7,5,44,value,exact,,,0.16954569346417853,,,0,0,0,,,0,,,0
7,5,45,value,exact,,,0.13364280601588105,,,0,0,0,,,0,,,0
7,5,46,value,exact,,,0.09941069432825432,,,0,0,0,,,0,,,0
7,5,47,value,exact,,,0.07423242263531755,,,0,0,0,,,0,,,0
7,5,48,value,exact,,,0.04980389366306545,,,0,0,0,,,0,,,0
7,5,49,value,exact,,,0.034271099744245526,,,0,0,0,,,0,,,0
7,5,50,value,exact,,,0.022809567860446675,,,0,0.022809567860446675,0.022809567860446675,,,1,,,0.03529411764705882
7,any_2_to_5,2,value,exact,,,0.08274078862314156,,,0,0.08274078862314156,0.08274078862314156,,,1,,,0.09502262443438914
7,any_2_to_5,3,value,exact,,,0.1898816425452982,,,0.18572385333554187,0.0059469941822883,0.1898816425452982,,,1,,,0.25972850678733034
7,any_2_to_5,4,value,exact,,,0.27680718911061186,,,0,0.08286806788466472,0.08286806788466472,,,0.2993710826330841,,,0.0951519069166128
7,any_2_to_5,5,value,exact,,,0.37734668335419275,,,0.18572385333554187,0,0.18572385333554187,,,0.4921836113270247,,,0.25339366515837103
7,any_2_to_5,6,value,exact,,,0.4575877515312679,,,0.06888304599574122,0.08851078181219119,0.1476556039052638,,,0.3226825967503507,,,0.20271493212669683
7,any_2_to_5,7,value,exact,,,0.5493523617374083,,,0.18572385333554187,0,0.18572385333554187,,,0.3380778281323168,,,0.25339366515837103
7,any_2_to_5,8,value,exact,,,0.6246667627415301,,,0,0.08286806788466472,0.08286806788466472,,,0.13265964003106925,,,0.0951519069166128
7,any_2_to_5,9,value,exact,,,0.6977071793635977,,,0.23244350469142327,0.0059469941822883,0.2375930376420119,,,0.3405340301338572,,,0.3610859728506787
7,any_2_to_5,10,value,exact,,,0.7623005524703299,,,0.022163394639859786,0.08274078862314156,0.10446024563671623,,,0.1370328872230248,,,0.12811893988364575
7,any_2_to_5,11,value,exact,,,0.857283889859936,,,0.18572385333554187,0,0.18572385333554187,,,0.21664218298314883,,,0.25339366515837103
7,any_2_to_5,12,value,exact,,,0.8693605001952392,,,0.06888304599574122,0.08863803117489791,0.1547018579722503,,,0.17794903027858716,,,0.2028442146089205
7,any_2_to_5,13,value,exact,,,0.8784443586016204,,,0.18572385333554187,0,0.18572385333554187,,,0.21142358251488153,,,0.25339366515837103
7,any_2_to_5,14,value,exact,,,0.8884044915197987,,,0.022163394639859786,0.08274078862314156,0.10446024563671623,,,0.11758185222365938,,,0.12811893988364575
7,any_2_to_5,15,value,exact,,,0.8922677773877643,,,0.25335162742247685,0.0059469941822883,0.2584231842598279,,,0.28962514483757,,,0.3693600517129929
7,any_2_to_5,16,value,exact,,,0.9012101844936367,,,0,0.08286806788466472,0.08286806788466472,,,0.09195198779430776,,,0.0951519069166128
7,any_2_to_5,17,value,exact,,,0.90223897286802,,,0.18572385333554187,0,0.18572385333554187,,,0.2058477398123985,,,0.25339366515837103
7,any_2_to_5,18,value,exact,,,0.9085647850544188,,,0.08520253757234766,0.08851078181219119,0.1704309077220869,,,0.18758255935693005,,,0.23581124757595345
7,any_2_to_5,19,value,exact,,,0.9052895790067255,,,0.41240681286390596,0,0.41240681286390596,,,0.45555236957040257,,,1.0135746606334841
7,any_2_to_5,20,value,exact,,,0.9975185477307695,,,0.0058439030632533384,0.7047532540376856,0.7096786654603491,,,0.7114440799870636,,,1.9088558500323207
7,any_2_to_5,21,value,exact,,,0.9013365966894834,,,0.06888304599574122,0.0059469941822883,0.07439232150556088,,,0.0825355608313212,,,0.1076923076923077
7,any_2_to_5,22,value,exact,,,0.9038197830900666,,,0.022163394639859786,0,0.022163394639859786,,,0.024521918035568357,,,0.033096315449256626
7,any_2_to_5,23,value,exact,,,0.8996907266428951,,,0,0,0,,,0,,,0
7,any_2_to_5,24,value,exact,,,0.9010013412609048,,,0.06888304599574122,0.0060762467656955334,0.07452109570790531,,,0.08270919508689842,,,0.10782159017453136
7,any_2_to_5,25,value,exact,,,0.8920046977020367,,,0.0058439030632533384,0,0.0058439030632533384,,,0.006551426330274129,,,0.008274078862314157
7,any_2_to_5,26,value,exact,,,0.8916413074872018,,,0.022163394639859786,0,0.022163394639859786,,,0.024856850455167934,,,0.033096315449256626
7,any_2_to_5,27,value,exact,,,0.8812617539722073,,,0.16479462204009193,0.0059469941822883,0.16942798182391153,,,0.1922561384971381,,,0.4117647058823529
7,any_2_to_5,28,value,exact,,,0.8736914932485482,,,0,0.0001292824822236587,0.0001292824822236587,,,0.00014797269198875025,,,0.0001292824822236587
7,any_2_to_5,29,value,exact,,,0.8576884208461724,,,0,0,0,,,0,,,0
7,any_2_to_5,30,value,exact,,,0.9281919826921732,,,0.026874491346385563,0.3665084221975989,0.3923113399632962,,,0.42266184935730355,,,0.9282482223658695
7,any_2_to_5,31,value,exact,,,0.8159328998802253,,,0,0,0,,,0,,,0
7,any_2_to_5,32,value,exact,,,0.7893253152680698,,,0,0.0001292824822236587,0.0001292824822236587,,,0.00016378859226091324,,,0.0001292824822236587
7,any_2_to_5,33,value,exact,,,0.7537437802987131,,,0,0,0,,,0,,,0
7,any_2_to_5,34,value,exact,,,0.7157456734917692,,,0.05799892005475071,0,0.05799892005475071,,,0.08103286153558241,,,0.1323852617970265
7,any_2_to_5,35,value,exact,,,0.6675616080061855,,,0.0058439030632533384,0,0.0058439030632533384,,,0.008754102981906637,,,0.008274078862314157
7,any_2_to_5,36,value,exact,,,0.6240410104125618,,,0,0.0001292824822236587,0.0001292824822236587,,,0.0002071698495234926,,,0.0001292824822236587
7,any_2_to_5,37,value,exact,,,0.569301240741084,,,0,0,0,,,0,,,0
7,any_2_to_5,38,value,exact,,,0.5160523755506614,,,0,0,0,,,0,,,0
7,any_2_to_5,39,value,exact,,,0.4589045552042777,,,0,0,0,,,0,,,0
7,any_2_to_5,40,value,exact,,,0.436716852826664,,,0.0170686363209626,0.11994185278181578,0.13701048910277838,,,0.313728422010677,,,0.26839043309631544
7,any_2_to_5,41,value,exact,,,0.3213866233891265,,,0,0,0,,,0,,,0
7,any_2_to_5,42,value,exact,,,0.26419326714532676,,,0,0,0,,,0,,,0
7,any_2_to_5,43,value,exact,,,0.21528950724956603,,,0,0,0,,,0,,,0
7,any_2_to_5,44,value,exact,,,0.16954569346417853,,,0,0,0,,,0,,,0
7,any_2_to_5,45,value,exact,,,0.13364280601588105,,,0,0,0,,,0,,,0
7,any_2_to_5,46,value,exact,,,0.09941069432825432,,,0,0,0,,,0,,,0
7,any_2_to_5,47,value,exact,,,0.07423242263531755,,,0,0,0,,,0,,,0
7,any_2_to_5,48,value,exact,,,0.04980389366306545,,,0,0,0,,,0,,,0
7,any_2_to_5,49,value,exact,,,0.034271099744245526,,,0,0,0,,,0,,,0
7,any_2_to_5,50,value,exact,,,0.022809567860446675,,,0,0.022809567860446675,0.022809567860446675,,,1,,,0.03529411764705882
8,2,2,rank,monte_carlo,100000,20260923,0.10720103425985779,10906,10906,0,0.10906,0.10906,0.10714297015900148,0.11100706538923291,1,0.9996478775640519,1,0.12844
8,2,3,rank,monte_carlo,100000,20260923,0.23264307464013617,23197,23197,0.23197,0,0.23197,0.22936418566844488,0.23459640682143404,1,0.999834419799668,1,0.33798
8,2,4,rank,monte_carlo,100000,20260923,0.32289031061083084,32229,10778,0,0.10778,0.10778,0.10587301048709284,0.10971712340232369,0.33441931179993173,0.32928846787998767,0.3395896244567427,0.12752
8,2,5,rank,monte_carlo,100000,20260923,0.4265113230472103,42739,23323,0.23323,0,0.23323,0.23061919479006354,0.23586130089521418,0.5457076674699923,0.5409832303760042,0.5504238884244456,0.34006
8,2,6,rank,monte_carlo,100000,20260923,0.5012967993715668,50070,10729,0,0.10729,0.10729,0.10538687650794555,0.10922329502770474,0.21428000798881566,0.2107078837869691,0.21789597232300426,0.12649
8,2,7,rank,monte_carlo,100000,20260923,0.585250136488097,58524,23331,0.23331,0,0.23331,0.23069887900896072,0.2359416105299931,0.39865696124666805,0.39469685016827916,0.40263037605904173,0.33944
8,2,8,rank,monte_carlo,100000,20260923,0.6460332343283859,64331,10688,0,0.10688,0.10688,0.10498012098183775,0.10881008205372246,0.16614074085588595,0.16328441849088507,0.16903693442280573,0.12706
8,2,9,rank,monte_carlo,100000,20260923,0.7124178196148594,71263,23354,0.23354,0,0.23354,0.23092797186824146,0.23617250000003123,0.3277156448647966,0.3242787436302894,0.3311711198866031,0.33769
8,2,10,rank,monte_carlo,100000,20260923,0.7606252626527971,75997,10736,0,0.10736,0.10736,0.1054563234526886,0.10929384270492831,0.14126873429214312,0.13881052755013085,0.1437632064754671,0.12589
8,2,11,rank,monte_carlo,100000,20260923,0.8845037929306309,88534,23296,0.23296,0,0.23296,0.23035026151958965,0.23559025490953123,0.26313054871574765,0.2602403104702432,0.2660413421875284,0.33654
8,2,12,rank,monte_carlo,100000,20260923,0.8506555621133626,85148,10548,0,0.10548,0.10548,0.10359126650461592,0.10739904409161224,0.12387842345093249,0.12168254275305157,0.12610824137486326,0.1239
8,2,13,rank,monte_carlo,100000,20260923,0.8174592969140502,81841,23334,0.23334,0,0.23334,0.23072876062484185,0.23597172660924057,0.28511381825735266,0.2820308305109071,0.2882169784847914,0.33704
8,2,14,rank,monte_carlo,100000,20260923,0.7717029442294719,77220,10784,0,0.10784,0.10784,0.1059325379555267,0.10977759132414691,0.13965293965293965,0.13722600598054308,0.1421157251876199,0.12783
8,2,15,rank,monte_carlo,100000,20260923,0.7285701568751033,72811,23280,0.2328,0,0.2328,0.2301908943611086,0.23542963436066003,0.319731908640178,0.3163539071035159,0.3231289315160217,0.34002
8,2,16,rank,monte_carlo,100000,20260923,0.6690244753704513,66862,10745,0,0.10745,0.10745,0.10554561275761074,0.10938454648539181,0.1607041368789447,0.1579398456038247,0.16350741484612077,0.12771
8,2,17,rank,monte_carlo,100000,20260923,0.614626414620973,61449,23210,0.2321,0,0.2321,0.22949366922635725,0.23472691327574532,0.3777115982359355,0.3738860385720955,0.38155244712357655,0.33617
8,2,18,rank,monte_carlo,100000,20260923,0.5393557682092264,53888,10756,0,0.10756,0.10756,0.1056547447040525,0.10949540608775471,0.19959916864608077,0.19624587248049097,0.2029952920671314,0.12683
8,2,19,rank,monte_carlo,100000,20260923,0.4723310253440307,47078,23160,0.2316,0,0.2316,0.22899565744861328,0.23422496346801358,0.49194953056629426,0.4874343005138387,0.4964660743601977,0.33548
8,2,20,rank,monte_carlo,100000,20260923,0.7823057608441513,78223,65642,0.49667,0.38483,0.65642,0.6534705628088625,0.6593574195913655,0.8391649514848574,0.8365737459298496,0.8417228453005446,1.52119
8,2,21,rank,monte_carlo,100000,20260923,0,0,0,0,0,0,0,0.000038414524267635735,,,,0
8,2,22,rank,monte_carlo,100000,20260923,0,0,0,0,0,0,0,0.000038414524267635735,,,,0
8,2,23,rank,monte_carlo,100000,20260923,0,0,0,0,0,0,0,0.000038414524267635735,,,,0
8,2,24,rank,monte_carlo,100000,20260923,0,0,0,0,0,0,0,0.000038414524267635735,,,,0
8,2,25,rank,monte_carlo,100000,20260923,0,0,0,0,0,0,0,0.000038414524267635735,,,,0
8,2,26,rank,monte_carlo,100000,20260923,0,0,0,0,0,0,0,0.000038414524267635735,,,,0
8,2,27,rank,monte_carlo,100000,20260923,0,0,0,0,0,0,0,0.000038414524267635735,,,,0
8,2,28,rank,monte_carlo,100000,20260923,0,0,0,0,0,0,0,0.000038414524267635735,,,,0
8,2,29,rank,monte_carlo,100000,20260923,0,0,0,0,0,0,0,0.000038414524267635735,,,,0
8,2,30,rank,monte_carlo,100000,20260923,0,0,0,0,0,0,0,0.000038414524267635735,,,,0
8,2,31,rank,monte_carlo,100000,20260923,0,0,0,0,0,0,0,0.000038414524267635735,,,,0
8,2,32,rank,monte_carlo,100000,20260923,0,0,0,0,0,0,0,0.000038414524267635735,,,,0
8,2,33,rank,monte_carlo,100000,20260923,0,0,0,0,0,0,0,0.000038414524267635735,,,,0
8,2,34,rank,monte_carlo,100000,20260923,0,0,0,0,0,0,0,0.000038414524267635735,,,,0
8,2,35,rank,monte_carlo,100000,20260923,0,0,0,0,0,0,0,0.000038414524267635735,,,,0
8,2,36,rank,monte_carlo,100000,20260923,0,0,0,0,0,0,0,0.000038414524267635735,,,,0
8,2,37,rank,monte_carlo,100000,20260923,0,0,0,0,0,0,0,0.000038414524267635735,,,,0
8,2,38,rank,monte_carlo,100000,20260923,0,0,0,0,0,0,0,0.000038414524267635735,,,,0
8,2,39,rank,monte_carlo,100000,20260923,0,0,0,0,0,0,0,0.000038414524267635735,,,,0
8,2,40,rank,monte_carlo,100000,20260923,0,0,0,0,0,0,0,0.000038414524267635735,,,,0
8,2,41,rank,monte_carlo,100000,20260923,0,0,0,0,0,0,0,0.000038414524267635735,,,,0
8,2,42,rank,monte_carlo,100000,20260923,0,0,0,0,0,0,0,0.000038414524267635735,,,,0
8,2,43,rank,monte_carlo,100000,20260923,0,0,0,0,0,0,0,0.000038414524267635735,,,,0
8,2,44,rank,monte_carlo,100000,20260923,0,0,0,0,0,0,0,0.000038414524267635735,,,,0
8,2,45,rank,monte_carlo,100000,20260923,0,0,0,0,0,0,0,0.000038414524267635735,,,,0
8,2,46,rank,monte_carlo,100000,20260923,0,0,0,0,0,0,0,0.000038414524267635735,,,,0
8,2,47,rank,monte_carlo,100000,20260923,0,0,0,0,0,0,0,0.000038414524267635735,,,,0
8,2,48,rank,monte_carlo,100000,20260923,0,0,0,0,0,0,0,0.000038414524267635735,,,,0
8,2,49,rank,monte_carlo,100000,20260923,0,0,0,0,0,0,0,0.000038414524267635735,,,,0
8,2,50,rank,monte_carlo,100000,20260923,0,0,0,0,0,0,0,0.000038414524267635735,,,,0
8,3,2,rank,monte_carlo,100000,20260923,0,0,0,0,0,0,0,0.000038414524267635735,,,,0
8,3,3,rank,monte_carlo,100000,20260923,0.00936005171299289,927,927,0,0.00927,0.00927,0.008694581073840198,0.009883121245147515,1,0.995872982041198,1,0.01011
8,3,4,rank,monte_carlo,100000,20260923,0.04496618942175888,4565,0,0,0,0,0,0.000038414524267635735,0,0,0.0008408258233334242,0
8,3,5,rank,monte_carlo,100000,20260923,0.08758944380427756,8843,0,0,0,0,0,0.000038414524267635735,0,0,0.00043423406608749494,0
8,3,6,rank,monte_carlo,100000,20260923,0.14764982346742156,14963,10912,0.10068,0.00942,0.10912,0.10720250158509036,0.11106752935340113,0.729265521619996,0.7220876511858554,0.736325699029597,0.17524
8,3,7,rank,monte_carlo,100000,20260923,0.2138698257357451,21423,0,0,0,0,0,0.000038414524267635735,0,0,0.00017928913984224345,0
8,3,8,rank,monte_carlo,100000,20260923,0.2893377020155058,29027,0,0,0,0,0,0.000038414524267635735,0,0,0.00013232823398409504,0
8,3,9,rank,monte_carlo,100000,20260923,0.36434891041736556,36372,10820,0.10008,0.00918,0.1082,0.10628970668615366,0.11014039493506249,0.29748157923677554,0.2928049676524548,0.3022009661758912,0.17364
8,3,10,rank,monte_carlo,100000,20260923,0.44714674996875575,44915,0,0,0,0,0,0.000038414524267635735,0,0,0.00008552313156713284,0
8,3,11,rank,monte_carlo,100000,20260923,0.5260711274239054,52658,0,0,0,0,0,0.000038414524267635735,0,0,0.00007294845533848552,0
8,3,12,rank,monte_carlo,100000,20260923,0.6194110730465957,61806,10942,0.10092,0.00964,0.10942,0.10750016147307348,0.11136984641670344,0.17703782804258486,0.17404863952402685,0.1800671619958398,0.1739
8,3,13,rank,monte_carlo,100000,20260923,0.6823835057398752,68183,0,0,0,0,0,0.000038414524267635735,0,0,0.000056339315766166826,0
8,3,14,rank,monte_carlo,100000,20260923,0.7414681209185209,74213,0,0,0,0,0,0.000038414524267635735,0,0,0.00005176183622451538,0
8,3,15,rank,monte_carlo,100000,20260923,0.7753006010392961,77548,10905,0.101,0.00898,0.10905,0.10713304827255285,0.11099698804397201,0.14062258214267292,0.13819362625347745,0.1430871421970296,0.17174
8,3,16,rank,monte_carlo,100000,20260923,0.8078558887678984,80707,0,0,0,0,0,0.000038414524267635735,0,0,0.00004759707523604858,0
8,3,17,rank,monte_carlo,100000,20260923,0.8248921187583647,82516,0,0,0,0,0,0.000038414524267635735,0,0,0.000046553652134009906,0
8,3,18,rank,monte_carlo,100000,20260923,0.8370011686450713,83521,10857,0.10069,0.00891,0.10857,0.10665680375060246,0.11051326944386572,0.12999125968319344,0.1277275196385929,0.13228903572354256,0.17096
8,3,19,rank,monte_carlo,100000,20260923,0.8409012313860765,84132,0,0,0,0,0,0.000038414524267635735,0,0,0.000045659494538175504,0
8,3,20,rank,monte_carlo,100000,20260923,0.8365516724966037,83574,0,0,0,0,0,0.000038414524267635735,0,3.3881317890172014e-21,0.00004596433607828416,0
8,3,21,rank,monte_carlo,100000,20260923,0.9018050327415295,90067,10771,0.09946,0.00953,0.10771,0.10580356201031864,0.10964657725713127,0.11958875059677795,0.11748581108597607,0.12172413985113166,0.17237
8,3,22,rank,monte_carlo,100000,20260923,0.8607186479516021,86172,0,0,0,0,0,0.000038414524267635735,0,0,0.00004457861888754678,0
8,3,23,rank,monte_carlo,100000,20260923,0.8097612579508427,80990,0,0,0,0,0,0.000038414524267635735,0,0,0.000047430766637447655,0
8,3,24,rank,monte_carlo,100000,20260923,0.7457970828455673,74490,10875,0.10015,0.00968,0.10875,0.10683539406071955,0.11069466530451989,0.1459927507047926,0.1434752733820288,0.14854673988463568,0.17447
8,3,25,rank,monte_carlo,100000,20260923,0.682786713205171,68270,0,0,0,0,0,0.000038414524267635735,0,0,0.00005626752369534162,0
8,3,26,rank,monte_carlo,100000,20260923,0.6046446588787558,60380,0,0,0,0,0,0.000038414524267635735,0,0,0.00006361966874263926,0
8,3,27,rank,monte_carlo,100000,20260923,0.528639585913352,52733,10796,0.09991,0.00917,0.10796,0.10605159345294494,0.10989852660724285,0.20472948627993856,0.2013070587819819,0.20819493156853613,0.17343
8,3,28,rank,monte_carlo,100000,20260923,0.4395965732767169,44040,0,0,0,0,0,0.000038414524267635735,0,0,0.0000872221827262225,0
8,3,29,rank,monte_carlo,100000,20260923,0.36641056935120164,36574,10006,0.10006,0,0.10006,0.09821542076909329,0.10193530624057792,0.2735823262426861,0.2690374321821541,0.2781747794864536,0.16194
8,3,30,rank,monte_carlo,100000,20260923,0.47171015848166636,47169,19485,0.16249,0.03832,0.19485,0.19240677991915367,0.19731666446500684,0.41308910513260827,0.40865275065190815,0.4175396150842276,0.36624
8,3,31,rank,monte_carlo,100000,20260923,0,0,0,0,0,0,0,0.000038414524267635735,,,,0
8,3,32,rank,monte_carlo,100000,20260923,0,0,0,0,0,0,0,0.000038414524267635735,,,,0
8,3,33,rank,monte_carlo,100000,20260923,0,0,0,0,0,0,0,0.000038414524267635735,,,,0
8,3,34,rank,monte_carlo,100000,20260923,0,0,0,0,0,0,0,0.000038414524267635735,,,,0
8,3,35,rank,monte_carlo,100000,20260923,0,0,0,0,0,0,0,0.000038414524267635735,,,,0
8,3,36,rank,monte_carlo,100000,20260923,0,0,0,0,0,0,0,0.000038414524267635735,,,,0
8,3,37,rank,monte_carlo,100000,20260923,0,0,0,0,0,0,0,0.000038414524267635735,,,,0
8,3,38,rank,monte_carlo,100000,20260923,0,0,0,0,0,0,0,0.000038414524267635735,,,,0
8,3,39,rank,monte_carlo,100000,20260923,0,0,0,0,0,0,0,0.000038414524267635735,,,,0
8,3,40,rank,monte_carlo,100000,20260923,0,0,0,0,0,0,0,0.000038414524267635735,,,,0
8,3,41,rank,monte_carlo,100000,20260923,0,0,0,0,0,0,0,0.000038414524267635735,,,,0
8,3,42,rank,monte_carlo,100000,20260923,0,0,0,0,0,0,0,0.000038414524267635735,,,,0
8,3,43,rank,monte_carlo,100000,20260923,0,0,0,0,0,0,0,0.000038414524267635735,,,,0
8,3,44,rank,monte_carlo,100000,20260923,0,0,0,0,0,0,0,0.000038414524267635735,,,,0
8,3,45,rank,monte_carlo,100000,20260923,0,0,0,0,0,0,0,0.000038414524267635735,,,,0
8,3,46,rank,monte_carlo,100000,20260923,0,0,0,0,0,0,0,0.000038414524267635735,,,,0
8,3,47,rank,monte_carlo,100000,20260923,0,0,0,0,0,0,0,0.000038414524267635735,,,,0
8,3,48,rank,monte_carlo,100000,20260923,0,0,0,0,0,0,0,0.000038414524267635735,,,,0
8,3,49,rank,monte_carlo,100000,20260923,0,0,0,0,0,0,0,0.000038414524267635735,,,,0
8,3,50,rank,monte_carlo,100000,20260923,0,0,0,0,0,0,0,0.000038414524267635735,,,,0
8,4,2,rank,monte_carlo,100000,20260923,0,0,0,0,0,0,0,0.000038414524267635735,,,,0
8,4,3,rank,monte_carlo,100000,20260923,0,0,0,0,0,0,0,0.000038414524267635735,,,,0
8,4,4,rank,monte_carlo,100000,20260923,0.0002585649644473174,28,28,0,0.00028,0.00028,0.00019373769447967064,0.0004046553176543752,1,0.8793527963418923,1,0.00028
8,4,5,rank,monte_carlo,100000,20260923,0.0034071535110877767,314,0,0,0,0,0,0.000038414524267635735,0,0,0.01208652360169342,0
8,4,6,rank,monte_carlo,100000,20260923,0.010669468385091174,1108,0,0,0,0,0,0.000038414524267635735,0,0,0.0034551684340647084,0
8,4,7,rank,monte_carlo,100000,20260923,0.02337650788866983,2396,0,0,0,0,0,0.000038414524267635735,0,0,0.0016007723176396308,0
8,4,8,rank,monte_carlo,100000,20260923,0.04310439543829107,4500,30,0,0.0003,0.0003,0.00021015732105154916,0.00042823415450152593,0.006666666666666667,0.0046738403090628745,0.00950108094038782,0.0003
8,4,9,rank,monte_carlo,100000,20260923,0.06940646663561176,7027,0,0,0,0,0,0.000038414524267635735,0,0,0.0005463926253152965,0
8,4,10,rank,monte_carlo,100000,20260923,0.10335280012049887,10457,3924,0.03924,0,0.03924,0.038054142900442775,0.04046125685196034,0.37525102801950844,0.36601804124888604,0.3845756394737051,0.06772
8,4,11,rank,monte_carlo,100000,20260923,0.1449156869987256,14532,0,0,0,0,0,0.000038414524267635735,0,0,0.0002642846630909902,0
8,4,12,rank,monte_carlo,100000,20260923,0.19430002319483736,19556,28,0,0.00028,0.00028,0.00019373769447967064,0.0004046553176543752,0.0014317856412354264,0.0009908254601774368,0.0020685858184905865,0.00028
8,4,13,rank,monte_carlo,100000,20260923,0.2505241428623918,25088,0,0,0,0,0,0.000038414524267635735,0,0,0.00015310155632418786,0
8,4,14,rank,monte_carlo,100000,20260923,0.31490556325948393,31659,3913,0.03913,0,0.03913,0.037945766039368174,0.040349642164230266,0.12359834486244038,0.12001846633308227,0.12726955976751889,0.06761
8,4,15,rank,monte_carlo,100000,20260923,0.3804007052665702,37934,0,0,0,0,0,0.000038414524267635735,0,0,0.00010126037323114344,0
8,4,16,rank,monte_carlo,100000,20260923,0.44417805662078397,44644,30,0,0.0003,0.0003,0.00021015732105154916,0.00042823415450152593,0.0006719827972403907,0.0004707619590881645,0.0009591302308178311,0.0003
8,4,17,rank,monte_carlo,100000,20260923,0.5066743885343221,50664,0,0,0,0,0,0.000038414524267635735,0,0,0.00007581929442204618,0
8,4,18,rank,monte_carlo,100000,20260923,0.5643360552551389,56719,3969,0.03969,0,0.03969,0.03849752933825589,0.04091783584107538,0.06997655106754351,0.0679060480775465,0.07210530142437974,0.06775
8,4,19,rank,monte_carlo,100000,20260923,0.6164516270703352,61557,0,0,0,0,0,0.000038414524267635735,0,0,0.00006240330541549971,0
8,4,20,rank,monte_carlo,100000,20260923,0.663732667905275,66290,19,0,0.00019,0.00019,0.00012164420148445118,0.0002967557252639628,0.000286619399607784,0.00018350558495722734,0.0004476480635590476,0.00019
8,4,21,rank,monte_carlo,100000,20260923,0.703018874192624,70333,0,0,0,0,0,0.000038414524267635735,0,0,0.00005461718087722609,0
8,4,22,rank,monte_carlo,100000,20260923,0.7581989285194378,75697,3878,0.03878,0,0.03878,0.03760094772560177,0.039994487368163675,0.05123056395894157,0.04968262672696776,0.05282404870740416,0.0653
8,4,23,rank,monte_carlo,100000,20260923,0.7823279112161955,78205,0,0,0,0,0,0.000038414524267635735,0,0,0.00004911976601888449,0
8,4,24,rank,monte_carlo,100000,20260923,0.8131266660700192,81203,20,0,0.0002,0.0002,0.00012947783094502976,0.00030892132751289894,0.000246296319101511,0.0001594505889172772,0.0003804251054971205,0.0002
8,4,25,rank,monte_carlo,100000,20260923,0.8203426537245986,82028,0,0,0,0,0,0.000038414524267635735,0,0,0.000046830595596429954,0
8,4,26,rank,monte_carlo,100000,20260923,0.8302976241138074,83006,3929,0.03929,0,0.03929,0.03810340595704144,0.04051198995390924,0.04733392766787943,0.04591012368472311,0.04879962938147235,0.06724
8,4,27,rank,monte_carlo,100000,20260923,0.8253723894263699,82506,0,0,0,0,0,0.000038414524267635735,0,0,0.000046559294327865966,0
8,4,28,rank,monte_carlo,100000,20260923,0.8172552740349442,81416,31,0,0.00031,0.00031,0.0002184105510263553,0.0004399801562362344,0.000380760538469097,0.0002682672188525287,0.0005404005297715364,0.00031
8,4,29,rank,monte_carlo,100000,20260923,0.8001476589592169,79970,0,0,0,0,0,0.000038414524267635735,0,0,0.000048035706715381796,0
8,4,30,rank,monte_carlo,100000,20260923,0.7759268031793471,77439,3871,0.03871,0,0.03871,0.03753198721568676,0.039923453256112074,0.04998773227960072,0.048475057870118125,0.0515450529621786,0.06626
8,4,31,rank,monte_carlo,100000,20260923,0.7960482614735213,79611,0,0,0,0,0,0.000038414524267635735,0,0,0.000048252309780391495,0
8,4,32,rank,monte_carlo,100000,20260923,0.7308679699494305,73092,30,0,0.0003,0.0003,0.00021015732105154916,0.00042823415450152593,0.0004104416351994746,0.00028752830030165984,0.000585867485321253,0.0003
8,4,33,rank,monte_carlo,100000,20260923,0.6573291918821657,65692,0,0,0,0,0,0.000038414524267635735,0,0,0.000058475542841664426,0
8,4,34,rank,monte_carlo,100000,20260923,0.5743528750004235,57431,3838,0.03838,0,0.03838,0.03720690195658497,0.03958856386879988,0.06682801971060925,0.06481444530897883,0.06889954059326485,0.06616
8,4,35,rank,monte_carlo,100000,20260923,0.4986759554980701,49789,0,0,0,0,0,0.000038414524267635735,0,0,0.00007715165225677739,0
8,4,36,rank,monte_carlo,100000,20260923,0.41427559253972707,41472,31,0,0.00031,0.00031,0.0002184105510263553,0.0004399801562362344,0.0007474922839506172,0.0005266739602134789,0.0010607947314405077,0.00031
8,4,37,rank,monte_carlo,100000,20260923,0.3399161198671456,34028,3908,0.03908,0,0.03908,0.03789650467898747,0.040298907366063404,0.11484659692018338,0.111502276458078,0.11827787155483474,0.06719
8,4,38,rank,monte_carlo,100000,20260923,0.26055818698361005,26066,0,0,0,0,0,0.000038414524267635735,0,0,0.00014735801079819371,0
8,4,39,rank,monte_carlo,100000,20260923,0.20031666434452525,20010,3895,0.03895,0,0.03895,0.03776842763475433,0.04016699439807286,0.1946526736631684,0.18922551632108922,0.20019705210775254,0.06678
8,4,40,rank,monte_carlo,100000,20260923,0.19117219505748645,19089,3943,0.03843,0.00103,0.03943,0.038241345321562085,0.04065403983332181,0.20655875111320657,0.20087500344847062,0.21236058323339876,0.06671
8,4,41,rank,monte_carlo,100000,20260923,0,0,0,0,0,0,0,0.000038414524267635735,,,,0
8,4,42,rank,monte_carlo,100000,20260923,0,0,0,0,0,0,0,0.000038414524267635735,,,,0
8,4,43,rank,monte_carlo,100000,20260923,0,0,0,0,0,0,0,0.000038414524267635735,,,,0
8,4,44,rank,monte_carlo,100000,20260923,0,0,0,0,0,0,0,0.000038414524267635735,,,,0
8,4,45,rank,monte_carlo,100000,20260923,0,0,0,0,0,0,0,0.000038414524267635735,,,,0
8,4,46,rank,monte_carlo,100000,20260923,0,0,0,0,0,0,0,0.000038414524267635735,,,,0
8,4,47,rank,monte_carlo,100000,20260923,0,0,0,0,0,0,0,0.000038414524267635735,,,,0
8,4,48,rank,monte_carlo,100000,20260923,0,0,0,0,0,0,0,0.000038414524267635735,,,,0
8,4,49,rank,monte_carlo,100000,20260923,0,0,0,0,0,0,0,0.000038414524267635735,,,,0
8,4,50,rank,monte_carlo,100000,20260923,0,0,0,0,0,0,0,0.000038414524267635735,,,,0
8,5,2,rank,monte_carlo,100000,20260923,0,0,0,0,0,0,0,0.000038414524267635735,,,,0
8,5,3,rank,monte_carlo,100000,20260923,0,0,0,0,0,0,0,0.000038414524267635735,,,,0
8,5,4,rank,monte_carlo,100000,20260923,0,0,0,0,0,0,0,0.000038414524267635735,,,,0
8,5,5,rank,monte_carlo,100000,20260923,0,0,0,0,0,0,0,0.000038414524267635735,,,,0
8,5,6,rank,monte_carlo,100000,20260923,0.00007817410984413215,6,0,0,0,0,0,0.000038414524267635735,0,0,0.3903430336530645,0
8,5,7,rank,monte_carlo,100000,20260923,0.0005273327338952849,51,0,0,0,0,0,0.000038414524267635735,0,0,0.07004901388726806,0
8,5,8,rank,monte_carlo,100000,20260923,0.0015948772829656544,149,0,0,0,0,0,0.000038414524267635735,0,0,0.025134518351024853,0
8,5,9,rank,monte_carlo,100000,20260923,0.003968812743912053,414,0,0,0,0,0,0.000038414524267635735,0,0,0.009193914631764763,0
8,5,10,rank,monte_carlo,100000,20260923,0.0077746875689956715,823,0,0,0,0,0,0.000038414524267635735,0,0,0.004646113596606653,0
8,5,11,rank,monte_carlo,100000,20260923,0.013963172498297927,1441,0,0,0,0,0,0.000038414524267635735,0,0,0.002658838172987267,0
8,5,12,rank,monte_carlo,100000,20260923,0.022751876433108408,2330,0,0,0,0,0,0.000038414524267635735,0,0,0.0016460414451434922,0
8,5,13,rank,monte_carlo,100000,20260923,0.03516713272277293,3617,0,0,0,0,0,0.000038414524267635735,0,0,0.0010609688090194279,0
8,5,14,rank,monte_carlo,100000,20260923,0.05125034524827744,5197,0,0,0,0,0,0.000038414524267635735,0,0,0.0007386496831589717,0
8,5,15,rank,monte_carlo,100000,20260923,0.07263828152765411,7308,1339,0.01339,0,0.01339,0.012696069229812942,0.014121316553494809,0.18322386425834702,0.17452156099950208,0.19225903227812033,0.02287
8,5,16,rank,monte_carlo,100000,20260923,0.09927540816369243,10136,0,0,0,0,0,0.000038414524267635735,0,0,0.00037886193409569633,0
8,5,17,rank,monte_carlo,100000,20260923,0.130682105618167,13171,0,0,0,0,0,0.000038414524267635735,0,0,0.00029158604836660806,0
8,5,18,rank,monte_carlo,100000,20260923,0.1671477572266602,16807,0,0,0,0,0,0.000038414524267635735,0,0,0.00022851919561243142,0
8,5,19,rank,monte_carlo,100000,20260923,0.2075260596422919,21113,0,0,0,0,0,0.000038414524267635735,0,1.3552527156068805e-20,0.00018192114487424106,0
8,5,20,rank,monte_carlo,100000,20260923,0.25078480738817027,25121,1338,0.01338,0,0.01338,0.012686331965716396,0.014111054585881836,0.05326221089924764,0.05055297794337192,0.05610805668778769,0.02282
8,5,21,rank,monte_carlo,100000,20260923,0.2972695457366514,29703,0,0,0,0,0,0.000038414524267635735,0,0,0.00012931701228043038,0
8,5,22,rank,monte_carlo,100000,20260923,0.3446613105262504,34600,0,0,0,0,0,0.000038414524267635735,0,0,0.00011101657568563138,0
8,5,23,rank,monte_carlo,100000,20260923,0.3951450979594855,39533,0,0,0,0,0,0.000038414524267635735,0,0,0.00009716507046430333,0
8,5,24,rank,monte_carlo,100000,20260923,0.44688850525385326,44700,0,0,0,0,0,0.000038414524267635735,0,0,0.00008593444908770436,0
8,5,25,rank,monte_carlo,100000,20260923,0.4982763093140195,49750,1302,0.01302,0,0.01302,0.012335859314803339,0.013741554895252367,0.026170854271356785,0.024804171226251545,0.027610708030026833,0.02169
8,5,26,rank,monte_carlo,100000,20260923,0.5434397193019384,54402,0,0,0,0,0,0.000038414524267635735,0,0,0.00007061006478392569,0
8,5,27,rank,monte_carlo,100000,20260923,0.5876126665472042,58691,0,0,0,0,0,0.000038414524267635735,0,0,0.00006545038533675844,0
8,5,28,rank,monte_carlo,100000,20260923,0.6258209620336191,62642,0,0,0,0,0,0.000038414524267635735,0,0,0.00006132250604164603,0
8,5,29,rank,monte_carlo,100000,20260923,0.657821392842343,65576,0,0,0,0,0,0.000038414524267635735,0,0,0.00005857897650060806,0
8,5,30,rank,monte_carlo,100000,20260923,0.6858091898729652,68438,1300,0.013,0,0.013,0.012316392598386823,0.013721023148249854,0.018995295011543293,0.01799922417434102,0.020045362866695,0.02167
8,5,31,rank,monte_carlo,100000,20260923,0.7059956827437918,70522,0,0,0,0,0,0.000038414524267635735,0,0,0.000054470814000183446,0
8,5,32,rank,monte_carlo,100000,20260923,0.7364776018332094,73407,0,0,0,0,0,0.000038414524267635735,0,0,0.00005233014519751807,0
8,5,33,rank,monte_carlo,100000,20260923,0.7412019045147412,74051,0,0,0,0,0,0.000038414524267635735,0,0,0.00005187506875985269,0
8,5,34,rank,monte_carlo,100000,20260923,0.7477535218646391,74679,0,0,0,0,0,0.000038414524267635735,0,0,0.00005143885687391948,0
8,5,35,rank,monte_carlo,100000,20260923,0.7327228606283948,73262,1382,0.01382,0,0.01382,0.013114866557146125,0.014562486189670753,0.018863803881957904,0.017903598984414987,0.019874464292483206,0.02353
8,5,36,rank,monte_carlo,100000,20260923,0.7167097428881181,71539,0,0,0,0,0,0.000038414524267635735,0,0,0.00005369649728869589,0
8,5,37,rank,monte_carlo,100000,20260923,0.687263476276917,68577,0,0,0,0,0,0.000038414524267635735,0,0,0.00005601564387917923,0
8,5,38,rank,monte_carlo,100000,20260923,0.6517988689344189,64817,0,0,0,0,0,0.000038414524267635735,0,0,0.00005926488927289707,0
8,5,39,rank,monte_carlo,100000,20260923,0.6100424755874503,61032,0,0,0,0,0,0.000038414524267635735,0,0,0.00006294006766017952,0
8,5,40,rank,monte_carlo,100000,20260923,0.5610851237242922,55968,1313,0.01313,0,0.01313,0.012442933826244708,0.013854471932615658,0.023459834190966266,0.02223816891561454,0.024746913669197176,0.0219
8,5,41,rank,monte_carlo,100000,20260923,0.5273106260460018,52818,0,0,0,0,0,0.000038414524267635735,0,0,0.00007272749081887367,0
8,5,42,rank,monte_carlo,100000,20260923,0.4517489963797849,45379,0,0,0,0,0,0.000038414524267635735,0,0,0.00008464873208820841,0
8,5,43,rank,monte_carlo,100000,20260923,0.3791304746476973,37950,0,0,0,0,0,0.000038414524267635735,0,0,0.0001012176854318747,0
8,5,44,rank,monte_carlo,100000,20260923,0.3080873561028102,30764,1306,0.01306,0,0.01306,0.012374794021677783,0.013782617115215983,0.042452216876869064,0.040255741462401975,0.04476294896143328,0.02224
8,5,45,rank,monte_carlo,100000,20260923,0.24896006667568946,24970,0,0,0,0,0,0.000038414524267635735,0,0,0.00015382495258558856,0
8,5,46,rank,monte_carlo,100000,20260923,0.1908155380561105,19054,0,0,0,0,0,0.000038414524267635735,0,0,0.00020157581748396944,0
8,5,47,rank,monte_carlo,100000,20260923,0.1445528416067677,14435,1307,0.01307,0,0.01307,0.012384527963119932,0.013792882405483346,0.09054381711118809,0.08597079619630614,0.09533471795241892,0.02264
8,5,48,rank,monte_carlo,100000,20260923,0.10009897305538597,10011,0,0,0,0,0,0.000038414524267635735,0,0,0.00038359069004146804,0
8,5,49,rank,monte_carlo,100000,20260923,0.06963231299303564,6943,1280,0.0128,0,0.0128,0.012121749024017756,0.013515682088428628,0.1843583465360795,0.1754123043731116,0.1936534880583726,0.02209
8,5,50,rank,monte_carlo,100000,20260923,0.048711510506145105,4881,0,0,0,0,0,0.000038414524267635735,0,0,0.0007864328702081149,0
8,any_2_to_5,2,rank,monte_carlo,100000,20260923,0.10720103425985779,10906,10906,0,0.10906,0.10906,0.10714297015900148,0.11100706538923291,1,0.9996478775640519,1,0.12844
8,any_2_to_5,3,rank,monte_carlo,100000,20260923,0.2385959728420413,23810,23810,0.23197,0.00927,0.2381,0.23547020883264552,0.24074991269516588,1,0.9998386820545577,1,0.34809
8,any_2_to_5,4,rank,monte_carlo,100000,20260923,0.3459925838975738,34570,10806,0,0.10806,0.10806,0.10615080693774058,0.10999930543954235,0.31258316459357827,0.3077177009160909,0.3174902771293688,0.1278
8,any_2_to_5,5,rank,monte_carlo,100000,20260923,0.4610227880141359,46140,23323,0.23323,0,0.23323,0.23061919479006354,0.23586130089521418,0.5054833116601647,0.5009209832504233,0.5100447270687625,0.34006
8,any_2_to_5,6,rank,monte_carlo,100000,20260923,0.5519477796574167,55147,19868,0.10068,0.11628,0.19868,0.19621852702038772,0.2011646231085169,0.3602734509583477,0.356276412084141,0.3642899554833124,0.30173
8,any_2_to_5,7,rank,monte_carlo,100000,20260923,0.6483094790609619,64869,23331,0.23331,0,0.23331,0.23069887900896072,0.2359416105299931,0.3596633214632567,0.35597864316657796,0.36336462050202006,0.33944
8,any_2_to_5,8,rank,monte_carlo,100000,20260923,0.7251665633164246,72403,10715,0,0.10715,0.10715,0.10524798338700289,0.10908219890471418,0.1479911053409389,0.14542325178442053,0.15059631109622304,0.12736
8,any_2_to_5,9,rank,monte_carlo,100000,20260923,0.7921921313889535,79277,30180,0.29449,0.00918,0.3018,0.29896250531439017,0.3046527222030295,0.38069049030614177,0.37731630444743924,0.38407623859034823,0.51133
8,any_2_to_5,10,rank,monte_carlo,100000,20260923,0.8495350156002058,84924,14502,0.03924,0.10736,0.14502,0.14285116712846901,0.14721610564718007,0.17076444821251943,0.16824843348496923,0.1733102480204842,0.19361
8,any_2_to_5,11,rank,monte_carlo,100000,20260923,0.9146073072840227,91528,23296,0.23296,0,0.23296,0.23035026151958965,0.23559025490953123,0.25452320601346035,0.2517115307056739,0.2573554866895054,0.33654
8,any_2_to_5,12,rank,monte_carlo,100000,20260923,0.9255976816590628,92491,20921,0.10092,0.11488,0.20921,0.20670016503633723,0.21174217608268633,0.22619498113329944,0.22351011383375363,0.22890259239007105,0.29808
8,any_2_to_5,13,rank,monte_carlo,100000,20260923,0.9315108822057726,93140,23334,0.23334,0,0.23334,0.23072876062484185,0.23597172660924057,0.2505260897573545,0.2477535488008378,0.2533192091859876,0.33704
8,any_2_to_5,14,rank,monte_carlo,100000,20260923,0.9400843718022801,94049,14548,0.03913,0.10784,0.14548,0.1433082791703679,0.14767895826391883,0.15468532360790652,0.15238836410285647,0.1570104919546728,0.19544
8,any_2_to_5,15,rank,monte_carlo,100000,20260923,0.9423286008822277,94224,33641,0.32944,0.00898,0.33641,0.33348786605124525,0.33934470241280457,0.3570321786381389,0.35397875332698187,0.36009726133575876,0.53463
8,any_2_to_5,16,rank,monte_carlo,100000,20260923,0.9500030423706758,94993,10774,0,0.10774,0.10774,0.10583332561203572,0.10967681135054276,0.1134188834966787,0.11141793187536743,0.11545110121046519,0.12801
8,any_2_to_5,17,rank,monte_carlo,100000,20260923,0.9493920155410062,95053,23210,0.2321,0,0.2321,0.22949366922635725,0.23472691327574532,0.2441795629806529,0.24145884023115038,0.24692096303805483,0.33617
8,any_2_to_5,18,rank,monte_carlo,100000,20260923,0.9556674355977833,95628,23512,0.12736,0.11607,0.23512,0.23250176940174946,0.23775858107662654,0.24586941063286905,0.24315043170892983,0.24860880677466743,0.36554
8,any_2_to_5,19,rank,monte_carlo,100000,20260923,0.9522686883050381,95293,23160,0.2316,0,0.2316,0.22899565744861328,0.23422496346801358,0.24303988750485345,0.24032694763917656,0.24577354448878086,0.33548
8,any_2_to_5,20,rank,monte_carlo,100000,20260923,0.9996730212282261,99981,66690,0.50796,0.385,0.6669,0.6639723539169377,0.6698148233148619,0.6670267350796651,0.664099083647946,0.6699415515677024,1.5442
8,any_2_to_5,21,rank,monte_carlo,100000,20260923,0.950479831487613,95096,10771,0.09946,0.00953,0.10771,0.10580356201031864,0.10964657725713127,0.11326449062000504,0.11126581750669033,0.11529440843589418,0.17237
8,any_2_to_5,22,rank,monte_carlo,100000,20260923,0.9540765076162584,95429,3878,0.03878,0,0.03878,0.03760094772560177,0.039994487368163675,0.04063754204696685,0.03940315330423082,0.041908913589101635,0.0653
8,any_2_to_5,23,rank,monte_carlo,100000,20260923,0.95074394168588,95095,0,0,0,0,0,0.000038414524267635735,0,0,0.000040395865347743625,0
8,any_2_to_5,24,rank,monte_carlo,100000,20260923,0.9541597817997666,95498,10894,0.10015,0.00988,0.10894,0.10702390785939647,0.11088613690832375,0.11407568744895182,0.11207489851308713,0.11610752430628604,0.17467
8,any_2_to_5,25,rank,monte_carlo,100000,20260923,0.9483716260763657,94836,1302,0.01302,0,0.01302,0.012335859314803339,0.013741554895252367,0.013728963684676704,0.013007809061008882,0.014489512275723504,0.02169
8,any_2_to_5,26,rank,monte_carlo,100000,20260923,0.9515272016441957,95128,3929,0.03929,0,0.03929,0.03810340595704144,0.04051198995390924,0.0413022453956774,0.04005612705883634,0.04258540986269845,0.06724
8,any_2_to_5,27,rank,monte_carlo,100000,20260923,0.9452060098215619,94561,10796,0.09991,0.00917,0.10796,0.10605159345294494,0.10989852660724285,0.11416968940683792,0.11215835807035303,0.11621236866705632,0.17343
8,any_2_to_5,28,rank,monte_carlo,100000,20260923,0.9448026043596593,94470,31,0,0.00031,0.00031,0.0002184105510263553,0.0004399801562362344,0.0003281465015348788,0.00023119618414468342,0.000465733239756292,0.00031
8,any_2_to_5,29,rank,monte_carlo,100000,20260923,0.9362519322110114,93637,10006,0.10006,0,0.10006,0.09821542076909329,0.10193530624057792,0.10685946794536348,0.10489678578688225,0.10885440715412611,0.16194
8,any_2_to_5,30,rank,monte_carlo,100000,20260923,0.9776544378514233,97712,24122,0.20904,0.03832,0.24122,0.23857829594073868,0.24388158588044126,0.2468683477976093,0.24417468545285928,0.24958191337481736,0.45417
8,any_2_to_5,31,rank,monte_carlo,100000,20260923,0.921167702926423,92062,0,0,0,0,0,0.000038414524267635735,0,0,0.00004172665923905485,0
8,any_2_to_5,32,rank,monte_carlo,100000,20260923,0.9111576389848143,90979,30,0,0.0003,0.0003,0.00021015732105154916,0.00042823415450152593,0.0003297464249991756,0.0002309962655950109,0.00047069208439822564,0.0003
8,any_2_to_5,33,rank,monte_carlo,100000,20260923,0.8888642562506631,88821,0,0,0,0,0,0.000038414524267635735,0,0,0.00004324916240548634,0
8,any_2_to_5,34,rank,monte_carlo,100000,20260923,0.8687516586368412,86761,3838,0.03838,0,0.03838,0.03720690195658497,0.03958856386879988,0.04423646569311096,0.042888296164590146,0.04562499399279082,0.06616
8,any_2_to_5,35,rank,monte_carlo,100000,20260923,0.8354316801081779,83456,1382,0.01382,0,0.01382,0.013114866557146125,0.014562486189670753,0.016559624233128834,0.015715792808934106,0.017447960523662674,0.02353
8,any_2_to_5,36,rank,monte_carlo,100000,20260923,0.8039566671802619,80276,31,0,0.00031,0.00031,0.0002184105510263553,0.0004399801562362344,0.0003861677213613035,0.0002720770630915312,0.0005480740319749047,0.00031
8,any_2_to_5,37,rank,monte_carlo,100000,20260923,0.7601193706923696,75939,3908,0.03908,0,0.03908,0.03789650467898747,0.040298907366063404,0.051462357945192855,0.04991349074849424,0.05305660406555076,0.06719
8,any_2_to_5,38,rank,monte_carlo,100000,20260923,0.7141944405077669,71199,0,0,0,0,0,0.000038414524267635735,0,0,0.00005395290291335787,0
8,any_2_to_5,39,rank,monte_carlo,100000,20260923,0.6599974233864423,66025,3895,0.03895,0,0.03895,0.03776842763475433,0.04016699439807286,0.058992805755395686,0.05722112694608277,0.06081580072281032,0.06678
8,any_2_to_5,40,rank,monte_carlo,100000,20260923,0.6440404051276337,64412,5248,0.05148,0.00103,0.05248,0.05111498636417576,0.05387939617162474,0.08147550145935539,0.0793877072257547,0.08361321520572368,0.08861
8,any_2_to_5,41,rank,monte_carlo,100000,20260923,0.5273106260460018,52818,0,0,0,0,0,0.000038414524267635735,0,0,0.00007272749081887367,0
8,any_2_to_5,42,rank,monte_carlo,100000,20260923,0.4517489963797849,45379,0,0,0,0,0,0.000038414524267635735,0,0,0.00008464873208820841,0
8,any_2_to_5,43,rank,monte_carlo,100000,20260923,0.3791304746476973,37950,0,0,0,0,0,0.000038414524267635735,0,0,0.0001012176854318747,0
8,any_2_to_5,44,rank,monte_carlo,100000,20260923,0.3080873561028102,30764,1306,0.01306,0,0.01306,0.012374794021677783,0.013782617115215983,0.042452216876869064,0.040255741462401975,0.04476294896143328,0.02224
8,any_2_to_5,45,rank,monte_carlo,100000,20260923,0.24896006667568946,24970,0,0,0,0,0,0.000038414524267635735,0,0,0.00015382495258558856,0
8,any_2_to_5,46,rank,monte_carlo,100000,20260923,0.1908155380561105,19054,0,0,0,0,0,0.000038414524267635735,0,0,0.00020157581748396944,0
8,any_2_to_5,47,rank,monte_carlo,100000,20260923,0.1445528416067677,14435,1307,0.01307,0,0.01307,0.012384527963119932,0.013792882405483346,0.09054381711118809,0.08597079619630614,0.09533471795241892,0.02264
8,any_2_to_5,48,rank,monte_carlo,100000,20260923,0.10009897305538597,10011,0,0,0,0,0,0.000038414524267635735,0,0,0.00038359069004146804,0
8,any_2_to_5,49,rank,monte_carlo,100000,20260923,0.06963231299303564,6943,1280,0.0128,0,0.0128,0.012121749024017756,0.013515682088428628,0.1843583465360795,0.1754123043731116,0.1936534880583726,0.02209
8,any_2_to_5,50,rank,monte_carlo,100000,20260923,0.048711510506145105,4881,0,0,0,0,0,0.000038414524267635735,0,0,0.0007864328702081149,0
8,2,2,value,exact,,,0.10720103425985779,,,0,0.10720103425985779,0.10720103425985779,,,1,,,0.12669683257918551
8,2,3,value,exact,,,0.23264307464013617,,,0.23264307464013617,0,0.23264307464013617,,,1,,,0.3378582202111614
8,2,4,value,exact,,,0.32289031061083084,,,0,0.10720103425985779,0.10720103425985779,,,0.3320044942106166,,,0.12669683257918551
8,2,5,value,exact,,,0.4265113230472103,,,0.23264307464013617,0,0.23264307464013617,,,0.5454557993396697,,,0.3378582202111614
8,2,6,value,exact,,,0.5012967993715668,,,0,0.10720103425985779,0.10720103425985779,,,0.21384743408345439,,,0.12669683257918551
8,2,7,value,exact,,,0.585250136488097,,,0.23264307464013617,0,0.23264307464013617,,,0.3975105004437154,,,0.3378582202111614
8,2,8,value,exact,,,0.6460332343283859,,,0,0.10720103425985779,0.10720103425985779,,,0.16593733660049803,,,0.12669683257918551
8,2,9,value,exact,,,0.7124178196148594,,,0.23264307464013617,0,0.23264307464013617,,,0.3265542610457238,,,0.3378582202111614
8,2,10,value,exact,,,0.7606252626527971,,,0,0.10720103425985779,0.10720103425985779,,,0.14093804074555422,,,0.12669683257918551
8,2,11,value,exact,,,0.8845037929306309,,,0.23264307464013617,0,0.23264307464013617,,,0.26302100284874835,,,0.3378582202111614
8,2,12,value,exact,,,0.8506555621133626,,,0,0.10720103425985779,0.10720103425985779,,,0.1260216696797095,,,0.12669683257918551
8,2,13,value,exact,,,0.8174592969140502,,,0.23264307464013617,0,0.23264307464013617,,,0.2845928543700897,,,0.3378582202111614
8,2,14,value,exact,,,0.7717029442294719,,,0,0.10720103425985779,0.10720103425985779,,,0.13891489602504448,,,0.12669683257918551
8,2,15,value,exact,,,0.7285701568751033,,,0.23264307464013617,0,0.23264307464013617,,,0.3193145813684728,,,0.3378582202111614
8,2,16,value,exact,,,0.6690244753704513,,,0,0.10720103425985779,0.10720103425985779,,,0.1602348467154338,,,0.12669683257918551
8,2,17,value,exact,,,0.614626414620973,,,0.23264307464013617,0,0.23264307464013617,,,0.3785113511328702,,,0.3378582202111614
8,2,18,value,exact,,,0.5393557682092264,,,0,0.10720103425985779,0.10720103425985779,,,0.19875755591858704,,,0.12669683257918551
8,2,19,value,exact,,,0.4723310253440307,,,0.4723310253440307,0,0.4723310253440307,,,1,,,1.3514328808446456
8,2,20,value,exact,,,0.7823057608441513,,,0,0.7823057608441513,0.7823057608441513,,,1,,,2.5339366515837103
8,2,21,value,exact,,,0,,,0,0,0,,,,,,0
8,2,22,value,exact,,,0,,,0,0,0,,,,,,0
8,2,23,value,exact,,,0,,,0,0,0,,,,,,0
8,2,24,value,exact,,,0,,,0,0,0,,,,,,0
8,2,25,value,exact,,,0,,,0,0,0,,,,,,0
8,2,26,value,exact,,,0,,,0,0,0,,,,,,0
8,2,27,value,exact,,,0,,,0,0,0,,,,,,0
8,2,28,value,exact,,,0,,,0,0,0,,,,,,0
8,2,29,value,exact,,,0,,,0,0,0,,,,,,0
8,2,30,value,exact,,,0,,,0,0,0,,,,,,0
8,2,31,value,exact,,,0,,,0,0,0,,,,,,0
8,2,32,value,exact,,,0,,,0,0,0,,,,,,0
8,2,33,value,exact,,,0,,,0,0,0,,,,,,0
8,2,34,value,exact,,,0,,,0,0,0,,,,,,0
8,2,35,value,exact,,,0,,,0,0,0,,,,,,0
8,2,36,value,exact,,,0,,,0,0,0,,,,,,0
8,2,37,value,exact,,,0,,,0,0,0,,,,,,0
8,2,38,value,exact,,,0,,,0,0,0,,,,,,0
8,2,39,value,exact,,,0,,,0,0,0,,,,,,0
8,2,40,value,exact,,,0,,,0,0,0,,,,,,0
8,2,41,value,exact,,,0,,,0,0,0,,,,,,0
8,2,42,value,exact,,,0,,,0,0,0,,,,,,0
8,2,43,value,exact,,,0,,,0,0,0,,,,,,0
8,2,44,value,exact,,,0,,,0,0,0,,,,,,0
8,2,45,value,exact,,,0,,,0,0,0,,,,,,0
8,2,46,value,exact,,,0,,,0,0,0,,,,,,0
8,2,47,value,exact,,,0,,,0,0,0,,,,,,0
8,2,48,value,exact,,,0,,,0,0,0,,,,,,0
8,2,49,value,exact,,,0,,,0,0,0,,,,,,0
8,2,50,value,exact,,,0,,,0,0,0,,,,,,0
8,3,2,value,exact,,,0,,,0,0,0,,,,,,0
8,3,3,value,exact,,,0.00936005171299289,,,0,0.00936005171299289,0.00936005171299289,,,1,,,0.010135746606334841
8,3,4,value,exact,,,0.04496618942175888,,,0,0,0,,,0,,,0
8,3,5,value,exact,,,0.08758944380427756,,,0,0,0,,,0,,,0
8,3,6,value,exact,,,0.14764982346742156,,,0.10004059461968805,0.00936005171299289,0.10832740904896317,,,0.7336778771893706,,,0.1723076923076923
8,3,7,value,exact,,,0.2138698257357451,,,0,0,0,,,0,,,0
8,3,8,value,exact,,,0.2893377020155058,,,0,0,0,,,0,,,0
8,3,9,value,exact,,,0.36434891041736556,,,0.10004059461968805,0.00936005171299289,0.10832740904896317,,,0.2973177796109585,,,0.1723076923076923
8,3,10,value,exact,,,0.44714674996875575,,,0,0,0,,,0,,,0
8,3,11,value,exact,,,0.5260711274239054,,,0,0,0,,,0,,,0
8,3,12,value,exact,,,0.6194110730465957,,,0.10004059461968805,0.00936005171299289,0.10832740904896317,,,0.1748877502563054,,,0.1723076923076923
8,3,13,value,exact,,,0.6823835057398752,,,0,0,0,,,0,,,0
8,3,14,value,exact,,,0.7414681209185209,,,0,0,0,,,0,,,0
8,3,15,value,exact,,,0.7753006010392961,,,0.10004059461968805,0.00936005171299289,0.10832740904896317,,,0.1397231072744552,,,0.1723076923076923
8,3,16,value,exact,,,0.8078558887678984,,,0,0,0,,,0,,,0
8,3,17,value,exact,,,0.8248921187583647,,,0,0,0,,,0,,,0
8,3,18,value,exact,,,0.8370011686450713,,,0.10004059461968805,0.00936005171299289,0.10832740904896317,,,0.12942324707183198,,,0.1723076923076923
8,3,19,value,exact,,,0.8409012313860765,,,0,0,0,,,0,,,0
8,3,20,value,exact,,,0.8365516724966037,,,0,0,0,,,0,,,0
8,3,21,value,exact,,,0.9018050327415295,,,0.10004059461968805,0.00936005171299289,0.10832740904896317,,,0.12012287037214993,,,0.1723076923076923
8,3,22,value,exact,,,0.8607186479516021,,,0,0,0,,,0,,,0
8,3,23,value,exact,,,0.8097612579508427,,,0,0,0,,,0,,,0
8,3,24,value,exact,,,0.7457970828455673,,,0.10004059461968805,0.00936005171299289,0.10832740904896317,,,0.14525051323027846,,,0.1723076923076923
8,3,25,value,exact,,,0.682786713205171,,,0,0,0,,,0,,,0
8,3,26,value,exact,,,0.6046446588787558,,,0,0,0,,,0,,,0
8,3,27,value,exact,,,0.528639585913352,,,0.21625607153604107,0.00936005171299289,0.22277753759061916,,,0.4214166769325785,,,0.6588235294117647
8,3,28,value,exact,,,0.4395965732767169,,,0,0,0,,,0,,,0
8,3,29,value,exact,,,0.36641056935120164,,,0,0,0,,,0,,,0
8,3,30,value,exact,,,0.47171015848166636,,,0,0.47171015848166636,0.47171015848166636,,,1,,,1.419004524886878
8,3,31,value,exact,,,0,,,0,0,0,,,,,,0
8,3,32,value,exact,,,0,,,0,0,0,,,,,,0
8,3,33,value,exact,,,0,,,0,0,0,,,,,,0
8,3,34,value,exact,,,0,,,0,0,0,,,,,,0
8,3,35,value,exact,,,0,,,0,0,0,,,,,,0
8,3,36,value,exact,,,0,,,0,0,0,,,,,,0
8,3,37,value,exact,,,0,,,0,0,0,,,,,,0
8,3,38,value,exact,,,0,,,0,0,0,,,,,,0
8,3,39,value,exact,,,0,,,0,0,0,,,,,,0
8,3,40,value,exact,,,0,,,0,0,0,,,,,,0
8,3,41,value,exact,,,0,,,0,0,0,,,,,,0
8,3,42,value,exact,,,0,,,0,0,0,,,,,,0
8,3,43,value,exact,,,0,,,0,0,0,,,,,,0
8,3,44,value,exact,,,0,,,0,0,0,,,,,,0
8,3,45,value,exact,,,0,,,0,0,0,,,,,,0
8,3,46,value,exact,,,0,,,0,0,0,,,,,,0
8,3,47,value,exact,,,0,,,0,0,0,,,,,,0
8,3,48,value,exact,,,0,,,0,0,0,,,,,,0
8,3,49,value,exact,,,0,,,0,0,0,,,,,,0
8,3,50,value,exact,,,0,,,0,0,0,,,,,,0
8,4,2,value,exact,,,0,,,0,0,0,,,,,,0
8,4,3,value,exact,,,0,,,0,0,0,,,,,,0
8,4,4,value,exact,,,0.0002585649644473174,,,0,0.0002585649644473174,0.0002585649644473174,,,1,,,0.0002585649644473174
8,4,5,value,exact,,,0.0034071535110877767,,,0,0,0,,,0,,,0
8,4,6,value,exact,,,0.010669468385091174,,,0,0,0,,,0,,,0
8,4,7,value,exact,,,0.02337650788866983,,,0,0,0,,,0,,,0
8,4,8,value,exact,,,0.04310439543829107,,,0,0.0002585649644473174,0.0002585649644473174,,,0.005998575361472894,,,0.0002585649644473174
8,4,9,value,exact,,,0.06940646663561176,,,0,0,0,,,0,,,0
8,4,10,value,exact,,,0.10335280012049887,,,0.03877482623306207,0,0.03877482623306207,,,0.37516957632356895,,,0.06619263089851325
8,4,11,value,exact,,,0.1449156869987256,,,0,0,0,,,0,,,0
8,4,12,value,exact,,,0.19430002319483736,,,0,0.0002585649644473174,0.0002585649644473174,,,0.0013307510734985213,,,0.0002585649644473174
8,4,13,value,exact,,,0.2505241428623918,,,0,0,0,,,0,,,0
8,4,14,value,exact,,,0.31490556325948393,,,0.03877482623306207,0,0.03877482623306207,,,0.12313160120677638,,,0.06619263089851325
8,4,15,value,exact,,,0.3804007052665702,,,0,0,0,,,0,,,0
8,4,16,value,exact,,,0.44417805662078397,,,0,0.0002585649644473174,0.0002585649644473174,,,0.0005821200768323111,,,0.0002585649644473174
8,4,17,value,exact,,,0.5066743885343221,,,0,0,0,,,0,,,0
8,4,18,value,exact,,,0.5643360552551389,,,0.03877482623306207,0,0.03877482623306207,,,0.06870875229747955,,,0.06619263089851325
8,4,19,value,exact,,,0.6164516270703352,,,0,0,0,,,0,,,0
8,4,20,value,exact,,,0.663732667905275,,,0,0.0002585649644473174,0.0002585649644473174,,,0.0003895619079038892,,,0.0002585649644473174
8,4,21,value,exact,,,0.703018874192624,,,0,0,0,,,0,,,0
8,4,22,value,exact,,,0.7581989285194378,,,0.03877482623306207,0,0.03877482623306207,,,0.051140703019429294,,,0.06619263089851325
8,4,23,value,exact,,,0.7823279112161955,,,0,0,0,,,0,,,0
8,4,24,value,exact,,,0.8131266660700192,,,0,0.0002585649644473174,0.0002585649644473174,,,0.0003179885437738825,,,0.0002585649644473174
8,4,25,value,exact,,,0.8203426537245986,,,0,0,0,,,0,,,0
8,4,26,value,exact,,,0.8302976241138074,,,0.03877482623306207,0,0.03877482623306207,,,0.04669991230487644,,,0.06619263089851325
8,4,27,value,exact,,,0.8253723894263699,,,0,0,0,,,0,,,0
8,4,28,value,exact,,,0.8172552740349442,,,0,0.0002585649644473174,0.0002585649644473174,,,0.00031638213011551844,,,0.0002585649644473174
8,4,29,value,exact,,,0.8001476589592169,,,0,0,0,,,0,,,0
8,4,30,value,exact,,,0.7759268031793471,,,0.03877482623306207,0,0.03877482623306207,,,0.049972273253331194,,,0.06619263089851325
8,4,31,value,exact,,,0.7960482614735213,,,0,0,0,,,0,,,0
8,4,32,value,exact,,,0.7308679699494305,,,0,0.0002585649644473174,0.0002585649644473174,,,0.00035377793948913617,,,0.0002585649644473174
8,4,33,value,exact,,,0.6573291918821657,,,0,0,0,,,0,,,0
8,4,34,value,exact,,,0.5743528750004235,,,0.09034768536319387,0,0.09034768536319387,,,0.15730344409458602,,,0.264770523594053
8,4,35,value,exact,,,0.4986759554980701,,,0,0,0,,,0,,,0
8,4,36,value,exact,,,0.41427559253972707,,,0,0.0002585649644473174,0.0002585649644473174,,,0.0006241375767811429,,,0.0002585649644473174
8,4,37,value,exact,,,0.3399161198671456,,,0,0,0,,,0,,,0
8,4,38,value,exact,,,0.26055818698361005,,,0,0,0,,,0,,,0
8,4,39,value,exact,,,0.20031666434452525,,,0,0,0,,,0,,,0
8,4,40,value,exact,,,0.19117219505748645,,,0,0.19117219505748645,0.19117219505748645,,,1,,,0.47058823529411764
8,4,41,value,exact,,,0,,,0,0,0,,,,,,0
8,4,42,value,exact,,,0,,,0,0,0,,,,,,0
8,4,43,value,exact,,,0,,,0,0,0,,,,,,0
8,4,44,value,exact,,,0,,,0,0,0,,,,,,0
8,4,45,value,exact,,,0,,,0,0,0,,,,,,0
8,4,46,value,exact,,,0,,,0,0,0,,,,,,0
8,4,47,value,exact,,,0,,,0,0,0,,,,,,0
8,4,48,value,exact,,,0,,,0,0,0,,,,,,0
8,4,49,value,exact,,,0,,,0,0,0,,,,,,0
8,4,50,value,exact,,,0,,,0,0,0,,,,,,0
8,5,2,value,exact,,,0,,,0,0,0,,,,,,0
8,5,3,value,exact,,,0,,,0,0,0,,,,,,0
8,5,4,value,exact,,,0,,,0,0,0,,,,,,0
8,5,5,value,exact,,,0,,,0,0,0,,,,,,0
8,5,6,value,exact,,,0.00007817410984413215,,,0,0,0,,,0,,,0
8,5,7,value,exact,,,0.0005273327338952849,,,0,0,0,,,0,,,0
8,5,8,value,exact,,,0.0015948772829656544,,,0,0,0,,,0,,,0
8,5,9,value,exact,,,0.003968812743912053,,,0,0,0,,,0,,,0
8,5,10,value,exact,,,0.0077746875689956715,,,0,0,0,,,0,,,0
8,5,11,value,exact,,,0.013963172498297927,,,0,0,0,,,0,,,0
8,5,12,value,exact,,,0.022751876433108408,,,0,0,0,,,0,,,0
8,5,13,value,exact,,,0.03516713272277293,,,0,0,0,,,0,,,0
8,5,14,value,exact,,,0.05125034524827744,,,0,0,0,,,0,,,0
8,5,15,value,exact,,,0.07263828152765411,,,0.013097010430633983,0,0.013097010430633983,,,0.18030451925886795,,,0.02206421029950442
8,5,16,value,exact,,,0.09927540816369243,,,0,0,0,,,0,,,0
8,5,17,value,exact,,,0.130682105618167,,,0,0,0,,,0,,,0
8,5,18,value,exact,,,0.1671477572266602,,,0,0,0,,,0,,,0
8,5,19,value,exact,,,0.2075260596422919,,,0,0,0,,,0,,,0
8,5,20,value,exact,,,0.25078480738817027,,,0.013097010430633983,0,0.013097010430633983,,,0.0522240982898224,,,0.02206421029950442
8,5,21,value,exact,,,0.2972695457366514,,,0,0,0,,,0,,,0
8,5,22,value,exact,,,0.3446613105262504,,,0,0,0,,,0,,,0
8,5,23,value,exact,,,0.3951450979594855,,,0,0,0,,,0,,,0
8,5,24,value,exact,,,0.44688850525385326,,,0,0,0,,,0,,,0
8,5,25,value,exact,,,0.4982763093140195,,,0.013097010430633983,0,0.013097010430633983,,,0.026284634018953718,,,0.02206421029950442
8,5,26,value,exact,,,0.5434397193019384,,,0,0,0,,,0,,,0
8,5,27,value,exact,,,0.5876126665472042,,,0,0,0,,,0,,,0
8,5,28,value,exact,,,0.6258209620336191,,,0,0,0,,,0,,,0
8,5,29,value,exact,,,0.657821392842343,,,0,0,0,,,0,,,0
8,5,30,value,exact,,,0.6858091898729652,,,0.013097010430633983,0,0.013097010430633983,,,0.019097163794290925,,,0.02206421029950442
8,5,31,value,exact,,,0.7059956827437918,,,0,0,0,,,0,,,0
8,5,32,value,exact,,,0.7364776018332094,,,0,0,0,,,0,,,0
8,5,33,value,exact,,,0.7412019045147412,,,0,0,0,,,0,,,0
8,5,34,value,exact,,,0.7477535218646391,,,0,0,0,,,0,,,0
8,5,35,value,exact,,,0.7327228606283948,,,0.013097010430633983,0,0.013097010430633983,,,0.017874439483711178,,,0.02206421029950442
8,5,36,value,exact,,,0.7167097428881181,,,0,0,0,,,0,,,0
8,5,37,value,exact,,,0.687263476276917,,,0,0,0,,,0,,,0
8,5,38,value,exact,,,0.6517988689344189,,,0,0,0,,,0,,,0
8,5,39,value,exact,,,0.6100424755874503,,,0,0,0,,,0,,,0
8,5,40,value,exact,,,0.5610851237242922,,,0.03343309571747293,0,0.03343309571747293,,,0.05958649464016336,,,0.08825684119801767
8,5,41,value,exact,,,0.5273106260460018,,,0,0,0,,,0,,,0
8,5,42,value,exact,,,0.4517489963797849,,,0,0,0,,,0,,,0
8,5,43,value,exact,,,0.3791304746476973,,,0,0,0,,,0,,,0
8,5,44,value,exact,,,0.3080873561028102,,,0,0,0,,,0,,,0
8,5,45,value,exact,,,0.24896006667568946,,,0,0,0,,,0,,,0
8,5,46,value,exact,,,0.1908155380561105,,,0,0,0,,,0,,,0
8,5,47,value,exact,,,0.1445528416067677,,,0,0,0,,,0,,,0
8,5,48,value,exact,,,0.10009897305538597,,,0,0,0,,,0,,,0
8,5,49,value,exact,,,0.06963231299303564,,,0,0,0,,,0,,,0
8,5,50,value,exact,,,0.048711510506145105,,,0,0.048711510506145105,0.048711510506145105,,,1,,,0.09411764705882353
8,any_2_to_5,2,value,exact,,,0.10720103425985779,,,0,0.10720103425985779,0.10720103425985779,,,1,,,0.12669683257918551
8,any_2_to_5,3,value,exact,,,0.2385959728420413,,,0.23264307464013617,0.00936005171299289,0.2385959728420413,,,1,,,0.3479939668174962
8,any_2_to_5,4,value,exact,,,0.3459925838975738,,,0,0.10745182154552563,0.10745182154552563,,,0.31056105404078604,,,0.12695539754363283
8,any_2_to_5,5,value,exact,,,0.4610227880141359,,,0.23264307464013617,0,0.23264307464013617,,,0.5046238075177378,,,0.3378582202111614
8,any_2_to_5,6,value,exact,,,0.5519477796574167,,,0.10004059461968805,0.11611058256647852,0.19823632197251395,,,0.3591577487557888,,,0.29900452488687784
8,any_2_to_5,7,value,exact,,,0.6483094790609619,,,0.23264307464013617,0,0.23264307464013617,,,0.3588457089615687,,,0.3378582202111614
8,any_2_to_5,8,value,exact,,,0.7251665633164246,,,0,0.10745182154552563,0.10745182154552563,,,0.14817536684829097,,,0.12695539754363283
8,any_2_to_5,9,value,exact,,,0.7921921313889535,,,0.2939088430267622,0.00936005171299289,0.3013986055059136,,,0.3804614986234087,,,0.5101659125188537
8,any_2_to_5,10,value,exact,,,0.8495350156002058,,,0.03877482623306207,0.10720103425985779,0.1444838218500949,,,0.17007400424574082,,,0.19288946347769878
8,any_2_to_5,11,value,exact,,,0.9146073072840227,,,0.23264307464013617,0,0.23264307464013617,,,0.2543638923364637,,,0.3378582202111614
8,any_2_to_5,12,value,exact,,,0.9255976816590628,,,0.10004059461968805,0.11636113464812382,0.20977782056630617,,,0.22664039109334796,,,0.29926308985132516
8,any_2_to_5,13,value,exact,,,0.9315108822057726,,,0.23264307464013617,0,0.23264307464013617,,,0.24974810180343643,,,0.3378582202111614
8,any_2_to_5,14,value,exact,,,0.9400843718022801,,,0.03877482623306207,0.10720103425985779,0.1444838218500949,,,0.1536923984525965,,,0.19288946347769878
8,any_2_to_5,15,value,exact,,,0.9423286008822277,,,0.328374242555012,0.00936005171299289,0.335593262613995,,,0.35613188679597074,,,0.5322301228183581
8,any_2_to_5,16,value,exact,,,0.9500030423706758,,,0,0.10745182154552563,0.10745182154552563,,,0.11310681835016657,,,0.12695539754363283
8,any_2_to_5,17,value,exact,,,0.9493920155410062,,,0.23264307464013617,0,0.23264307464013617,,,0.24504427131459044,,,0.3378582202111614
8,any_2_to_5,18,value,exact,,,0.9556674355977833,,,0.12571841042211615,0.11611058256647852,0.23380530408989897,,,0.24465132469816814,,,0.3651971557853911
8,any_2_to_5,19,value,exact,,,0.9522686883050381,,,0.4723310253440307,0,0.4723310253440307,,,0.4960060444544723,,,1.3514328808446456
8,any_2_to_5,20,value,exact,,,0.9996730212282261,,,0.013097010430633983,0.7824590022446039,0.7909564106484169,,,0.7912151211969548,,,2.556259426847662
8,any_2_to_5,21,value,exact,,,0.950479831487613,,,0.10004059461968805,0.00936005171299289,0.10832740904896317,,,0.11397128635482776,,,0.1723076923076923
8,any_2_to_5,22,value,exact,,,0.9540765076162584,,,0.03877482623306207,0,0.03877482623306207,,,0.04064121265278842,,,0.06619263089851325
8,any_2_to_5,23,value,exact,,,0.95074394168588,,,0,0,0,,,0,,,0
8,any_2_to_5,24,value,exact,,,0.9541597817997666,,,0.10004059461968805,0.00961838147341766,0.10858229446573572,,,0.11379885899290823,,,0.17256625727213962
8,any_2_to_5,25,value,exact,,,0.9483716260763657,,,0.013097010430633983,0,0.013097010430633983,,,0.013809998180585984,,,0.02206421029950442
8,any_2_to_5,26,value,exact,,,0.9515272016441957,,,0.03877482623306207,0,0.03877482623306207,,,0.04075009749175949,,,0.06619263089851325
8,any_2_to_5,27,value,exact,,,0.9452060098215619,,,0.21625607153604107,0.00936005171299289,0.22277753759061916,,,0.23569204520046969,,,0.6588235294117647
8,any_2_to_5,28,value,exact,,,0.9448026043596593,,,0,0.0002585649644473174,0.0002585649644473174,,,0.0002736708845363101,,,0.0002585649644473174
8,any_2_to_5,29,value,exact,,,0.9362519322110114,,,0,0,0,,,0,,,0
8,any_2_to_5,30,value,exact,,,0.9776544378514233,,,0.04822644539682141,0.47171015848166636,0.5136024133793085,,,0.5253414637057701,,,1.5072613660848955
8,any_2_to_5,31,value,exact,,,0.921167702926423,,,0,0,0,,,0,,,0
8,any_2_to_5,32,value,exact,,,0.9111576389848143,,,0,0.0002585649644473174,0.0002585649644473174,,,0.0002837763229811727,,,0.0002585649644473174
8,any_2_to_5,33,value,exact,,,0.8888642562506631,,,0,0,0,,,0,,,0
8,any_2_to_5,34,value,exact,,,0.8687516586368412,,,0.09034768536319387,0,0.09034768536319387,,,0.10399713711621396,,,0.264770523594053
8,any_2_to_5,35,value,exact,,,0.8354316801081779,,,0.013097010430633983,0,0.013097010430633983,,,0.015676937734678775,,,0.02206421029950442
8,any_2_to_5,36,value,exact,,,0.8039566671802619,,,0,0.0002585649644473174,0.0002585649644473174,,,0.00032161554845261625,,,0.0002585649644473174
8,any_2_to_5,37,value,exact,,,0.7601193706923696,,,0,0,0,,,0,,,0
8,any_2_to_5,38,value,exact,,,0.7141944405077669,,,0,0,0,,,0,,,0
8,any_2_to_5,39,value,exact,,,0.6599974233864423,,,0,0,0,,,0,,,0
8,any_2_to_5,40,value,exact,,,0.6440404051276337,,,0.03343309571747293,0.19117219505748645,0.22398615937278396,,,0.34778277510150185,,,0.5588450764921353
8,any_2_to_5,41,value,exact,,,0.5273106260460018,,,0,0,0,,,0,,,0
8,any_2_to_5,42,value,exact,,,0.4517489963797849,,,0,0,0,,,0,,,0
8,any_2_to_5,43,value,exact,,,0.3791304746476973,,,0,0,0,,,0,,,0
8,any_2_to_5,44,value,exact,,,0.3080873561028102,,,0,0,0,,,0,,,0
8,any_2_to_5,45,value,exact,,,0.24896006667568946,,,0,0,0,,,0,,,0
8,any_2_to_5,46,value,exact,,,0.1908155380561105,,,0,0,0,,,0,,,0
8,any_2_to_5,47,value,exact,,,0.1445528416067677,,,0,0,0,,,0,,,0
8,any_2_to_5,48,value,exact,,,0.10009897305538597,,,0,0,0,,,0,,,0
8,any_2_to_5,49,value,exact,,,0.06963231299303564,,,0,0,0,,,0,,,0
8,any_2_to_5,50,value,exact,,,0.048711510506145105,,,0,0.048711510506145105,0.048711510506145105,,,1,,,0.09411764705882353
9,2,2,rank,monte_carlo,100000,20260924,0.13388493859082096,13177,13177,0,0.13177,0.13177,0.12968770130005444,0.13388058946048767,1,0.9997085466833924,1,0.16032
9,2,3,rank,monte_carlo,100000,20260924,0.28099250915053275,28158,28158,0.28158,0,0.28158,0.2788007304830813,0.28437605051769976,1,0.9998635884664588,1,0.43277
9,2,4,rank,monte_carlo,100000,20260924,0.38716547858736466,38834,13414,0,0.13414,0.13414,0.13204173131661145,0.13626637735908564,0.3454189627645877,0.3407050756712078,0.3501634302655381,0.16167
9,2,5,rank,monte_carlo,100000,20260924,0.5009317308365031,49955,28089,0.28089,0,0.28089,0.27811283777797324,0.2836839962348513,0.5622860574517066,0.5579309199150603,0.5666316159784862,0.43409
9,2,6,rank,monte_carlo,100000,20260924,0.5831523539854606,58336,13377,0,0.13377,0.13377,0.13167420991216325,0.1358939271902818,0.2293095172792101,0.22591595940084236,0.23273872436504567,0.16245
9,2,7,rank,monte_carlo,100000,20260924,0.6686184849595634,66960,28127,0.28127,0,0.28127,0.27849167623465115,0.284065128583135,0.4200567502986858,0.41632296075410624,0.42379971225574087,0.43446
9,2,8,rank,monte_carlo,100000,20260924,0.7304214934002168,73199,13456,0,0.13456,0.13456,0.13245892426821892,0.13668915213927785,0.18382764791868741,0.18103818611959335,0.1866502944325059,0.16318
9,2,9,rank,monte_carlo,100000,20260924,0.7922835699426003,79178,28084,0.28084,0,0.28084,0.27806299079603,0.28363384705824696,0.35469448584202684,0.35136915833892973,0.35803391268032286,0.43449
9,2,10,rank,monte_carlo,100000,20260924,0.8369788039679752,83893,13277,0,0.13277,0.13277,0.13068093577865986,0.13488727815283375,0.15826111832930043,0.1558069322522509,0.16074660055678397,0.16273
9,2,11,rank,monte_carlo,100000,20260924,0.9293413731069496,92959,28195,0.28195,0,0.28195,0.2791696038249586,0.2847471487490745,0.3033057584526512,0.3003588392126211,0.30626893409331013,0.43391
9,2,12,rank,monte_carlo,100000,20260924,0.9027243257912029,90383,13503,0,0.13503,0.13503,0.13292579120014486,0.13716224909769908,0.1493975637011385,0.14708840424935105,0.1517365255953046,0.16378
9,2,13,rank,monte_carlo,100000,20260924,0.8738814246644687,87448,28195,0.28195,0,0.28195,0.2791696038249586,0.2847471487490745,0.3224201811362181,0.31933010390770394,0.325525859880256,0.43661
9,2,14,rank,monte_carlo,100000,20260924,0.8337829357887039,83453,13414,0,0.13414,0.13414,0.13204173131661145,0.13626637735908564,0.16073718140749882,0.1582608395789396,0.16324475643441339,0.1618
9,2,15,rank,monte_carlo,100000,20260924,0.7925492019000209,79203,28064,0.28064,0,0.28064,0.2778636032950812,0.2834332499250055,0.35433001275204223,0.351005998585488,0.35766815715814915,0.43285
9,2,16,rank,monte_carlo,100000,20260924,0.7353865278216369,73753,13393,0,0.13393,0.13393,0.1318331374282852,0.1360549873815121,0.18159261318183667,0.17882694514738331,0.1843914494971076,0.16339
9,2,17,rank,monte_carlo,100000,20260924,0.6789664761967097,67686,27907,0.27907,0,0.27907,0.2762984351817364,0.2818585386599564,0.41230091894926574,0.4085975576262968,0.4160142346400334,0.43347
9,2,18,rank,monte_carlo,100000,20260924,0.6008117430808838,60328,13397,0,0.13397,0.13397,0.13187286946425092,0.13609525227238445,0.2220693541970561,0.2187703701794959,0.2254037324058294,0.16275
9,2,19,rank,monte_carlo,100000,20260924,0.5261849974588724,52399,27965,0.27965,0,0.27965,0.2768766452357923,0.28244028404505245,0.5336933910952499,0.5294196176518818,0.5379622244808929,0.42907
9,2,20,rank,monte_carlo,100000,20260924,0.8428113976680119,84370,73267,0.57246,0.46092,0.73267,0.7299180476837572,0.7354040765015202,0.8684010904349887,0.8661031858762074,0.8706654478753226,1.95298
9,2,21,rank,monte_carlo,100000,20260924,0,0,0,0,0,0,0,0.000038414524267635735,,,,0
9,2,22,rank,monte_carlo,100000,20260924,0,0,0,0,0,0,0,0.000038414524267635735,,,,0
9,2,23,rank,monte_carlo,100000,20260924,0,0,0,0,0,0,0,0.000038414524267635735,,,,0
9,2,24,rank,monte_carlo,100000,20260924,0,0,0,0,0,0,0,0.000038414524267635735,,,,0
9,2,25,rank,monte_carlo,100000,20260924,0,0,0,0,0,0,0,0.000038414524267635735,,,,0
9,2,26,rank,monte_carlo,100000,20260924,0,0,0,0,0,0,0,0.000038414524267635735,,,,0
9,2,27,rank,monte_carlo,100000,20260924,0,0,0,0,0,0,0,0.000038414524267635735,,,,0
9,2,28,rank,monte_carlo,100000,20260924,0,0,0,0,0,0,0,0.000038414524267635735,,,,0
9,2,29,rank,monte_carlo,100000,20260924,0,0,0,0,0,0,0,0.000038414524267635735,,,,0
9,2,30,rank,monte_carlo,100000,20260924,0,0,0,0,0,0,0,0.000038414524267635735,,,,0
9,2,31,rank,monte_carlo,100000,20260924,0,0,0,0,0,0,0,0.000038414524267635735,,,,0
9,2,32,rank,monte_carlo,100000,20260924,0,0,0,0,0,0,0,0.000038414524267635735,,,,0
9,2,33,rank,monte_carlo,100000,20260924,0,0,0,0,0,0,0,0.000038414524267635735,,,,0
9,2,34,rank,monte_carlo,100000,20260924,0,0,0,0,0,0,0,0.000038414524267635735,,,,0
9,2,35,rank,monte_carlo,100000,20260924,0,0,0,0,0,0,0,0.000038414524267635735,,,,0
9,2,36,rank,monte_carlo,100000,20260924,0,0,0,0,0,0,0,0.000038414524267635735,,,,0
9,2,37,rank,monte_carlo,100000,20260924,0,0,0,0,0,0,0,0.000038414524267635735,,,,0
9,2,38,rank,monte_carlo,100000,20260924,0,0,0,0,0,0,0,0.000038414524267635735,,,,0
9,2,39,rank,monte_carlo,100000,20260924,0,0,0,0,0,0,0,0.000038414524267635735,,,,0
9,2,40,rank,monte_carlo,100000,20260924,0,0,0,0,0,0,0,0.000038414524267635735,,,,0
9,2,41,rank,monte_carlo,100000,20260924,0,0,0,0,0,0,0,0.000038414524267635735,,,,0
9,2,42,rank,monte_carlo,100000,20260924,0,0,0,0,0,0,0,0.000038414524267635735,,,,0
9,2,43,rank,monte_carlo,100000,20260924,0,0,0,0,0,0,0,0.000038414524267635735,,,,0
9,2,44,rank,monte_carlo,100000,20260924,0,0,0,0,0,0,0,0.000038414524267635735,,,,0
9,2,45,rank,monte_carlo,100000,20260924,0,0,0,0,0,0,0,0.000038414524267635735,,,,0
9,2,46,rank,monte_carlo,100000,20260924,0,0,0,0,0,0,0,0.000038414524267635735,,,,0
9,2,47,rank,monte_carlo,100000,20260924,0,0,0,0,0,0,0,0.000038414524267635735,,,,0
9,2,48,rank,monte_carlo,100000,20260924,0,0,0,0,0,0,0,0.000038414524267635735,,,,0
9,2,49,rank,monte_carlo,100000,20260924,0,0,0,0,0,0,0,0.000038414524267635735,,,,0
9,2,50,rank,monte_carlo,100000,20260924,0,0,0,0,0,0,0,0.000038414524267635735,,,,0
9,3,2,rank,monte_carlo,100000,20260924,0,0,0,0,0,0,0,0.000038414524267635735,,,,0
9,3,3,rank,monte_carlo,100000,20260924,0.013807369101486748,1363,1363,0,0.01363,0.01363,0.012929793893314475,0.014367573451021626,1,0.9971894329233175,1,0.01492
9,3,4,rank,monte_carlo,100000,20260924,0.06342005385374815,6197,0,0,0,0,0,0.000038414524267635735,0,0,0.000619528807186431,0
9,3,5,rank,monte_carlo,100000,20260924,0.12204736766199464,12188,0,0,0,0,0,0.000038414524267635735,0,0,0.00031509595728343453,0
9,3,6,rank,monte_carlo,100000,20260924,0.20005752749726194,19999,14760,0.13675,0.013,0.1476,0.14541506566525356,0.14981200889145027,0.7380369018450923,0.7318974795732672,0.7440848928512588,0.25811
9,3,7,rank,monte_carlo,100000,20260924,0.2851192264230301,28276,0,0,0,0,0,0.000038414524267635735,0,0,0.0001358423450292593,0
9,3,8,rank,monte_carlo,100000,20260924,0.37611138820367745,37504,0,0,0,0,0,0.000038414524267635735,0,0,0.0001024212494274797,0
9,3,9,rank,monte_carlo,100000,20260924,0.463630877475357,46474,14794,0.13622,0.01374,0.14794,0.14575296111022695,0.15015408732460034,0.3183285277789732,0.31410846815081706,0.3225786193149658,0.257
9,3,10,rank,monte_carlo,100000,20260924,0.5553135551394245,55462,0,0,0,0,0,0.000038414524267635735,0,0,0.00006926064563671922,0
9,3,11,rank,monte_carlo,100000,20260924,0.6383120998281253,64023,0,0,0,0,0,0.000038414524267635735,0,0,0.00005999983606875277,0
9,3,12,rank,monte_carlo,100000,20260924,0.725045868861508,72563,14763,0.13615,0.01371,0.14763,0.1454448798079513,0.14984219244388108,0.2034507944820363,0.20053742716172143,0.20639555970813842,0.25864
9,3,13,rank,monte_carlo,100000,20260924,0.7803623149446733,78075,0,0,0,0,0,0.000038414524267635735,0,0,0.00004920154962954778,0
9,3,14,rank,monte_carlo,100000,20260924,0.8311340506911057,83193,0,0,0,0,0,0.000038414524267635735,0,0,0.00004617482979065398,0
9,3,15,rank,monte_carlo,100000,20260924,0.8577177167937358,85913,14869,0.13686,0.01426,0.14869,0.14649833284375954,0.15090865796928135,0.17307043171580552,0.17055534477366457,0.17561475466351023,0.25843
9,3,16,rank,monte_carlo,100000,20260924,0.8834312425344694,88277,0,0,0,0,0,0.000038414524267635735,0,0,0.00004351567033543097,0
9,3,17,rank,monte_carlo,100000,20260924,0.8953175191788676,89668,0,0,0,0,0,0.000038414524267635735,0,0,0.000042840650213656364,0
9,3,18,rank,monte_carlo,100000,20260924,0.9044106038163828,90532,14827,0.13682,0.0137,0.14827,0.14608092228110456,0.15048610080013677,0.16377634427605708,0.16137992724031613,0.16620129447110832,0.25865
9,3,19,rank,monte_carlo,100000,20260924,0.9058810134742006,90628,0,0,0,0,0,0.000038414524267635735,0,0,0.00004238686903168919,0
9,3,20,rank,monte_carlo,100000,20260924,0.9017685715275093,90359,0,0,0,0,0,0.000038414524267635735,0,0,0.000042513049965883317,0
9,3,21,rank,monte_carlo,100000,20260924,0.948345338070538,94854,14818,0.13715,0.01314,0.14818,0.14599147795212108,0.15039555204373461,0.15621903135344845,0.1539224369567553,0.15854347097509883,0.25847
9,3,22,rank,monte_carlo,100000,20260924,0.9206535805164526,92120,0,0,0,0,0,0.000038414524267635735,0,0,0.00004170038866464292,0
9,3,23,rank,monte_carlo,100000,20260924,0.881534917169678,88296,0,0,0,0,0,0.000038414524267635735,0,0,0.000043506306810860693,0
9,3,24,rank,monte_carlo,100000,20260924,0.8291429873929738,83070,14637,0.13424,0.01419,0.14637,0.144192712808325,0.14857445624810853,0.17620079451065365,0.17362489700337955,0.17880663903864694,0.25621
9,3,25,rank,monte_carlo,100000,20260924,0.7718643233025341,77181,0,0,0,0,0,0.000038414524267635735,0,0,0.00004977143076756667,0
9,3,26,rank,monte_carlo,100000,20260924,0.6981707632303485,70173,0,0,0,0,0,0.000038414524267635735,0,0,0.00005474170556002907,0
9,3,27,rank,monte_carlo,100000,20260924,0.6188609823000638,61681,14744,0.13581,0.01382,0.14744,0.14525605743210115,0.14965102941725042,0.23903633209578315,0.2356868035713184,0.2424183651383959,0.2578
9,3,28,rank,monte_carlo,100000,20260924,0.5241020828222221,52624,0,0,0,0,0,0.000038414524267635735,0,0,0.00007299558338717809,0
9,3,29,rank,monte_carlo,100000,20260924,0.44032846948447973,43863,13582,0.13582,0,0.13582,0.13371054427820067,0.1379574353246949,0.30964594304995097,0.3053358835919803,0.3139893426855368,0.24259
9,3,30,rank,monte_carlo,100000,20260924,0.5705360319606388,57039,25371,0.21171,0.05394,0.25371,0.2510225104250885,0.2564164118012753,0.4448009256824278,0.44072649604161723,0.44888279018300153,0.54672
9,3,31,rank,monte_carlo,100000,20260924,0,0,0,0,0,0,0,0.000038414524267635735,,,,0
9,3,32,rank,monte_carlo,100000,20260924,0,0,0,0,0,0,0,0.000038414524267635735,,,,0
9,3,33,rank,monte_carlo,100000,20260924,0,0,0,0,0,0,0,0.000038414524267635735,,,,0
9,3,34,rank,monte_carlo,100000,20260924,0,0,0,0,0,0,0,0.000038414524267635735,,,,0
9,3,35,rank,monte_carlo,100000,20260924,0,0,0,0,0,0,0,0.000038414524267635735,,,,0
9,3,36,rank,monte_carlo,100000,20260924,0,0,0,0,0,0,0,0.000038414524267635735,,,,0
9,3,37,rank,monte_carlo,100000,20260924,0,0,0,0,0,0,0,0.000038414524267635735,,,,0
9,3,38,rank,monte_carlo,100000,20260924,0,0,0,0,0,0,0,0.000038414524267635735,,,,0
9,3,39,rank,monte_carlo,100000,20260924,0,0,0,0,0,0,0,0.000038414524267635735,,,,0
9,3,40,rank,monte_carlo,100000,20260924,0,0,0,0,0,0,0,0.000038414524267635735,,,,0
9,3,41,rank,monte_carlo,100000,20260924,0,0,0,0,0,0,0,0.000038414524267635735,,,,0
9,3,42,rank,monte_carlo,100000,20260924,0,0,0,0,0,0,0,0.000038414524267635735,,,,0
9,3,43,rank,monte_carlo,100000,20260924,0,0,0,0,0,0,0,0.000038414524267635735,,,,0
9,3,44,rank,monte_carlo,100000,20260924,0,0,0,0,0,0,0,0.000038414524267635735,,,,0
9,3,45,rank,monte_carlo,100000,20260924,0,0,0,0,0,0,0,0.000038414524267635735,,,,0
9,3,46,rank,monte_carlo,100000,20260924,0,0,0,0,0,0,0,0.000038414524267635735,,,,0
9,3,47,rank,monte_carlo,100000,20260924,0,0,0,0,0,0,0,0.000038414524267635735,,,,0
9,3,48,rank,monte_carlo,100000,20260924,0,0,0,0,0,0,0,0.000038414524267635735,,,,0
9,3,49,rank,monte_carlo,100000,20260924,0,0,0,0,0,0,0,0.000038414524267635735,,,,0
9,3,50,rank,monte_carlo,100000,20260924,0,0,0,0,0,0,0,0.000038414524267635735,,,,0
9,4,2,rank,monte_carlo,100000,20260924,0,0,0,0,0,0,0,0.000038414524267635735,,,,0
9,4,3,rank,monte_carlo,100000,20260924,0,0,0,0,0,0,0,0.000038414524267635735,,,,0
9,4,4,rank,monte_carlo,100000,20260924,0.0004654169360051713,43,43,0,0.00043,0.00043,0.0003192698939814653,0.0005791115937953002,1,0.9179874299767729,1,0.00043
9,4,5,rank,monte_carlo,100000,20260924,0.005837373161746019,576,0,0,0,0,0,0.000038414524267635735,0,0,0.006625257656573795,0
9,4,6,rank,monte_carlo,100000,20260924,0.01802814696322886,1756,0,0,0,0,0,0.000038414524267635735,0,0,0.0021829237358635,0
9,4,7,rank,monte_carlo,100000,20260924,0.03833123941955634,3735,0,0,0,0,0,0.000038414524267635735,0,0,0.0010274840207191447,0
9,4,8,rank,monte_carlo,100000,20260924,0.0693879011014561,6839,51,0,0.00051,0.00051,0.0003879446798679973,0.0006704306615848857,0.0074572305892674365,0.00567662157891626,0.009790870756431674,0.00051
9,4,9,rank,monte_carlo,100000,20260924,0.10927328860941529,10920,0,0,0,0,0,0.000038414524267635735,0,0,0.00035167115568574334,0
9,4,10,rank,monte_carlo,100000,20260924,0.15873968443267022,15830,6099,0.06099,0,0.06099,0.059523526010895715,0.06249020270970176,0.3852811118130133,0.3777285297461092,0.3928893599768751,0.11784
9,4,11,rank,monte_carlo,100000,20260924,0.2172348215532631,21448,0,0,0,0,0,0.000038414524267635735,0,0,0.00017908019607976218,0
9,4,12,rank,monte_carlo,100000,20260924,0.2837244412006343,28270,40,0,0.0004,0.0004,0.00029378060389919844,0.0005446031887490232,0.0014149274849663955,0.001039314308616905,0.0019260273377761342,0.0004
9,4,13,rank,monte_carlo,100000,20260924,0.35464472731382457,35444,0,0,0,0,0,0.000038414524267635735,0,0,0.00010837331207212345,0
9,4,14,rank,monte_carlo,100000,20260924,0.4305425618621461,43122,6077,0.06077,0,0.06077,0.059306038328462735,0.06226770729452541,0.14092574555911136,0.13767361613601667,0.14424184681926164,0.11856
9,4,15,rank,monte_carlo,100000,20260924,0.5043127520572153,50473,0,0,0,0,0,0.000038414524267635735,0,0,0.00007610618807021396,0
9,4,16,rank,monte_carlo,100000,20260924,0.5726528192382249,57324,40,0,0.0004,0.0004,0.00029378060389919844,0.0005446031887490232,0.0006977880120019538,0.0005125086273821159,0.0009499849474675606,0.0004
9,4,17,rank,monte_carlo,100000,20260924,0.635989926164601,63647,0,0,0,0,0,0.000038414524267635735,0,0,0.00006035426874858477,0
9,4,18,rank,monte_carlo,100000,20260924,0.6917234063754171,69208,6128,0.06128,0,0.06128,0.059810222673683036,0.06278348376649036,0.08854467691596347,0.08645090848387128,0.09068412096461544,0.11846
9,4,19,rank,monte_carlo,100000,20260924,0.7403776731512488,74107,0,0,0,0,0,0.000038414524267635735,0,0,0.00005183587066429967,0
9,4,20,rank,monte_carlo,100000,20260924,0.7818643303695271,78327,48,0,0.00048,0.00048,0.00036208181430987587,0.000636295832014463,0.000612815504232257,0.0004622759667220752,0.0008123381949621011,0.00048
9,4,21,rank,monte_carlo,100000,20260924,0.8149990000204943,81723,0,0,0,0,0,0.000038414524267635735,0,0,0.00004700536475888969,0
9,4,22,rank,monte_carlo,100000,20260924,0.8582514465455098,85843,6150,0.0615,0,0.0615,0.060027722996071106,0.06300596654171162,0.07164241697051595,0.06993629029467781,0.07338688118936197,0.11971
9,4,23,rank,monte_carlo,100000,20260924,0.8745820724413531,87478,0,0,0,0,0,0.000038414524267635735,0,0,0.00004391311304996579,0
9,4,24,rank,monte_carlo,100000,20260924,0.8978718348637269,89847,45,0,0.00045,0.00045,0.0003363479184671838,0.000602032032728611,0.0005008514474606832,0.00037435837246624603,0.0006700569978178314,0.00045
9,4,25,rank,monte_carlo,100000,20260924,0.902134574355285,90381,0,0,0,0,0,0.000038414524267635735,0,0,0.00004250270213451368,0
9,4,26,rank,monte_carlo,100000,20260924,0.9102806830216091,91037,6206,0.06206,0,0.06206,0.060581384516996156,0.06357226199651937,0.06817008469083999,0.06655099953426949,0.06982561322322947,0.11998
9,4,27,rank,monte_carlo,100000,20260924,0.9063102376211154,90764,0,0,0,0,0,0.000038414524267635735,0,0,0.00004232335959831835,0
9,4,28,rank,monte_carlo,100000,20260924,0.9021391918197708,90462,46,0,0.00046,0.00046,0.0003449108028451565,0.0006134683800601531,0.000508500806968672,0.0003812789868037884,0.0006781440871976588,0.00046
9,4,29,rank,monte_carlo,100000,20260924,0.8892602766445069,89007,0,0,0,0,0,0.000038414524267635735,0,0,0.00004315878752459745,0
9,4,30,rank,monte_carlo,100000,20260924,0.8721132325801205,87413,6009,0.06009,0,0.06009,0.05863383856060642,0.061579959306134725,0.06874263553476027,0.06708419693926346,0.07043897800006083,0.11831
9,4,31,rank,monte_carlo,100000,20260924,0.8927086071679857,89308,0,0,0,0,0,0.000038414524267635735,0,0,0.00004301333318380481,0
9,4,32,rank,monte_carlo,100000,20260924,0.8455937119418645,84670,36,0,0.00036,0.00036,0.00026006057395892157,0.0004983262918512415,0.0004251801110192512,0.0003071483975731279,0.0005885426277411175,0.00036
9,4,33,rank,monte_carlo,100000,20260924,0.7839372011783178,78726,0,0,0,0,0,0.000038414524267635735,0,0,0.00004879471267728296,0
9,4,34,rank,monte_carlo,100000,20260924,0.7080686000618525,70937,6046,0.06046,0,0.06046,0.05899958775141709,0.06195418168857611,0.08523055669114848,0.08319813323763223,0.08730790146946094,0.11642
9,4,35,rank,monte_carlo,100000,20260924,0.6309498652840874,63059,0,0,0,0,0,0.000038414524267635735,0,0,0.00006091701392662903,0
9,4,36,rank,monte_carlo,100000,20260924,0.5405491934196293,54225,38,0,0.00038,0.00038,0.00027688023458638647,0.000521505094642806,0.0007007837713231904,0.0005106323622293517,0.0009616764248349844,0.00038
9,4,37,rank,monte_carlo,100000,20260924,0.45238015399195136,44978,6108,0.06108,0,0.06108,0.05961249982296176,0.06258122198302134,0.1357997243096625,0.1326647979908167,0.13899685847635646,0.11956
9,4,38,rank,monte_carlo,100000,20260924,0.3565565261315384,35780,0,0,0,0,0,0.000038414524267635735,0,0,0.00010735571778296714,0
9,4,39,rank,monte_carlo,100000,20260924,0.27783686085911696,27654,6093,0.06093,0,0.06093,0.059464210644703135,0.06242952268563725,0.22032978954220003,0.2154837680093746,0.22525350195893698,0.11986
9,4,40,rank,monte_carlo,100000,20260924,0.2740584115237214,27390,6206,0.06013,0.00199,0.06206,0.060581384516996156,0.06357226199651937,0.22657904344651333,0.2216599130638697,0.23157486069637576,0.11963
9,4,41,rank,monte_carlo,100000,20260924,0,0,0,0,0,0,0,0.000038414524267635735,,,,0
9,4,42,rank,monte_carlo,100000,20260924,0,0,0,0,0,0,0,0.000038414524267635735,,,,0
9,4,43,rank,monte_carlo,100000,20260924,0,0,0,0,0,0,0,0.000038414524267635735,,,,0
9,4,44,rank,monte_carlo,100000,20260924,0,0,0,0,0,0,0,0.000038414524267635735,,,,0
9,4,45,rank,monte_carlo,100000,20260924,0,0,0,0,0,0,0,0.000038414524267635735,,,,0
9,4,46,rank,monte_carlo,100000,20260924,0,0,0,0,0,0,0,0.000038414524267635735,,,,0
9,4,47,rank,monte_carlo,100000,20260924,0,0,0,0,0,0,0,0.000038414524267635735,,,,0
9,4,48,rank,monte_carlo,100000,20260924,0,0,0,0,0,0,0,0.000038414524267635735,,,,0
9,4,49,rank,monte_carlo,100000,20260924,0,0,0,0,0,0,0,0.000038414524267635735,,,,0
9,4,50,rank,monte_carlo,100000,20260924,0,0,0,0,0,0,0,0.000038414524267635735,,,,0
9,5,2,rank,monte_carlo,100000,20260924,0,0,0,0,0,0,0,0.000038414524267635735,,,,0
9,5,3,rank,monte_carlo,100000,20260924,0,0,0,0,0,0,0,0.000038414524267635735,,,,0
9,5,4,rank,monte_carlo,100000,20260924,0,0,0,0,0,0,0,0.000038414524267635735,,,,0
9,5,5,rank,monte_carlo,100000,20260924,0,0,0,0,0,0,0,0.000038414524267635735,,,,0
9,5,6,rank,monte_carlo,100000,20260924,0.0001702319011999591,13,0,0,0,0,0,0.000038414524267635735,0,0,0.22810184305529166,0
9,5,7,rank,monte_carlo,100000,20260924,0.0011313842602953992,112,0,0,0,0,0,0.000038414524267635735,0,0,0.03316252537948371,0
9,5,8,rank,monte_carlo,100000,20260924,0.0033273783951261234,333,0,0,0,0,0,0.000038414524267635735,0,0,0.01140476710715066,0
9,5,9,rank,monte_carlo,100000,20260924,0.008103809995304799,807,0,0,0,0,0,0.000038414524267635735,0,0,0.004737793423524397,0
9,5,10,rank,monte_carlo,100000,20260924,0.015608671678759288,1532,0,0,0,0,0,0.000038414524267635735,0,0,0.0025012996131892765,0
9,5,11,rank,monte_carlo,100000,20260924,0.027366784600282995,2681,0,0,0,0,0,0.000038414524267635735,0,0,0.0014308479129643997,0
9,5,12,rank,monte_carlo,100000,20260924,0.04364822096334313,4229,0,0,0,0,0,0.000038414524267635735,0,0,0.0009075699879721461,0
9,5,13,rank,monte_carlo,100000,20260924,0.06590069776770544,6536,0,0,0,0,0,0.000038414524267635735,0,0,0.0005874148389159762,0
9,5,14,rank,monte_carlo,100000,20260924,0.09362348050817333,9339,0,0,0,0,0,0.000038414524267635735,0,0,0.0004111811121789756,0
9,5,15,rank,monte_carlo,100000,20260924,0.12850137183923982,12703,2430,0.0243,0,0.0243,0.023363745906604894,0.025272801671783335,0.19129339526096198,0.18454724350902238,0.19822620666131738,0.04811
9,5,16,rank,monte_carlo,100000,20260924,0.16986029587760013,16946,0,0,0,0,0,0.000038414524267635735,0,0,0.0002266451858759553,0
9,5,17,rank,monte_carlo,100000,20260924,0.21621916963158733,21369,0,0,0,0,0,0.000038414524267635735,0,1.3552527156068805e-20,0.0001797421265687011,0
9,5,18,rank,monte_carlo,100000,20260924,0.2673675750162663,26584,0,0,0,0,0,0.000038414524267635735,0,0,0.00014448709518413862,0
9,5,19,rank,monte_carlo,100000,20260924,0.3213537792674757,32037,0,0,0,0,0,0.000038414524267635735,0,6.776263578034403e-21,0.00011989697549018186,0
9,5,20,rank,monte_carlo,100000,20260924,0.37695852387260126,37679,2446,0.02446,0,0.02446,0.02352068219854942,0.02543585308719104,0.06491679715491387,0.06247311436037791,0.06744918958816506,0.04857
9,5,21,rank,monte_carlo,100000,20260924,0.4335852252443644,43341,0,0,0,0,0,0.000038414524267635735,0,0,0.00008862877007260767,0
9,5,22,rank,monte_carlo,100000,20260924,0.48893859256051125,49117,0,0,0,0,0,0.000038414524267635735,0,0,0.00007820712908957977,0
9,5,23,rank,monte_carlo,100000,20260924,0.5451422495989073,54608,0,0,0,0,0,0.000038414524267635735,0,0,0.00007034371827519545,0
9,5,24,rank,monte_carlo,100000,20260924,0.5984049111904584,59942,0,0,0,0,0,0.000038414524267635735,0,0,0.00006408451191049756,0
9,5,25,rank,monte_carlo,100000,20260924,0.6495585994241923,65069,2521,0.02521,0,0.02521,0.02425646278394622,0.026200014880007838,0.038743487682306475,0.03728769334389819,0.040253742928649645,0.04985
9,5,26,rank,monte_carlo,100000,20260924,0.6927978665509275,69435,0,0,0,0,0,0.000038414524267635735,0,0,0.000055323503553377244,0
9,5,27,rank,monte_carlo,100000,20260924,0.7332479720312337,73369,0,0,0,0,0,0.000038414524267635735,0,0,0.00005235724712616281,0
9,5,28,rank,monte_carlo,100000,20260924,0.7668677439989406,76763,0,0,0,0,0,0.000038414524267635735,0,0,0.000050042439156439125,0
9,5,29,rank,monte_carlo,100000,20260924,0.7953276912998304,79633,0,0,0,0,0,0.000038414524267635735,0,0,0.00004823897988440566,0
9,5,30,rank,monte_carlo,100000,20260924,0.8184979084690681,81902,2533,0.02533,0,0.02533,0.024374208921792536,0.0263222595226757,0.030927205684842862,0.029763377801310574,0.03213503507086728,0.05083
9,5,31,rank,monte_carlo,100000,20260924,0.8361179615943723,83800,0,0,0,0,0,0.000038414524267635735,0,0,0.00004584038066340863,0
9,5,32,rank,monte_carlo,100000,20260924,0.8642809060124182,86532,0,0,0,0,0,0.000038414524267635735,0,0,0.00004439316621842387,0
9,5,33,rank,monte_carlo,100000,20260924,0.8667676982102623,86852,0,0,0,0,0,0.000038414524267635735,0,0,0.00004422960999781505,0
9,5,34,rank,monte_carlo,100000,20260924,0.875869728573652,87732,0,0,0,0,0,0.000038414524267635735,0,0,0.000043785982215961324,0
9,5,35,rank,monte_carlo,100000,20260924,0.865257173038639,86713,2456,0.02456,0,0.02456,0.02361877284926136,0.025537754753574247,0.028323319456136913,0.027239843797706147,0.02944858614621838,0.04935
9,5,36,rank,monte_carlo,100000,20260924,0.8559210990891897,85704,0,0,0,0,0,0.000038414524267635735,0,0,0.00004482203644712947,0
9,5,37,rank,monte_carlo,100000,20260924,0.8332818196658867,83566,0,0,0,0,0,0.000038414524267635735,0,0,0.000045968736166660384,0
9,5,38,rank,monte_carlo,100000,20260924,0.8067931132914536,80936,0,0,0,0,0,0.000038414524267635735,0,0,0.000047462410650430524,0
9,5,39,rank,monte_carlo,100000,20260924,0.7707744005463981,77195,0,0,0,0,0,0.000038414524267635735,0,0,0.00004976240472499525,0
9,5,40,rank,monte_carlo,100000,20260924,0.7276657281881203,72959,2406,0.02406,0,0.02406,0.023128361862381278,0.025028204154978605,0.03297742567743527,0.03170599998593607,0.034298030207975685,0.04847
9,5,41,rank,monte_carlo,100000,20260924,0.701434141849879,70181,0,0,0,0,0,0.000038414524267635735,0,0,0.000054735465841672566,0
9,5,42,rank,monte_carlo,100000,20260924,0.6279649077048,62846,0,0,0,0,0,0.000038414524267635735,0,0,0.00006112346351561846,0
9,5,43,rank,monte_carlo,100000,20260924,0.547086540275853,54604,0,0,0,0,0,0.000038414524267635735,0,0,0.00007034887092113158,0
9,5,44,rank,monte_carlo,100000,20260924,0.4617328712534676,46197,2457,0.02457,0,0.02457,0.023628582144440156,0.02554794469010497,0.053185271770894216,0.051175834198197705,0.055269014633300646,0.0481
9,5,45,rank,monte_carlo,100000,20260924,0.3845020170013368,38326,0,0,0,0,0,0.000038414524267635735,0,0,0.00010022478151853357,0
9,5,46,rank,monte_carlo,100000,20260924,0.305034794339904,30414,0,0,0,0,0,0.000038414524267635735,0,0,0.00012629429959290733,0
9,5,47,rank,monte_carlo,100000,20260924,0.23592536102956738,23575,2482,0.02482,0,0.02482,0.023873828024658365,0.02580267960262462,0.10528101802757157,0.10142726222872052,0.10926339358364982,0.05011
9,5,48,rank,monte_carlo,100000,20260924,0.16893469049316032,16934,0,0,0,0,0,0.000038414524267635735,0,0,0.00022680575782453886,0
9,5,49,rank,monte_carlo,100000,20260924,0.11929267880728946,11893,2422,0.02422,0,0.02422,0.02328528182625024,0.02519127189846187,0.20364920541494996,0.19650767991879148,0.21098211972685565,0.04934
9,5,50,rank,monte_carlo,100000,20260924,0.08756442447469275,8713,0,0,0,0,0,0.000038414524267635735,0,0,0.0004407100847169231,0
9,any_2_to_5,2,rank,monte_carlo,100000,20260924,0.13388493859082096,13177,13177,0,0.13177,0.13177,0.12968770130005444,0.13388058946048767,1,0.9997085466833924,1,0.16032
9,any_2_to_5,3,rank,monte_carlo,100000,20260924,0.2889625050902735,28945,28945,0.28158,0.01363,0.28945,0.28664726435047966,0.29226891200568944,1,0.9998672969352943,1,0.44769
9,any_2_to_5,4,rank,monte_carlo,100000,20260924,0.4153445194409443,41629,13455,0,0.13455,0.13455,0.1324489910226743,0.1366790861531129,0.323212183814168,0.3187357592118958,0.32772123400953257,0.1621
9,any_2_to_5,5,rank,monte_carlo,100000,20260924,0.5404810121586527,53888,28089,0.28089,0,0.28089,0.27811283777797324,0.2836839962348513,0.521247773159145,0.5170285933958014,0.5254639236904954,0.43409
9,any_2_to_5,6,rank,monte_carlo,100000,20260924,0.6375605664401441,63788,25241,0.13675,0.14573,0.25241,0.2497271366080759,0.25511188549605096,0.395701385840597,0.39191291232490927,0.39950242126219954,0.42056
9,any_2_to_5,7,rank,monte_carlo,100000,20260924,0.7323675693083105,73221,28127,0.28127,0,0.28127,0.27849167623465115,0.284065128583135,0.38413843023176414,0.380621506372497,0.3876675109983511,0.43446
9,any_2_to_5,8,rank,monte_carlo,100000,20260924,0.8050872488234408,80605,13506,0,0.13506,0.13506,0.13295559150858718,0.1371924464843853,0.1675578438062155,0.16499539365413737,0.17015198055152295,0.16369
9,any_2_to_5,9,rank,monte_carlo,100000,20260924,0.8620314038684829,86191,36632,0.35629,0.01374,0.36632,0.36333897103575824,0.36931129947144986,0.42500957176503346,0.42171267555253167,0.4283131524431891,0.69149
9,any_2_to_5,10,rank,monte_carlo,100000,20260924,0.9086047054104952,90963,19008,0.06099,0.13277,0.19008,0.18766002505841592,0.19252378580030613,0.20896408429801128,0.20633425132539399,0.21161849861376628,0.28057
9,any_2_to_5,11,rank,monte_carlo,100000,20260924,0.9508797628882517,95121,28195,0.28195,0,0.28195,0.2791696038249586,0.2847471487490745,0.2964119384783591,0.29351802329680227,0.2993222973960418,0.43391
9,any_2_to_5,12,rank,monte_carlo,100000,20260924,0.9596480115629051,96009,27159,0.13615,0.14823,0.27159,0.26884204087065994,0.27435550765231603,0.28287973002531014,0.28003943111403834,0.2857374034713886,0.42282
9,any_2_to_5,13,rank,monte_carlo,100000,20260924,0.9631280772337528,96306,28195,0.28195,0,0.28195,0.2791696038249586,0.2847471487490745,0.29276472909268375,0.28989914680168444,0.295646843754695,0.43661
9,any_2_to_5,14,rank,monte_carlo,100000,20260924,0.969549039413544,97051,19124,0.06077,0.13414,0.19124,0.18881431907706078,0.19368940265996495,0.19705103502282306,0.1945604588542491,0.19956559368881127,0.28036
9,any_2_to_5,15,rank,monte_carlo,100000,20260924,0.970700164503288,97010,41568,0.40596,0.01426,0.41568,0.41262864919306436,0.4187378290323081,0.4284919080507164,0.4253807160296358,0.4316087632943125,0.73939
9,any_2_to_5,16,rank,monte_carlo,100000,20260924,0.9763634395750628,97680,13430,0,0.1343,0.1343,0.1322006611521917,0.13642743523085765,0.1374897624897625,0.13534442803033117,0.1396636097370942,0.16379
9,any_2_to_5,17,rank,monte_carlo,100000,20260924,0.9750773240472321,97463,27907,0.27907,0,0.27907,0.2762984351817364,0.2818585386599564,0.2863343012220022,0.2835047145903033,0.28918073087713253,0.43347
9,any_2_to_5,18,rank,monte_carlo,100000,20260924,0.9801033226989585,98034,30381,0.17289,0.14659,0.30381,0.30096708166924985,0.3066679914217823,0.309902686822939,0.30701526968140513,0.3128050018411781,0.53986
9,any_2_to_5,19,rank,monte_carlo,100000,20260924,0.9771643973374398,97773,27965,0.27965,0,0.27965,0.2768766452357923,0.28244028404505245,0.2860196577787324,0.2831954923468011,0.28886063755789015,0.42907
9,any_2_to_5,20,rank,monte_carlo,100000,20260924,0.9999587363716438,99997,74769,0.58984,0.46132,0.74769,0.7449884640023383,0.7503725062106299,0.7477124313729412,0.7450109331340702,0.7503948975304591,2.00203
9,any_2_to_5,21,rank,monte_carlo,100000,20260924,0.9762099466621423,97599,14818,0.13715,0.01314,0.14818,0.14599147795212108,0.15039555204373461,0.15182532607916066,0.14958765605712487,0.15409040407017371,0.25847
9,any_2_to_5,22,rank,monte_carlo,100000,20260924,0.9793131187254276,97901,6150,0.0615,0,0.0615,0.060027722996071106,0.06300596654171162,0.06281856160815517,0.061315737155881254,0.06435569439873555,0.11971
9,any_2_to_5,23,rank,monte_carlo,100000,20260924,0.9765830567103898,97658,0,0,0,0,0,0.000038414524267635735,0,0,0.00003933573171530282,0
9,any_2_to_5,24,rank,monte_carlo,100000,20260924,0.9797945353335243,98078,14680,0.13424,0.01464,0.1468,0.1446200334112175,0.14900710260872516,0.1496767878627215,0.14745776363363672,0.1519232545139671,0.25666
9,any_2_to_5,25,rank,monte_carlo,100000,20260924,0.9758769282086472,97560,2521,0.02521,0,0.02521,0.02425646278394622,0.026200014880007838,0.02584050840508405,0.024863421162969208,0.026854935937885262,0.04985
9,any_2_to_5,26,rank,monte_carlo,100000,20260924,0.9790905040978503,97940,6206,0.06206,0,0.06206,0.060581384516996156,0.06357226199651937,0.06336532570961813,0.06185662278404654,0.06490828042146544,0.11998
9,any_2_to_5,27,rank,monte_carlo,100000,20260924,0.9750310298071087,97465,14744,0.13581,0.01382,0.14744,0.14525605743210115,0.14965102941725042,0.15127481660083106,0.14903899824191436,0.15353812400429895,0.2578
9,any_2_to_5,28,rank,monte_carlo,100000,20260924,0.976608786000961,97695,46,0,0.00046,0.00046,0.0003449108028451565,0.0006134683800601531,0.0004708531654639439,0.00035304898339990156,0.00062794115353945,0.00046
9,any_2_to_5,29,rank,monte_carlo,100000,20260924,0.9718447129406481,97251,13582,0.13582,0,0.13582,0.13371054427820067,0.1379574353246949,0.13965923229581187,0.13749485433258446,0.14185207742983386,0.24259
9,any_2_to_5,30,rank,monte_carlo,100000,20260924,0.9930472324649829,99348,32419,0.28292,0.05394,0.32419,0.3212956648702278,0.3270978424447952,0.32631759069130734,0.32340877912360944,0.32923983368277865,0.71586
9,any_2_to_5,31,rank,monte_carlo,100000,20260924,0.9666975642847657,96705,0,0,0,0,0,0.000038414524267635735,0,0,0.00003972335865514079,0
9,any_2_to_5,32,rank,monte_carlo,100000,20260924,0.9643774509215005,96447,36,0,0.00036,0.00036,0.00026006057395892157,0.0004983262918512415,0.0003732619988180037,0.00026964133218177524,0.0005166825478578572,0.00036
9,any_2_to_5,33,rank,monte_carlo,100000,20260924,0.9520535599786838,95333,0,0,0,0,0,0.000038414524267635735,0,0,0.000040295020639743955,0
9,any_2_to_5,34,rank,monte_carlo,100000,20260924,0.9434406035820848,94532,6046,0.06046,0,0.06046,0.05899958775141709,0.06195418168857611,0.06395717852155884,0.062415063852529554,0.0655347316459854,0.11642
9,any_2_to_5,35,rank,monte_carlo,100000,20260924,0.9241557245605785,92466,2456,0.02456,0,0.02456,0.02361877284926136,0.025537754753574247,0.026561114355546905,0.025544181892260584,0.02761738424586071,0.04935
9,any_2_to_5,36,rank,monte_carlo,100000,20260924,0.9058265410923625,90714,38,0,0.00038,0.00038,0.00027688023458638647,0.000521505094642806,0.0004188989571620698,0.00030522462569275503,0.0005748844971856712,0.00038
9,any_2_to_5,37,rank,monte_carlo,100000,20260924,0.8771030319193784,87856,6108,0.06108,0,0.06108,0.05961249982296176,0.06258122198302134,0.06952285558186123,0.06785976024103178,0.071223595447604,0.11956
9,any_2_to_5,38,rank,monte_carlo,100000,20260924,0.845868372254616,84851,0,0,0,0,0,0.000038414524267635735,0,0,0.00004527260822793168,0
9,any_2_to_5,39,rank,monte_carlo,100000,20260924,0.8040636188103131,80504,6093,0.06093,0,0.06093,0.059464210644703135,0.06242952268563725,0.07568568021464772,0.07387875141738882,0.07753310310188573,0.11986
9,any_2_to_5,40,rank,monte_carlo,100000,20260924,0.7928230924541531,79356,8564,0.08371,0.00199,0.08564,0.08392146275835156,0.0873903721261995,0.10791874590453147,0.1057788723245671,0.11009657871715976,0.1681
9,any_2_to_5,41,rank,monte_carlo,100000,20260924,0.701434141849879,70181,0,0,0,0,0,0.000038414524267635735,0,0,0.000054735465841672566,0
9,any_2_to_5,42,rank,monte_carlo,100000,20260924,0.6279649077048,62846,0,0,0,0,0,0.000038414524267635735,0,0,0.00006112346351561846,0
9,any_2_to_5,43,rank,monte_carlo,100000,20260924,0.547086540275853,54604,0,0,0,0,0,0.000038414524267635735,0,0,0.00007034887092113158,0
9,any_2_to_5,44,rank,monte_carlo,100000,20260924,0.4617328712534676,46197,2457,0.02457,0,0.02457,0.023628582144440156,0.02554794469010497,0.053185271770894216,0.051175834198197705,0.055269014633300646,0.0481
9,any_2_to_5,45,rank,monte_carlo,100000,20260924,0.3845020170013368,38326,0,0,0,0,0,0.000038414524267635735,0,0,0.00010022478151853357,0
9,any_2_to_5,46,rank,monte_carlo,100000,20260924,0.305034794339904,30414,0,0,0,0,0,0.000038414524267635735,0,0,0.00012629429959290733,0
9,any_2_to_5,47,rank,monte_carlo,100000,20260924,0.23592536102956738,23575,2482,0.02482,0,0.02482,0.023873828024658365,0.02580267960262462,0.10528101802757157,0.10142726222872052,0.10926339358364982,0.05011
9,any_2_to_5,48,rank,monte_carlo,100000,20260924,0.16893469049316032,16934,0,0,0,0,0,0.000038414524267635735,0,0,0.00022680575782453886,0
9,any_2_to_5,49,rank,monte_carlo,100000,20260924,0.11929267880728946,11893,2422,0.02422,0,0.02422,0.02328528182625024,0.02519127189846187,0.20364920541494996,0.19650767991879148,0.21098211972685565,0.04934
9,any_2_to_5,50,rank,monte_carlo,100000,20260924,0.08756442447469275,8713,0,0,0,0,0,0.000038414524267635735,0,0,0.0004407100847169231,0
9,2,2,value,exact,,,0.13388493859082096,,,0,0.13388493859082096,0.13388493859082096,,,1,,,0.16289592760180996
9,2,3,value,exact,,,0.28099250915053275,,,0.28099250915053275,0,0.28099250915053275,,,1,,,0.4343891402714932
9,2,4,value,exact,,,0.38716547858736466,,,0,0.13388493859082096,0.13388493859082096,,,0.34580804848438873,,,0.16289592760180996
9,2,5,value,exact,,,0.5009317308365031,,,0.28099250915053275,0,0.28099250915053275,,,0.5609397286159232,,,0.4343891402714932
9,2,6,value,exact,,,0.5831523539854606,,,0,0.13388493859082096,0.13388493859082096,,,0.22958826741554922,,,0.16289592760180996
9,2,7,value,exact,,,0.6686184849595634,,,0.28099250915053275,0,0.28099250915053275,,,0.42025836178837706,,,0.4343891402714932
9,2,8,value,exact,,,0.7304214934002168,,,0,0.13388493859082096,0.13388493859082096,,,0.18329819125059885,,,0.16289592760180996
9,2,9,value,exact,,,0.7922835699426003,,,0.28099250915053275,0,0.28099250915053275,,,0.3546615376245783,,,0.4343891402714932
9,2,10,value,exact,,,0.8369788039679752,,,0,0.13388493859082096,0.13388493859082096,,,0.15996216147421544,,,0.16289592760180996
9,2,11,value,exact,,,0.9293413731069496,,,0.28099250915053275,0,0.28099250915053275,,,0.30235661220066634,,,0.4343891402714932
9,2,12,value,exact,,,0.9027243257912029,,,0,0.13388493859082096,0.13388493859082096,,,0.14831209790815816,,,0.16289592760180996
9,2,13,value,exact,,,0.8738814246644687,,,0.28099250915053275,0,0.28099250915053275,,,0.32154535068464385,,,0.4343891402714932
9,2,14,value,exact,,,0.8337829357887039,,,0,0.13388493859082096,0.13388493859082096,,,0.16057529225418196,,,0.16289592760180996
9,2,15,value,exact,,,0.7925492019000209,,,0.28099250915053275,0,0.28099250915053275,,,0.35454266874144125,,,0.4343891402714932
9,2,16,value,exact,,,0.7353865278216369,,,0,0.13388493859082096,0.13388493859082096,,,0.18206063549656684,,,0.16289592760180996
9,2,17,value,exact,,,0.6789664761967097,,,0.28099250915053275,0,0.28099250915053275,,,0.41385328878759514,,,0.4343891402714932
9,2,18,value,exact,,,0.6008117430808838,,,0,0.13388493859082096,0.13388493859082096,,,0.2228400828257393,,,0.16289592760180996
9,2,19,value,exact,,,0.5261849974588724,,,0.5261849974588724,0,0.5261849974588724,,,1,,,1.737556561085973
9,2,20,value,exact,,,0.8428113976680119,,,0,0.8428113976680119,0.8428113976680119,,,1,,,3.257918552036199
9,2,21,value,exact,,,0,,,0,0,0,,,,,,0
9,2,22,value,exact,,,0,,,0,0,0,,,,,,0
9,2,23,value,exact,,,0,,,0,0,0,,,,,,0
9,2,24,value,exact,,,0,,,0,0,0,,,,,,0
9,2,25,value,exact,,,0,,,0,0,0,,,,,,0
9,2,26,value,exact,,,0,,,0,0,0,,,,,,0
9,2,27,value,exact,,,0,,,0,0,0,,,,,,0
9,2,28,value,exact,,,0,,,0,0,0,,,,,,0
9,2,29,value,exact,,,0,,,0,0,0,,,,,,0
9,2,30,value,exact,,,0,,,0,0,0,,,,,,0
9,2,31,value,exact,,,0,,,0,0,0,,,,,,0
9,2,32,value,exact,,,0,,,0,0,0,,,,,,0
9,2,33,value,exact,,,0,,,0,0,0,,,,,,0
9,2,34,value,exact,,,0,,,0,0,0,,,,,,0
9,2,35,value,exact,,,0,,,0,0,0,,,,,,0
9,2,36,value,exact,,,0,,,0,0,0,,,,,,0
9,2,37,value,exact,,,0,,,0,0,0,,,,,,0
9,2,38,value,exact,,,0,,,0,0,0,,,,,,0
9,2,39,value,exact,,,0,,,0,0,0,,,,,,0
9,2,40,value,exact,,,0,,,0,0,0,,,,,,0
9,2,41,value,exact,,,0,,,0,0,0,,,,,,0
9,2,42,value,exact,,,0,,,0,0,0,,,,,,0
9,2,43,value,exact,,,0,,,0,0,0,,,,,,0
9,2,44,value,exact,,,0,,,0,0,0,,,,,,0
9,2,45,value,exact,,,0,,,0,0,0,,,,,,0
9,2,46,value,exact,,,0,,,0,0,0,,,,,,0
9,2,47,value,exact,,,0,,,0,0,0,,,,,,0
9,2,48,value,exact,,,0,,,0,0,0,,,,,,0
9,2,49,value,exact,,,0,,,0,0,0,,,,,,0
9,2,50,value,exact,,,0,,,0,0,0,,,,,,0
9,3,2,value,exact,,,0,,,0,0,0,,,,,,0
9,3,3,value,exact,,,0.013807369101486748,,,0,0.013807369101486748,0.013807369101486748,,,1,,,0.015203619909502263
9,3,4,value,exact,,,0.06342005385374815,,,0,0,0,,,0,,,0
9,3,5,value,exact,,,0.12204736766199464,,,0,0,0,,,0,,,0
9,3,6,value,exact,,,0.20005752749726194,,,0.13620490735253754,0.013807369101486748,0.14779284708326446,,,0.7387517427220388,,,0.25846153846153846
9,3,7,value,exact,,,0.2851192264230301,,,0,0,0,,,0,,,0
9,3,8,value,exact,,,0.37611138820367745,,,0,0,0,,,0,,,0
9,3,9,value,exact,,,0.463630877475357,,,0.13620490735253754,0.013807369101486748,0.14779284708326446,,,0.3187726578696648,,,0.25846153846153846
9,3,10,value,exact,,,0.5553135551394245,,,0,0,0,,,0,,,0
9,3,11,value,exact,,,0.6383120998281253,,,0,0,0,,,0,,,0
9,3,12,value,exact,,,0.725045868861508,,,0.13620490735253754,0.013807369101486748,0.14779284708326446,,,0.2038393064915105,,,0.25846153846153846
9,3,13,value,exact,,,0.7803623149446733,,,0,0,0,,,0,,,0
9,3,14,value,exact,,,0.8311340506911057,,,0,0,0,,,0,,,0
9,3,15,value,exact,,,0.8577177167937358,,,0.13620490735253754,0.013807369101486748,0.14779284708326446,,,0.17230942557154352,,,0.25846153846153846
9,3,16,value,exact,,,0.8834312425344694,,,0,0,0,,,0,,,0
9,3,17,value,exact,,,0.8953175191788676,,,0,0,0,,,0,,,0
9,3,18,value,exact,,,0.9044106038163828,,,0.13620490735253754,0.013807369101486748,0.14779284708326446,,,0.16341343905037847,,,0.25846153846153846
9,3,19,value,exact,,,0.9058810134742006,,,0,0,0,,,0,,,0
9,3,20,value,exact,,,0.9017685715275093,,,0,0,0,,,0,,,0
9,3,21,value,exact,,,0.948345338070538,,,0.13620490735253754,0.013807369101486748,0.14779284708326446,,,0.15584285718529214,,,0.25846153846153846
9,3,22,value,exact,,,0.9206535805164526,,,0,0,0,,,0,,,0
9,3,23,value,exact,,,0.881534917169678,,,0,0,0,,,0,,,0
9,3,24,value,exact,,,0.8291429873929738,,,0.13620490735253754,0.013807369101486748,0.14779284708326446,,,0.17824772003193434,,,0.25846153846153846
9,3,25,value,exact,,,0.7718643233025341,,,0,0,0,,,0,,,0
9,3,26,value,exact,,,0.6981707632303485,,,0,0,0,,,0,,,0
9,3,27,value,exact,,,0.6188609823000638,,,0.2687740642662556,0.013807369101486748,0.2773477183968559,,,0.4481583527306296,,,0.9882352941176471
9,3,28,value,exact,,,0.5241020828222221,,,0,0,0,,,0,,,0
9,3,29,value,exact,,,0.44032846948447973,,,0,0,0,,,0,,,0
9,3,30,value,exact,,,0.5705360319606388,,,0,0.5705360319606388,0.5705360319606388,,,1,,,2.1285067873303167
9,3,31,value,exact,,,0,,,0,0,0,,,,,,0
9,3,32,value,exact,,,0,,,0,0,0,,,,,,0
9,3,33,value,exact,,,0,,,0,0,0,,,,,,0
9,3,34,value,exact,,,0,,,0,0,0,,,,,,0
9,3,35,value,exact,,,0,,,0,0,0,,,,,,0
9,3,36,value,exact,,,0,,,0,0,0,,,,,,0
9,3,37,value,exact,,,0,,,0,0,0,,,,,,0
9,3,38,value,exact,,,0,,,0,0,0,,,,,,0
9,3,39,value,exact,,,0,,,0,0,0,,,,,,0
9,3,40,value,exact,,,0,,,0,0,0,,,,,,0
9,3,41,value,exact,,,0,,,0,0,0,,,,,,0
9,3,42,value,exact,,,0,,,0,0,0,,,,,,0
9,3,43,value,exact,,,0,,,0,0,0,,,,,,0
9,3,44,value,exact,,,0,,,0,0,0,,,,,,0
9,3,45,value,exact,,,0,,,0,0,0,,,,,,0
9,3,46,value,exact,,,0,,,0,0,0,,,,,,0
9,3,47,value,exact,,,0,,,0,0,0,,,,,,0
9,3,48,value,exact,,,0,,,0,0,0,,,,,,0
9,3,49,value,exact,,,0,,,0,0,0,,,,,,0
9,3,50,value,exact,,,0,,,0,0,0,,,,,,0
9,4,2,value,exact,,,0,,,0,0,0,,,,,,0
9,4,3,value,exact,,,0,,,0,0,0,,,,,,0
9,4,4,value,exact,,,0.0004654169360051713,,,0,0.0004654169360051713,0.0004654169360051713,,,1,,,0.0004654169360051713
9,4,5,value,exact,,,0.005837373161746019,,,0,0,0,,,0,,,0
9,4,6,value,exact,,,0.01802814696322886,,,0,0,0,,,0,,,0
9,4,7,value,exact,,,0.03833123941955634,,,0,0,0,,,0,,,0
9,4,8,value,exact,,,0.0693879011014561,,,0,0.0004654169360051713,0.0004654169360051713,,,0.006707465258599738,,,0.0004654169360051713
9,4,9,value,exact,,,0.10927328860941529,,,0,0,0,,,0,,,0
9,4,10,value,exact,,,0.15873968443267022,,,0.06105328746456243,0,0.06105328746456243,,,0.38461262968214044,,,0.11914673561732385
9,4,11,value,exact,,,0.2172348215532631,,,0,0,0,,,0,,,0
9,4,12,value,exact,,,0.2837244412006343,,,0,0.0004654169360051713,0.0004654169360051713,,,0.0016403836554780774,,,0.0004654169360051713
9,4,13,value,exact,,,0.35464472731382457,,,0,0,0,,,0,,,0
9,4,14,value,exact,,,0.4305425618621461,,,0.06105328746456243,0,0.06105328746456243,,,0.1418054633216747,,,0.11914673561732385
9,4,15,value,exact,,,0.5043127520572153,,,0,0,0,,,0,,,0
9,4,16,value,exact,,,0.5726528192382249,,,0,0.0004654169360051713,0.0004654169360051713,,,0.0008127383998987295,,,0.0004654169360051713
9,4,17,value,exact,,,0.635989926164601,,,0,0,0,,,0,,,0
9,4,18,value,exact,,,0.6917234063754171,,,0.06105328746456243,0,0.06105328746456243,,,0.08826257273044646,,,0.11914673561732385
9,4,19,value,exact,,,0.7403776731512488,,,0,0,0,,,0,,,0
9,4,20,value,exact,,,0.7818643303695271,,,0,0.0004654169360051713,0.0004654169360051713,,,0.0005952655952282726,,,0.0004654169360051713
9,4,21,value,exact,,,0.8149990000204943,,,0,0,0,,,0,,,0
9,4,22,value,exact,,,0.8582514465455098,,,0.06105328746456243,0,0.06105328746456243,,,0.07113683024981073,,,0.11914673561732385
9,4,23,value,exact,,,0.8745820724413531,,,0,0,0,,,0,,,0
9,4,24,value,exact,,,0.8978718348637269,,,0,0.0004654169360051713,0.0004654169360051713,,,0.000518355647135105,,,0.0004654169360051713
9,4,25,value,exact,,,0.902134574355285,,,0,0,0,,,0,,,0
9,4,26,value,exact,,,0.9102806830216091,,,0.06105328746456243,0,0.06105328746456243,,,0.0670708371640938,,,0.11914673561732385
9,4,27,value,exact,,,0.9063102376211154,,,0,0,0,,,0,,,0
9,4,28,value,exact,,,0.9021391918197708,,,0,0.0004654169360051713,0.0004654169360051713,,,0.0005159036878403928,,,0.0004654169360051713
9,4,29,value,exact,,,0.8892602766445069,,,0,0,0,,,0,,,0
9,4,30,value,exact,,,0.8721132325801205,,,0.06105328746456243,0,0.06105328746456243,,,0.0700061473484792,,,0.11914673561732385
9,4,31,value,exact,,,0.8927086071679857,,,0,0,0,,,0,,,0
9,4,32,value,exact,,,0.8455937119418645,,,0,0.0004654169360051713,0.0004654169360051713,,,0.0005504025508141069,,,0.0004654169360051713
9,4,33,value,exact,,,0.7839372011783178,,,0,0,0,,,0,,,0
9,4,34,value,exact,,,0.7080686000618525,,,0.12821103041269555,0,0.12821103041269555,,,0.18107148149416008,,,0.4765869424692954
9,4,35,value,exact,,,0.6309498652840874,,,0,0,0,,,0,,,0
9,4,36,value,exact,,,0.5405491934196293,,,0,0.0004654169360051713,0.0004654169360051713,,,0.0008610075487502714,,,0.0004654169360051713
9,4,37,value,exact,,,0.45238015399195136,,,0,0,0,,,0,,,0
9,4,38,value,exact,,,0.3565565261315384,,,0,0,0,,,0,,,0
9,4,39,value,exact,,,0.27783686085911696,,,0,0,0,,,0,,,0
9,4,40,value,exact,,,0.2740584115237214,,,0,0.2740584115237214,0.2740584115237214,,,1,,,0.8470588235294118
9,4,41,value,exact,,,0,,,0,0,0,,,,,,0
9,4,42,value,exact,,,0,,,0,0,0,,,,,,0
9,4,43,value,exact,,,0,,,0,0,0,,,,,,0
9,4,44,value,exact,,,0,,,0,0,0,,,,,,0
9,4,45,value,exact,,,0,,,0,0,0,,,,,,0
9,4,46,value,exact,,,0,,,0,0,0,,,,,,0
9,4,47,value,exact,,,0,,,0,0,0,,,,,,0
9,4,48,value,exact,,,0,,,0,0,0,,,,,,0
9,4,49,value,exact,,,0,,,0,0,0,,,,,,0
9,4,50,value,exact,,,0,,,0,0,0,,,,,,0
9,5,2,value,exact,,,0,,,0,0,0,,,,,,0
9,5,3,value,exact,,,0,,,0,0,0,,,,,,0
9,5,4,value,exact,,,0,,,0,0,0,,,,,,0
9,5,5,value,exact,,,0,,,0,0,0,,,,,,0
9,5,6,value,exact,,,0.0001702319011999591,,,0,0,0,,,0,,,0
9,5,7,value,exact,,,0.0011313842602953992,,,0,0,0,,,0,,,0
9,5,8,value,exact,,,0.0033273783951261234,,,0,0,0,,,0,,,0
9,5,9,value,exact,,,0.008103809995304799,,,0,0,0,,,0,,,0
9,5,10,value,exact,,,0.015608671678759288,,,0,0,0,,,0,,,0
9,5,11,value,exact,,,0.027366784600282995,,,0,0,0,,,0,,,0
9,5,12,value,exact,,,0.04364822096334313,,,0,0,0,,,0,,,0
9,5,13,value,exact,,,0.06590069776770544,,,0,0,0,,,0,,,0
9,5,14,value,exact,,,0.09362348050817333,,,0,0,0,,,0,,,0
9,5,15,value,exact,,,0.12850137183923982,,,0.024768744886283115,0,0.024768744886283115,,,0.192750820724854,,,0.049644473173884936
9,5,16,value,exact,,,0.16986029587760013,,,0,0,0,,,0,,,0
9,5,17,value,exact,,,0.21621916963158733,,,0,0,0,,,0,,,0
9,5,18,value,exact,,,0.2673675750162663,,,0,0,0,,,0,,,0
9,5,19,value,exact,,,0.3213537792674757,,,0,0,0,,,0,,,0
9,5,20,value,exact,,,0.37695852387260126,,,0.024768744886283115,0,0.024768744886283115,,,0.06570681737562746,,,0.049644473173884936
9,5,21,value,exact,,,0.4335852252443644,,,0,0,0,,,0,,,0
9,5,22,value,exact,,,0.48893859256051125,,,0,0,0,,,0,,,0
9,5,23,value,exact,,,0.5451422495989073,,,0,0,0,,,0,,,0
9,5,24,value,exact,,,0.5984049111904584,,,0,0,0,,,0,,,0
9,5,25,value,exact,,,0.6495585994241923,,,0.024768744886283115,0,0.024768744886283115,,,0.0381316557247331,,,0.049644473173884936
9,5,26,value,exact,,,0.6927978665509275,,,0,0,0,,,0,,,0
9,5,27,value,exact,,,0.7332479720312337,,,0,0,0,,,0,,,0
9,5,28,value,exact,,,0.7668677439989406,,,0,0,0,,,0,,,0
9,5,29,value,exact,,,0.7953276912998304,,,0,0,0,,,0,,,0
9,5,30,value,exact,,,0.8184979084690681,,,0.024768744886283115,0,0.024768744886283115,,,0.030261219521759048,,,0.049644473173884936
9,5,31,value,exact,,,0.8361179615943723,,,0,0,0,,,0,,,0
9,5,32,value,exact,,,0.8642809060124182,,,0,0,0,,,0,,,0
9,5,33,value,exact,,,0.8667676982102623,,,0,0,0,,,0,,,0
9,5,34,value,exact,,,0.875869728573652,,,0,0,0,,,0,,,0
9,5,35,value,exact,,,0.865257173038639,,,0.024768744886283115,0,0.024768744886283115,,,0.028625876396146374,,,0.049644473173884936
9,5,36,value,exact,,,0.8559210990891897,,,0,0,0,,,0,,,0
9,5,37,value,exact,,,0.8332818196658867,,,0,0,0,,,0,,,0
9,5,38,value,exact,,,0.8067931132914536,,,0,0,0,,,0,,,0
9,5,39,value,exact,,,0.7707744005463981,,,0,0,0,,,0,,,0
9,5,40,value,exact,,,0.7276657281881203,,,0.05607175759431296,0,0.05607175759431296,,,0.07705702690427792,,,0.19857789269553974
9,5,41,value,exact,,,0.701434141849879,,,0,0,0,,,0,,,0
9,5,42,value,exact,,,0.6279649077048,,,0,0,0,,,0,,,0
9,5,43,value,exact,,,0.547086540275853,,,0,0,0,,,0,,,0
9,5,44,value,exact,,,0.4617328712534676,,,0,0,0,,,0,,,0
9,5,45,value,exact,,,0.3845020170013368,,,0,0,0,,,0,,,0
9,5,46,value,exact,,,0.305034794339904,,,0,0,0,,,0,,,0
9,5,47,value,exact,,,0.23592536102956738,,,0,0,0,,,0,,,0
9,5,48,value,exact,,,0.16893469049316032,,,0,0,0,,,0,,,0
9,5,49,value,exact,,,0.11929267880728946,,,0,0,0,,,0,,,0
9,5,50,value,exact,,,0.08756442447469275,,,0,0.08756442447469275,0.08756442447469275,,,1,,,0.21176470588235294
9,any_2_to_5,2,value,exact,,,0.13388493859082096,,,0,0.13388493859082096,0.13388493859082096,,,1,,,0.16289592760180996
9,any_2_to_5,3,value,exact,,,0.2889625050902735,,,0.28099250915053275,0.013807369101486748,0.2889625050902735,,,1,,,0.4495927601809955
9,any_2_to_5,4,value,exact,,,0.4153445194409443,,,0,0.13432771614302877,0.13432771614302877,,,0.32341275701394717,,,0.16336134453781512
9,any_2_to_5,5,value,exact,,,0.5404810121586527,,,0.28099250915053275,0,0.28099250915053275,,,0.5198933964918832,,,0.4343891402714932
9,any_2_to_5,6,value,exact,,,0.6375605664401441,,,0.13620490735253754,0.1467254876048477,0.2533088579810025,,,0.39730948134914773,,,0.4213574660633484
9,any_2_to_5,7,value,exact,,,0.7323675693083105,,,0.28099250915053275,0,0.28099250915053275,,,0.3836768870253472,,,0.4343891402714932
9,any_2_to_5,8,value,exact,,,0.8050872488234408,,,0,0.13432771614302877,0.13432771614302877,,,0.1668486444659707,,,0.16336134453781512
9,any_2_to_5,9,value,exact,,,0.8620314038684829,,,0.3561441290385079,0.013807369101486748,0.3662460106145147,,,0.424863884274907,,,0.6928506787330316
9,any_2_to_5,10,value,exact,,,0.9086047054104952,,,0.06105328746456243,0.13388493859082096,0.1911786031892687,,,0.2104089952988927,,,0.2820426632191338
9,any_2_to_5,11,value,exact,,,0.9508797628882517,,,0.28099250915053275,0,0.28099250915053275,,,0.2955079286754736,,,0.4343891402714932
9,any_2_to_5,12,value,exact,,,0.9596480115629051,,,0.13620490735253754,0.147167231201622,0.2702545155774736,,,0.28161837707278814,,,0.4218228829993536
9,any_2_to_5,13,value,exact,,,0.9631280772337528,,,0.28099250915053275,0,0.28099250915053275,,,0.2917498885066097,,,0.4343891402714932
9,any_2_to_5,14,value,exact,,,0.969549039413544,,,0.06105328746456243,0.13388493859082096,0.1911786031892687,,,0.1971830154201461,,,0.2820426632191338
9,any_2_to_5,15,value,exact,,,0.970700164503288,,,0.4063736883457186,0.013807369101486748,0.4157864533029141,,,0.4283366465850699,,,0.7424951519069166
9,any_2_to_5,16,value,exact,,,0.9763634395750628,,,0,0.13432771614302877,0.13432771614302877,,,0.13757962526893824,,,0.16336134453781512
9,any_2_to_5,17,value,exact,,,0.9750773240472321,,,0.28099250915053275,0,0.28099250915053275,,,0.28817459110239924,,,0.4343891402714932
9,any_2_to_5,18,value,exact,,,0.9801033226989585,,,0.17248944993081686,0.1467254876048477,0.3029376369943383,,,0.3090874502497595,,,0.5405042016806723
9,any_2_to_5,19,value,exact,,,0.9771643973374398,,,0.5261849974588724,0,0.5261849974588724,,,0.5384815481331615,,,1.737556561085973
9,any_2_to_5,20,value,exact,,,0.9999587363716438,,,0.024768744886283115,0.843022520277785,0.8546848069490502,,,0.8547200758006067,,,3.3080284421460893
9,any_2_to_5,21,value,exact,,,0.9762099466621423,,,0.13620490735253754,0.013807369101486748,0.14779284708326446,,,0.15139453105205275,,,0.25846153846153846
9,any_2_to_5,22,value,exact,,,0.9793131187254276,,,0.06105328746456243,0,0.06105328746456243,,,0.062342969063891494,,,0.11914673561732385
9,any_2_to_5,23,value,exact,,,0.9765830567103898,,,0,0,0,,,0,,,0
9,any_2_to_5,24,value,exact,,,0.9797945353335243,,,0.13620490735253754,0.014271745558680314,0.14824329395369282,,,0.1513003886097716,,,0.2589269553975436
9,any_2_to_5,25,value,exact,,,0.9758769282086472,,,0.024768744886283115,0,0.024768744886283115,,,0.025381012882177124,,,0.049644473173884936
9,any_2_to_5,26,value,exact,,,0.9790905040978503,,,0.06105328746456243,0,0.06105328746456243,,,0.06235714390961018,,,0.11914673561732385
9,any_2_to_5,27,value,exact,,,0.9750310298071087,,,0.2687740642662556,0.013807369101486748,0.2773477183968559,,,0.28445014560380083,,,0.9882352941176471
9,any_2_to_5,28,value,exact,,,0.976608786000961,,,0,0.0004654169360051713,0.0004654169360051713,,,0.0004765643548129141,,,0.0004654169360051713
9,any_2_to_5,29,value,exact,,,0.9718447129406481,,,0,0,0,,,0,,,0
9,any_2_to_5,30,value,exact,,,0.9930472324649829,,,0.07702121244919308,0.5705360319606388,0.6276532522274483,,,0.6320477331873343,,,2.2972979961215256
9,any_2_to_5,31,value,exact,,,0.9666975642847657,,,0,0,0,,,0,,,0
9,any_2_to_5,32,value,exact,,,0.9643774509215005,,,0,0.0004654169360051713,0.0004654169360051713,,,0.0004826086876673103,,,0.0004654169360051713
9,any_2_to_5,33,value,exact,,,0.9520535599786838,,,0,0,0,,,0,,,0
9,any_2_to_5,34,value,exact,,,0.9434406035820848,,,0.12821103041269555,0,0.12821103041269555,,,0.13589729965606726,,,0.4765869424692954
9,any_2_to_5,35,value,exact,,,0.9241557245605785,,,0.024768744886283115,0,0.024768744886283115,,,0.026801484022684882,,,0.049644473173884936
9,any_2_to_5,36,value,exact,,,0.9058265410923625,,,0,0.0004654169360051713,0.0004654169360051713,,,0.0005138035980309338,,,0.0004654169360051713
9,any_2_to_5,37,value,exact,,,0.8771030319193784,,,0,0,0,,,0,,,0
9,any_2_to_5,38,value,exact,,,0.845868372254616,,,0,0,0,,,0,,,0
9,any_2_to_5,39,value,exact,,,0.8040636188103131,,,0,0,0,,,0,,,0
9,any_2_to_5,40,value,exact,,,0.7928230924541531,,,0.05607175759431296,0.2740584115237214,0.3265335785181244,,,0.41186184109162666,,,1.0456367162249516
9,any_2_to_5,41,value,exact,,,0.701434141849879,,,0,0,0,,,0,,,0
9,any_2_to_5,42,value,exact,,,0.6279649077048,,,0,0,0,,,0,,,0
9,any_2_to_5,43,value,exact,,,0.547086540275853,,,0,0,0,,,0,,,0
9,any_2_to_5,44,value,exact,,,0.4617328712534676,,,0,0,0,,,0,,,0
9,any_2_to_5,45,value,exact,,,0.3845020170013368,,,0,0,0,,,0,,,0
9,any_2_to_5,46,value,exact,,,0.305034794339904,,,0,0,0,,,0,,,0
9,any_2_to_5,47,value,exact,,,0.23592536102956738,,,0,0,0,,,0,,,0
9,any_2_to_5,48,value,exact,,,0.16893469049316032,,,0,0,0,,,0,,,0
9,any_2_to_5,49,value,exact,,,0.11929267880728946,,,0,0,0,,,0,,,0
9,any_2_to_5,50,value,exact,,,0.08756442447469275,,,0,0.08756442447469275,0.08756442447469275,,,1,,,0.21176470588235294
10,2,2,rank,monte_carlo,100000,20260925,0.16250808015513898,16316,16316,0,0.16316,0.16316,0.1608826904284648,0.1654631886682438,1,0.9997646055584263,0.9999999999999999,0.20437
10,2,3,rank,monte_carlo,100000,20260925,0.3299520363186903,32928,32928,0.32928,0,0.32928,0.32637381534199733,0.3321993009131687,1,0.9998833469428565,0.9999999999999998,0.54202
10,2,4,rank,monte_carlo,100000,20260925,0.45053550796649794,45215,16322,0,0.16322,0.16322,0.1609423492012932,0.1655235252856725,0.36098639831914187,0.3565713219894549,0.3654250946547079,0.20435
10,2,5,rank,monte_carlo,100000,20260925,0.5708873917261298,57087,32963,0.32963,0,0.32963,0.32672301480581345,0.3325500745591855,0.5774169250442307,0.5733596730294429,0.5814637584051358,0.54191
10,2,6,rank,monte_carlo,100000,20260925,0.6574384683211313,65717,16180,0,0.1618,0.1618,0.15953045465924892,0.1640955289249657,0.2462072218756182,0.242928347355221,0.2495157664462675,0.20295
10,2,7,rank,monte_carlo,100000,20260925,0.7405192163479507,74066,33078,0.33078,0,0.33078,0.3278703973298803,0.3337026036817129,0.44660167958307456,0.4430241888882905,0.4501847092390144,0.5458
10,2,8,rank,monte_carlo,100000,20260925,0.8000696160754677,79924,16503,0,0.16503,0.16503,0.1627421072397024,0.16734362818668547,0.20648365947650268,0.20369147201501556,0.2093040616964815,0.20593
10,2,9,rank,monte_carlo,100000,20260925,0.8544852187337549,85580,32803,0.32803,0,0.32803,0.32512668933843025,0.3309465229530464,0.38330217340500117,0.38005003785178937,0.38656478538372196,0.54137
10,2,10,rank,monte_carlo,100000,20260925,0.8932310200976418,89369,16093,0,0.16093,0.16093,0.1586654515392562,0.16322059888623064,0.1800736273204355,0.17756812336909272,0.18260663468626714,0.20251
10,2,11,rank,monte_carlo,100000,20260925,0.9582534247220008,95886,32794,0.32794,0,0.32794,0.3250368971681553,0.3308563220379357,0.34201030390255094,0.3390140168142025,0.3450192499588651,0.54143
10,2,12,rank,monte_carlo,100000,20260925,0.9385123272586241,93630,16380,0,0.1638,0.1638,0.16151905636174566,0.1661067735643719,0.174943928228132,0.1725237310272953,0.17739079816574815,0.20589
10,2,13,rank,monte_carlo,100000,20260925,0.9147748471651834,91663,33025,0.33025,0,0.33025,0.3273416011974905,0.3331714405334983,0.3602871387582776,0.3571850896452357,0.36340089812375925,0.54351
10,2,14,rank,monte_carlo,100000,20260925,0.8812175606138232,88148,16344,0,0.16344,0.16344,0.161161098980043,0.16574475860453203,0.1854154376730045,0.18286355496239823,0.18799473916540135,0.2044
10,2,15,rank,monte_carlo,100000,20260925,0.8434815865281905,84107,33101,0.33101,0,0.33101,0.3280998761972856,0.3339331071436264,0.3935582056190329,0.39026142802853236,0.3968647062556834,0.545
10,2,16,rank,monte_carlo,100000,20260925,0.79059094512562,79075,16282,0,0.16282,0.16282,0.16054462613876203,0.16512127907982305,0.2059057856465381,0.20310167799166332,0.20873846712245028,0.20332
10,2,17,rank,monte_carlo,100000,20260925,0.7341047412125896,73461,33014,0.33014,0,0.33014,0.3272318515809338,0.3330611986012504,0.4494085296960292,0.44581408101406456,0.4530082694039618,0.54366
10,2,18,rank,monte_carlo,100000,20260925,0.6553143368070015,65558,16316,0,0.16316,0.16316,0.1608826904284648,0.1654631886682438,0.2488788553647152,0.24558390673989944,0.25220323290628155,0.20269
10,2,19,rank,monte_carlo,100000,20260925,0.574565094313111,57337,33261,0.33261,0,0.33261,0.3296962726723582,0.3355365877420761,0.5800966217276802,0.5760515540841566,0.5841309570842876,0.54811
10,2,20,rank,monte_carlo,100000,20260925,0.8887182907233249,88890,79750,0.63568,0.54003,0.7975,0.7949978215540747,0.7999793218039861,0.8971762852964338,0.8951623797105218,0.8991558624656605,2.44338
10,2,21,rank,monte_carlo,100000,20260925,0,0,0,0,0,0,0,0.000038414524267635735,,,,0
10,2,22,rank,monte_carlo,100000,20260925,0,0,0,0,0,0,0,0.000038414524267635735,,,,0
10,2,23,rank,monte_carlo,100000,20260925,0,0,0,0,0,0,0,0.000038414524267635735,,,,0
10,2,24,rank,monte_carlo,100000,20260925,0,0,0,0,0,0,0,0.000038414524267635735,,,,0
10,2,25,rank,monte_carlo,100000,20260925,0,0,0,0,0,0,0,0.000038414524267635735,,,,0
10,2,26,rank,monte_carlo,100000,20260925,0,0,0,0,0,0,0,0.000038414524267635735,,,,0
10,2,27,rank,monte_carlo,100000,20260925,0,0,0,0,0,0,0,0.000038414524267635735,,,,0
10,2,28,rank,monte_carlo,100000,20260925,0,0,0,0,0,0,0,0.000038414524267635735,,,,0
10,2,29,rank,monte_carlo,100000,20260925,0,0,0,0,0,0,0,0.000038414524267635735,,,,0
10,2,30,rank,monte_carlo,100000,20260925,0,0,0,0,0,0,0,0.000038414524267635735,,,,0
10,2,31,rank,monte_carlo,100000,20260925,0,0,0,0,0,0,0,0.000038414524267635735,,,,0
10,2,32,rank,monte_carlo,100000,20260925,0,0,0,0,0,0,0,0.000038414524267635735,,,,0
10,2,33,rank,monte_carlo,100000,20260925,0,0,0,0,0,0,0,0.000038414524267635735,,,,0
10,2,34,rank,monte_carlo,100000,20260925,0,0,0,0,0,0,0,0.000038414524267635735,,,,0
10,2,35,rank,monte_carlo,100000,20260925,0,0,0,0,0,0,0,0.000038414524267635735,,,,0
10,2,36,rank,monte_carlo,100000,20260925,0,0,0,0,0,0,0,0.000038414524267635735,,,,0
10,2,37,rank,monte_carlo,100000,20260925,0,0,0,0,0,0,0,0.000038414524267635735,,,,0
10,2,38,rank,monte_carlo,100000,20260925,0,0,0,0,0,0,0,0.000038414524267635735,,,,0
10,2,39,rank,monte_carlo,100000,20260925,0,0,0,0,0,0,0,0.000038414524267635735,,,,0
10,2,40,rank,monte_carlo,100000,20260925,0,0,0,0,0,0,0,0.000038414524267635735,,,,0
10,2,41,rank,monte_carlo,100000,20260925,0,0,0,0,0,0,0,0.000038414524267635735,,,,0
10,2,42,rank,monte_carlo,100000,20260925,0,0,0,0,0,0,0,0.000038414524267635735,,,,0
10,2,43,rank,monte_carlo,100000,20260925,0,0,0,0,0,0,0,0.000038414524267635735,,,,0
10,2,44,rank,monte_carlo,100000,20260925,0,0,0,0,0,0,0,0.000038414524267635735,,,,0
10,2,45,rank,monte_carlo,100000,20260925,0,0,0,0,0,0,0,0.000038414524267635735,,,,0
10,2,46,rank,monte_carlo,100000,20260925,0,0,0,0,0,0,0,0.000038414524267635735,,,,0
10,2,47,rank,monte_carlo,100000,20260925,0,0,0,0,0,0,0,0.000038414524267635735,,,,0
10,2,48,rank,monte_carlo,100000,20260925,0,0,0,0,0,0,0,0.000038414524267635735,,,,0
10,2,49,rank,monte_carlo,100000,20260925,0,0,0,0,0,0,0,0.000038414524267635735,,,,0
10,2,50,rank,monte_carlo,100000,20260925,0,0,0,0,0,0,0,0.000038414524267635735,,,,0
10,3,2,rank,monte_carlo,100000,20260925,0,0,0,0,0,0,0,0.000038414524267635735,,,,0
10,3,3,rank,monte_carlo,100000,20260925,0.019392372333548805,1960,1960,0,0.0196,0.0196,0.01875908950540253,0.020477819169513817,1,0.998043834085193,1,0.02161
10,3,4,rank,monte_carlo,100000,20260925,0.08515440047790268,8378,0,0,0,0,0,0.000038414524267635735,0,0,0.0004583240990858142,0
10,3,5,rank,monte_carlo,100000,20260925,0.16160101542499408,16302,0,0,0,0,0,0.000038414524267635735,0,0,0.00023559654841734753,0
10,3,6,rank,monte_carlo,100000,20260925,0.25749820097304504,25909,19268,0.17725,0.0195,0.19268,0.19024728344679265,0.1951363276564032,0.7436798023852715,0.7383275785483651,0.7489597747614317,0.36965
10,3,7,rank,monte_carlo,100000,20260925,0.3601602435473389,36022,0,0,0,0,0,0.000038414524267635735,0,0,0.00010663456644965653,0
10,3,8,rank,monte_carlo,100000,20260925,0.463022322477835,46293,0,0,0,0,0,0.000038414524267635735,0,0,0.00008297758264356416,0
10,3,9,rank,monte_carlo,100000,20260925,0.5583310335791635,55835,19198,0.17657,0.01942,0.19198,0.1895506969762167,0.19443296790731315,0.34383451240261487,0.3399054858862913,0.3477850266618774,0.37031
10,3,10,rank,monte_carlo,100000,20260925,0.6524899348099734,65253,0,0,0,0,0,0.000038414524267635735,0,0,0.00005886892325478406,0
10,3,11,rank,monte_carlo,100000,20260925,0.7329537412048286,73208,0,0,0,0,0,0.000038414524267635735,0,0,0.00005247238583327755,0
10,3,12,rank,monte_carlo,100000,20260925,0.8079683727563851,80860,19079,0.17533,0.01925,0.19079,0.18836652852207242,0.19323722778802516,0.23595102646549593,0.23303703101142714,0.23889011027838264,0.36651
10,3,13,rank,monte_carlo,100000,20260925,0.8537989810991579,85343,0,0,0,0,0,0.000038414524267635735,0,0,0.000045011624659816345,0
10,3,14,rank,monte_carlo,100000,20260925,0.8940682666034503,89628,0,0,0,0,0,0.000038414524267635735,0,0,0.00004285976870969479,0
10,3,15,rank,monte_carlo,100000,20260925,0.9138415923360704,91515,18951,0.17433,0.0195,0.18951,0.1870928414914038,0.19195101315987592,0.2070808064251762,0.20446773535483095,0.20971846868033908,0.36737
10,3,16,rank,monte_carlo,100000,20260925,0.9324400217637594,93368,0,0,0,0,0,0.000038414524267635735,0,0,0.000041143024858149524,0
10,3,17,rank,monte_carlo,100000,20260925,0.9401890839835895,94041,0,0,0,0,0,0.000038414524267635735,0,0,0.00004084859876035986,0
10,3,18,rank,monte_carlo,100000,20260925,0.946379416478542,94586,19018,0.17449,0.01977,0.19018,0.18775953180745547,0.1926242713683617,0.2010656968261688,0.19852358838725537,0.20363208664666926,0.36692
10,3,19,rank,monte_carlo,100000,20260925,0.9464535731286005,94601,0,0,0,0,0,0.000038414524267635735,0,0,0.00004060680124853145,0
10,3,20,rank,monte_carlo,100000,20260925,0.9428767799952205,94333,0,0,0,0,0,0.000038414524267635735,0,0,0.0000407221604501968,0
10,3,21,rank,monte_carlo,100000,20260925,0.9734386951526425,97328,19207,0.17677,0.01934,0.19207,0.18964025739883658,0.19452340057007886,0.19734300509616964,0.19485455107995547,0.19985535030960172,0.37089
10,3,22,rank,monte_carlo,100000,20260925,0.9558437920014765,95448,0,0,0,0,0,0.000038414524267635735,0,0,0.000040246473358770686,0
10,3,23,rank,monte_carlo,100000,20260925,0.9277046836278484,92884,0,0,0,0,0,0.000038414524267635735,0,0,0.000041357404088932993,0
10,3,24,rank,monte_carlo,100000,20260925,0.8875175044453882,88750,19197,0.17687,0.01923,0.19197,0.1895407458308255,0.19442291982099483,0.2163042253521127,0.21360772805444378,0.21902528148956224,0.36863
10,3,25,rank,monte_carlo,100000,20260925,0.8386193951098768,83673,0,0,0,0,0,0.000038414524267635735,0,0,0.000045909954612818464,0
10,3,26,rank,monte_carlo,100000,20260925,0.7730664102611595,77362,0,0,0,0,0,0.000038414524267635735,0,0,0.000049654988823904935,0
10,3,27,rank,monte_carlo,100000,20260925,0.6950666787285108,69638,19370,0.17883,0.01861,0.1937,0.19126233158580647,0.1961612011517599,0.27815273270340907,0.2748369328218862,0.2814930077694608,0.3713
10,3,28,rank,monte_carlo,100000,20260925,0.5990563764130571,59988,0,0,0,0,0,0.000038414524267635735,0,0,0.0000640353737698894,0
10,3,29,rank,monte_carlo,100000,20260925,0.5077186934926197,50608,17833,0.17833,0,0.17833,0.17596981135375342,0.18071490224628892,0.3523751185583307,0.34822438240882847,0.3565482651053453,0.34964
10,3,30,rank,monte_carlo,100000,20260925,0.6591838254467602,65943,31917,0.264,0.07689,0.31917,0.3162877348393611,0.3220661581574855,0.4840089167917747,0.48019561844330655,0.48782407819672174,0.78343
10,3,31,rank,monte_carlo,100000,20260925,0,0,0,0,0,0,0,0.000038414524267635735,,,,0
10,3,32,rank,monte_carlo,100000,20260925,0,0,0,0,0,0,0,0.000038414524267635735,,,,0
10,3,33,rank,monte_carlo,100000,20260925,0,0,0,0,0,0,0,0.000038414524267635735,,,,0
10,3,34,rank,monte_carlo,100000,20260925,0,0,0,0,0,0,0,0.000038414524267635735,,,,0
10,3,35,rank,monte_carlo,100000,20260925,0,0,0,0,0,0,0,0.000038414524267635735,,,,0
10,3,36,rank,monte_carlo,100000,20260925,0,0,0,0,0,0,0,0.000038414524267635735,,,,0
10,3,37,rank,monte_carlo,100000,20260925,0,0,0,0,0,0,0,0.000038414524267635735,,,,0
10,3,38,rank,monte_carlo,100000,20260925,0,0,0,0,0,0,0,0.000038414524267635735,,,,0
10,3,39,rank,monte_carlo,100000,20260925,0,0,0,0,0,0,0,0.000038414524267635735,,,,0
10,3,40,rank,monte_carlo,100000,20260925,0,0,0,0,0,0,0,0.000038414524267635735,,,,0
10,3,41,rank,monte_carlo,100000,20260925,0,0,0,0,0,0,0,0.000038414524267635735,,,,0
10,3,42,rank,monte_carlo,100000,20260925,0,0,0,0,0,0,0,0.000038414524267635735,,,,0
10,3,43,rank,monte_carlo,100000,20260925,0,0,0,0,0,0,0,0.000038414524267635735,,,,0
10,3,44,rank,monte_carlo,100000,20260925,0,0,0,0,0,0,0,0.000038414524267635735,,,,0
10,3,45,rank,monte_carlo,100000,20260925,0,0,0,0,0,0,0,0.000038414524267635735,,,,0
10,3,46,rank,monte_carlo,100000,20260925,0,0,0,0,0,0,0,0.000038414524267635735,,,,0
10,3,47,rank,monte_carlo,100000,20260925,0,0,0,0,0,0,0,0.000038414524267635735,,,,0
10,3,48,rank,monte_carlo,100000,20260925,0,0,0,0,0,0,0,0.000038414524267635735,,,,0
10,3,49,rank,monte_carlo,100000,20260925,0,0,0,0,0,0,0,0.000038414524267635735,,,,0
10,3,50,rank,monte_carlo,100000,20260925,0,0,0,0,0,0,0,0.000038414524267635735,,,,0
10,4,2,rank,monte_carlo,100000,20260925,0,0,0,0,0,0,0,0.000038414524267635735,,,,0
10,4,3,rank,monte_carlo,100000,20260925,0,0,0,0,0,0,0,0.000038414524267635735,,,,0
10,4,4,rank,monte_carlo,100000,20260925,0.0007756948933419521,67,67,0,0.00067,0.00067,0.000527662429996423,0.0008507006188086943,1,0.9457719757882374,0.9999999999999999,0.00067
10,4,5,rank,monte_carlo,100000,20260925,0.009257032351117349,984,0,0,0,0,0,0.000038414524267635735,0,0,0.0038888825900832685,0
10,4,6,rank,monte_carlo,100000,20260925,0.028149997231799433,2802,0,0,0,0,0,0.000038414524267635735,0,1.0842021724855044e-19,0.0013691435753180078,0
10,4,7,rank,monte_carlo,100000,20260925,0.05806952222226117,5838,0,0,0,0,0,0.000038414524267635735,0,0,0.0006576008497046548,0
10,4,8,rank,monte_carlo,100000,20260925,0.10292439577567221,10141,71,0,0.00071,0.00071,0.0005629788464260658,0.00089538112921711,0.007001281924859481,0.005554719464331617,0.00882121716931676,0.00071
10,4,9,rank,monte_carlo,100000,20260925,0.15824469755457807,15877,0,0,0,0,0,0.000038414524267635735,0,0,0.00024190153751045532,0
10,4,10,rank,monte_carlo,100000,20260925,0.22396246925594152,22405,8974,0.08974,0,0.08974,0.08798426189307475,0.09152725799237736,0.40053559473331846,0.3941368558467529,0.4069684364500163,0.20198
10,4,11,rank,monte_carlo,100000,20260925,0.2985595590952894,29698,0,0,0,0,0,0.000038414524267635735,0,0,0.00012933878147138188,0
10,4,12,rank,monte_carlo,100000,20260925,0.3793609929125633,38065,77,0,0.00077,0.00077,0.0006161915816645748,0.0009621637842356889,0.002022855641665572,0.001618968097013214,0.002527246848492245,0.00077
10,4,13,rank,monte_carlo,100000,20260925,0.46025049208173713,46175,0,0,0,0,0,0.000038414524267635735,0,0,0.00008318961383388188,0
10,4,14,rank,monte_carlo,100000,20260925,0.5417995983320941,54154,8766,0.08766,0,0.08766,0.08592299064820763,0.08942868904166543,0.1618716992281272,0.15879341739065078,0.16499795024760455,0.19429
10,4,15,rank,monte_carlo,100000,20260925,0.6172042979337486,61809,0,0,0,0,0,0.000038414524267635735,0,0,0.0000621488981991729,0
10,4,16,rank,monte_carlo,100000,20260925,0.6840040267650108,68500,80,0,0.0008,0.0008,0.0006428961474845637,0.000995456913544244,0.0011678832116788322,0.0009385647579932884,0.0014531492856757605,0.0008
10,4,17,rank,monte_carlo,100000,20260925,0.7423257584620816,74248,0,0,0,0,0,0.000038414524267635735,0,0,0.000051737437310915124,0
10,4,18,rank,monte_carlo,100000,20260925,0.7915229492613255,79228,8748,0.08748,0,0.08748,0.08574462520396003,0.08924706831514176,0.11041550966829909,0.10825201520493943,0.1126167825739576,0.19424
10,4,19,rank,monte_carlo,100000,20260925,0.8325620229676235,83318,0,0,0,0,0,0.000038414524267635735,0,0,0.00004610555799333172,0
10,4,20,rank,monte_carlo,100000,20260925,0.8657838557974091,86576,86,0,0.00086,0.00086,0.0006964839675090641,0.0010618644837768313,0.000993346885973018,0.0008044860881529731,0.0012264901385348802,0.00086
10,4,21,rank,monte_carlo,100000,20260925,0.8909686738772894,89241,0,0,0,0,0,0.000038414524267635735,0,0,0.0000430456251714609,0
10,4,22,rank,monte_carlo,100000,20260925,0.9213073571387996,92305,8778,0.08778,0,0.08778,0.08604190217772681,0.0895497682926604,0.09509777368506582,0.09322211679126886,0.09700713206109678,0.1973
10,4,23,rank,monte_carlo,100000,20260925,0.9315359947027945,93197,0,0,0,0,0,0.000038414524267635735,0,3.3881317890172014e-21,0.00004121851191524004,0
10,4,24,rank,monte_carlo,100000,20260925,0.946997255734922,94819,85,0,0.00085,0.00085,0.0006875369022651203,0.0010508123173112605,0.0008964448053660132,0.0007251074506261504,0.001108222969203833,0.00085
10,4,25,rank,monte_carlo,100000,20260925,0.9491665816172815,94919,0,0,0,0,0,0.000038414524267635735,0,0,0.000040470764836437426,0
10,4,26,rank,monte_carlo,100000,20260925,0.9546242580910537,95530,8763,0.08763,0,0.08763,0.08589326291987784,0.08939841907486668,0.09173034648801423,0.08991630971952552,0.09357721787666817,0.19595
10,4,27,rank,monte_carlo,100000,20260925,0.9515848953611779,95168,0,0,0,0,0,0.000038414524267635735,0,0,0.00004036488036184013,0
10,4,28,rank,monte_carlo,100000,20260925,0.949611457674494,94931,76,0,0.00076,0.00076,0.000607304135181018,0.0009510519990097311,0.000800581474966028,0.0006397344766399767,0.0010018293304249312,0.00076
10,4,29,rank,monte_carlo,100000,20260925,0.9407188394304493,94027,0,0,0,0,0,0.000038414524267635735,0,0,0.00004085468059875368,0
10,4,30,rank,monte_carlo,100000,20260925,0.9295973988085335,93051,8862,0.08862,0,0.08862,0.08687431035020375,0.09039729558378272,0.09523809523809523,0.09336865551622443,0.09714095467906063,0.1983
10,4,31,rank,monte_carlo,100000,20260925,0.9464045718129754,94643,0,0,0,0,0,0.000038414524267635735,0,0,0.00004058878178138804,0
10,4,32,rank,monte_carlo,100000,20260925,0.916148530776396,91482,68,0,0.00068,0.00068,0.000536478866863421,0.000861883413651211,0.0007433156249316805,0.0005864345231993885,0.0009421254982673648,0.00068
10,4,33,rank,monte_carlo,100000,20260925,0.8707192876851361,87145,0,0,0,0,0,0.000038414524267635735,0,0,0.00004408090720967196,0
10,4,34,rank,monte_carlo,100000,20260925,0.8096130395178371,81063,9082,0.09082,0,0.09082,0.08905465116166217,0.0926167857484175,0.1120363174321207,0.10988336630382806,0.11422603824956215,0.20046
10,4,35,rank,monte_carlo,100000,20260925,0.7396675052625172,73800,0,0,0,0,0,0.000038414524267635735,0,0,0.000052051491043252135,0
10,4,36,rank,monte_carlo,100000,20260925,0.6526448142188748,65451,77,0,0.00077,0.00077,0.0006161915816645748,0.0009621637842356889,0.0011764526134054483,0.0009414888061977005,0.001469969172183535,0.00077
10,4,37,rank,monte_carlo,100000,20260925,0.5582873184754201,55904,9046,0.09046,0,0.09046,0.08869784621583558,0.09225361835270156,0.1618131081854608,0.15878346718216155,0.1648892249147553,0.19997
10,4,38,rank,monte_carlo,100000,20260925,0.45235397395617893,45128,0,0,0,0,0,0.000038414524267635735,0,0,0.00008511950462929923,0
10,4,39,rank,monte_carlo,100000,20260925,0.3579689353977487,35748,8973,0.08973,0,0.08973,0.08797435124104985,0.09151716941269275,0.2510070493454179,0.24653914888661846,0.2555284592894033,0.19875
10,4,40,rank,monte_carlo,100000,20260925,0.363691180493022,36219,9346,0.09044,0.00326,0.09346,0.09167147646013869,0.09527975762125286,0.25804135950744084,0.25356086287469737,0.26257317780752243,0.2036
10,4,41,rank,monte_carlo,100000,20260925,0,0,0,0,0,0,0,0.000038414524267635735,,,,0
10,4,42,rank,monte_carlo,100000,20260925,0,0,0,0,0,0,0,0.000038414524267635735,,,,0
10,4,43,rank,monte_carlo,100000,20260925,0,0,0,0,0,0,0,0.000038414524267635735,,,,0
10,4,44,rank,monte_carlo,100000,20260925,0,0,0,0,0,0,0,0.000038414524267635735,,,,0
10,4,45,rank,monte_carlo,100000,20260925,0,0,0,0,0,0,0,0.000038414524267635735,,,,0
10,4,46,rank,monte_carlo,100000,20260925,0,0,0,0,0,0,0,0.000038414524267635735,,,,0
10,4,47,rank,monte_carlo,100000,20260925,0,0,0,0,0,0,0,0.000038414524267635735,,,,0
10,4,48,rank,monte_carlo,100000,20260925,0,0,0,0,0,0,0,0.000038414524267635735,,,,0
10,4,49,rank,monte_carlo,100000,20260925,0,0,0,0,0,0,0,0.000038414524267635735,,,,0
10,4,50,rank,monte_carlo,100000,20260925,0,0,0,0,0,0,0,0.000038414524267635735,,,,0
10,5,2,rank,monte_carlo,100000,20260925,0,0,0,0,0,0,0,0.000038414524267635735,,,,0
10,5,3,rank,monte_carlo,100000,20260925,0,0,0,0,0,0,0,0.000038414524267635735,,,,0
10,5,4,rank,monte_carlo,100000,20260925,0,0,0,0,0,0,0,0.000038414524267635735,,,,0
10,5,5,rank,monte_carlo,100000,20260925,0,0,0,0,0,0,0,0.000038414524267635735,,,,0
10,5,6,rank,monte_carlo,100000,20260925,0.0003294849570084919,29,0,0,0,0,0,0.000038414524267635735,0,0,0.11697359446555587,0
10,5,7,rank,monte_carlo,100000,20260925,0.002154881909529719,241,0,0,0,0,0,0.000038414524267635735,0,0,0.01569014415850901,0
10,5,8,rank,monte_carlo,100000,20260925,0.006161695749919655,634,0,0,0,0,0,0.000038414524267635735,0,0,0.006022811933244867,0
10,5,9,rank,monte_carlo,100000,20260925,0.01465355139639603,1494,0,0,0,0,0,0.000038414524267635735,0,0,0.002564757181266697,0
10,5,10,rank,monte_carlo,100000,20260925,0.027684022344688926,2797,0,0,0,0,0,0.000038414524267635735,0,0,0.001371587739913603,0
10,5,11,rank,monte_carlo,100000,20260925,0.04731359254518259,4684,0,0,0,0,0,0.000038414524267635735,0,0,0.000819481613883882,0
10,5,12,rank,monte_carlo,100000,20260925,0.0736587266741871,7327,0,0,0,0,0,0.000038414524267635735,0,0,0.0005240326022049092,0
10,5,13,rank,monte_carlo,100000,20260925,0.10834291061534165,10829,0,0,0,0,0,0.000038414524267635735,0,0,0.0003546253274856341,0
10,5,14,rank,monte_carlo,100000,20260925,0.1497732009161235,14897,0,0,0,0,0,0.000038414524267635735,0,2.710505431213761e-20,0.00025781094136320465,0
10,5,15,rank,monte_carlo,100000,20260925,0.1992091015901112,19882,4145,0.04145,0,0.04145,0.04023206157039657,0.042703168389809275,0.20848003218992053,0.20288998499521016,0.21418271259682936,0.0976
10,5,16,rank,monte_carlo,100000,20260925,0.2550365732625914,25407,0,0,0,0,0,0.000038414524267635735,0,1.3552527156068805e-20,0.00015117956581178326,0
10,5,17,rank,monte_carlo,100000,20260925,0.3148307819720898,31427,0,0,0,0,0,0.000038414524267635735,0,0,0.00012222389870718574,0
10,5,18,rank,monte_carlo,100000,20260925,0.3775302417330939,37749,0,0,0,0,0,0.000038414524267635735,0,0,0.00010175657876836482,0
10,5,19,rank,monte_carlo,100000,20260925,0.44084555402785597,44061,0,0,0,0,0,0.000038414524267635735,0,0,0.00008718061521410301,0
10,5,20,rank,monte_carlo,100000,20260925,0.5033747489420721,50507,4084,0.04084,0,0.04084,0.03963081793524206,0.04208445889068339,0.08086007880095829,0.07851423654100306,0.0832696764001743,0.09536
10,5,21,rank,monte_carlo,100000,20260925,0.5639099933059395,56539,0,0,0,0,0,0.000038414524267635735,0,0,0.00006794140321380666,0
10,5,22,rank,monte_carlo,100000,20260925,0.6205881110844469,62058,0,0,0,0,0,0.000038414524267635735,0,0,0.0000618995489170273,0
10,5,23,rank,monte_carlo,100000,20260925,0.6751539690120651,67535,0,0,0,0,0,0.000038414524267635735,0,0,0.000056879862150315585,0
10,5,24,rank,monte_carlo,100000,20260925,0.7237183539533165,72460,0,0,0,0,0,0.000038414524267635735,0,0,0.000053014026239536264,0
10,5,25,rank,monte_carlo,100000,20260925,0.7682253012378764,76923,4016,0.04016,0,0.04016,0.038960666834665286,0.041394662235013174,0.052208052208052205,0.05065829196064962,0.05380253644283966,0.09549
10,5,26,rank,monte_carlo,100000,20260925,0.8047754414879145,80588,0,0,0,0,0,0.000038414524267635735,0,0,0.000047667355947354344,0
10,5,27,rank,monte_carlo,100000,20260925,0.8369797258123287,83789,0,0,0,0,0,0.000038414524267635735,0,0,0.000045846398411197934,0
10,5,28,rank,monte_carlo,100000,20260925,0.8629220409625896,86415,0,0,0,0,0,0.000038414524267635735,0,0,0.000044453268857517287,0
10,5,29,rank,monte_carlo,100000,20260925,0.8843664377145941,88604,0,0,0,0,0,0.000038414524267635735,0,0,0.000043355079309368935,0
10,5,30,rank,monte_carlo,100000,20260925,0.9010319540458959,90138,4076,0.04076,0,0.04076,0.03955197179120331,0.04200331118104602,0.04521955224211764,0.04388233293581337,0.046595534558742005,0.0977
10,5,31,rank,monte_carlo,100000,20260925,0.9135688318181349,91406,0,0,0,0,0,0.000038414524267635735,0,3.3881317890172014e-21,0.00004202610936369897,0
10,5,32,rank,monte_carlo,100000,20260925,0.9335250549951434,93466,0,0,0,0,0,0.000038414524267635735,0,0,0.00004109988777385496,0
10,5,33,rank,monte_carlo,100000,20260925,0.9346463357057996,93478,0,0,0,0,0,0.000038414524267635735,0,0,0.00004109461189733344,0
10,5,34,rank,monte_carlo,100000,20260925,0.9421470280151063,94307,0,0,0,0,0,0.000038414524267635735,0,0,0.00004073338690257218,0
10,5,35,rank,monte_carlo,100000,20260925,0.935705754564262,93545,4107,0.04107,0,0.04107,0.039857507709356824,0.04231775144588748,0.04390400342081351,0.04260967522849413,0.0452357909413403,0.09698
10,5,36,rank,monte_carlo,100000,20260925,0.9312789088764113,93200,0,0,0,0,0,0.000038414524267635735,0,0,0.00004121718519379141,0
10,5,37,rank,monte_carlo,100000,20260925,0.9165740307570781,91761,0,0,0,0,0,0.000038414524267635735,0,0,0.00004186352782850551,0
10,5,38,rank,monte_carlo,100000,20260925,0.9000709160734774,90007,0,0,0,0,0,0.000038414524267635735,0,0,0.00004267930320073799,0
10,5,39,rank,monte_carlo,100000,20260925,0.8741465102510444,87438,0,0,0,0,0,0.000038414524267635735,0,0,0.000043933200967716116,0
10,5,40,rank,monte_carlo,100000,20260925,0.8423730180610305,84318,4253,0.04253,0,0.04253,0.04129673604547571,0.043798410939357726,0.05044000094878911,0.0489831557460903,0.05193780895921565,0.10108
10,5,41,rank,monte_carlo,100000,20260925,0.8249123147044082,82509,0,0,0,0,0,0.000038414524267635735,0,0,0.000046557601526112024,0
10,5,42,rank,monte_carlo,100000,20260925,0.7661622591371734,76572,0,0,0,0,0,0.000038414524267635735,0,0,0.00005016725797238903,0
10,5,43,rank,monte_carlo,100000,20260925,0.6924716847241338,69338,0,0,0,0,0,0.000038414524267635735,0,0,0.000055400893765705805,0
10,5,44,rank,monte_carlo,100000,20260925,0.6074351082124955,60619,4296,0.04296,0,0.04296,0.041720695868476196,0.04423441807986636,0.07086886949636252,0.06885318394508731,0.07293894214357165,0.1015
10,5,45,rank,monte_carlo,100000,20260925,0.5223002023950125,52076,0,0,0,0,0,0.000038414524267635735,0,6.776263578034403e-21,0.00007376366521053319,0
10,5,46,rank,monte_carlo,100000,20260925,0.4295597413440622,42971,0,0,0,0,0,0.000038414524267635735,0,0,0.00008939183617607563,0
10,5,47,rank,monte_carlo,100000,20260925,0.3407577966400863,33888,4167,0.04167,0,0.04167,0.04044892147508823,0.04292629158272694,0.12296388101983002,0.11951007802440278,0.12650315720799601,0.09946
10,5,48,rank,monte_carlo,100000,20260925,0.25252979442025153,25132,0,0,0,0,0,0.000038414524267635735,0,1.3552527156068805e-20,0.00015283355382061286,0
10,5,49,rank,monte_carlo,100000,20260925,0.18162145316867284,18106,4248,0.04248,0,0.04248,0.04124744064404667,0.04374771018223918,0.23461835855517507,0.22850249832343575,0.24084680840931885,0.1
10,5,50,rank,monte_carlo,100000,20260925,0.1396092580697705,13984,0,0,0,0,0,0.000038414524267635735,0,0,0.00027463851177725665,0
10,any_2_to_5,2,rank,monte_carlo,100000,20260925,0.16250808015513898,16316,16316,0,0.16316,0.16316,0.1608826904284648,0.1654631886682438,1,0.9997646055584263,0.9999999999999999,0.20437
10,any_2_to_5,3,rank,monte_carlo,100000,20260925,0.34008737630112174,33904,33904,0.32928,0.0196,0.33904,0.3361121721021604,0.34198019430149185,1,0.9998867046730572,1,0.56363
10,any_2_to_5,4,rank,monte_carlo,100000,20260925,0.48311004292507964,48330,16383,0,0.16383,0.16383,0.16154888632250033,0.16613694129874576,0.3389819987585351,0.33477465156346153,0.3432149415501138,0.20502
10,any_2_to_5,5,rank,monte_carlo,100000,20260925,0.6137794244160771,61420,32963,0.32963,0,0.32963,0.32672301480581345,0.3325500745591855,0.536681862585477,0.5327360327945119,0.5406231040263931,0.54191
10,any_2_to_5,6,rank,monte_carlo,100000,20260925,0.7125533826774382,71324,31120,0.17725,0.17942,0.3112,0.3083376915375309,0.3140768137868325,0.4363187706802759,0.43268266915192616,0.4399617317407541,0.5726
10,any_2_to_5,7,rank,monte_carlo,100000,20260925,0.8009582710992841,80155,33078,0.33078,0,0.33078,0.3278703973298803,0.3337026036817129,0.41267544133241846,0.4092714341712136,0.41608781852537235,0.5458
10,any_2_to_5,8,rank,monte_carlo,100000,20260925,0.8657233399608537,86527,16568,0,0.16568,0.16568,0.16338845347294387,0.16799723201456243,0.19147780461590025,0.18886980932874478,0.19411319404007946,0.20664
10,any_2_to_5,9,rank,monte_carlo,100000,20260925,0.9111883737684948,91215,42983,0.41694,0.01942,0.42983,0.4267643911639433,0.4329009999303924,0.4712273200679713,0.4679891393942148,0.47446792421313533,0.91168
10,any_2_to_5,10,rank,monte_carlo,100000,20260925,0.9464672473175265,94644,24316,0.08974,0.16093,0.24316,0.2405109858463734,0.24582874692645237,0.25692067114661254,0.2541468493449574,0.2597142253274523,0.40449
10,any_2_to_5,11,rank,monte_carlo,100000,20260925,0.9727640982081884,97328,32794,0.32794,0,0.32794,0.3250368971681553,0.3308563220379357,0.3369431201709683,0.3339800560103399,0.3399190557475537,0.54143
10,any_2_to_5,12,rank,monte_carlo,100000,20260925,0.9790945189842446,97863,33482,0.17533,0.18192,0.33482,0.3319013576463029,0.3377513329759342,0.3421313468828873,0.3391651573997454,0.34510993010854507,0.57317
10,any_2_to_5,13,rank,monte_carlo,100000,20260925,0.9809644157422156,98140,33025,0.33025,0,0.33025,0.3273416011974905,0.3331714405334983,0.33650906867739966,0.3335592161815532,0.3394717200763974,0.54351
10,any_2_to_5,14,rank,monte_carlo,100000,20260925,0.985296240336603,98530,24345,0.08766,0.16344,0.24345,0.24079989946086242,0.24611981103153932,0.2470821069724957,0.24439881646710415,0.24978511881143267,0.39869
10,any_2_to_5,15,rank,monte_carlo,100000,20260925,0.9858067429684377,98611,49526,0.48399,0.0195,0.49526,0.49216134875310574,0.4983590154165843,0.5022360588575311,0.49911528201726746,0.5053566614837806,1.00997
10,any_2_to_5,16,rank,monte_carlo,100000,20260925,0.9895407505261076,98980,16356,0,0.16356,0.16356,0.16128041766650217,0.16586543069858703,0.16524550414225095,0.16294470057511729,0.16757229160434162,0.20412
10,any_2_to_5,17,rank,monte_carlo,100000,20260925,0.9882526877699053,98806,33014,0.33014,0,0.33014,0.3272318515809338,0.3330611986012504,0.3341295063052851,0.331194858371141,0.33707705190383713,0.54366
10,any_2_to_5,18,rank,monte_carlo,100000,20260925,0.9917367410958363,99137,37380,0.22181,0.18122,0.3738,0.37080620689521937,0.3768034889307058,0.3770539758112511,0.37404186506201553,0.3800756146104589,0.76385
10,any_2_to_5,19,rank,monte_carlo,100000,20260925,0.9895662193872419,98955,33261,0.33261,0,0.33261,0.3296962726723582,0.3355365877420761,0.3361224799151129,0.33318562289286885,0.3390720604468683,0.54811
10,any_2_to_5,20,rank,monte_carlo,100000,20260925,0.9999950289583058,100000,81741,0.66124,0.54066,0.81741,0.8150033234606797,0.8197922902310246,0.81741,0.8150033234606797,0.8197922902310246,2.5396
10,any_2_to_5,21,rank,monte_carlo,100000,20260925,0.9890624498677285,98899,19207,0.17677,0.01934,0.19207,0.18964025739883658,0.19452340057007886,0.19420823264138162,0.19175462756613623,0.19668559294214896,0.37089
10,any_2_to_5,22,rank,monte_carlo,100000,20260925,0.9912862211787435,99145,8778,0.08778,0,0.08778,0.08604190217772681,0.0895497682926604,0.08853699127540471,0.0867846098888473,0.09032125757899813,0.1973
10,any_2_to_5,23,rank,monte_carlo,100000,20260925,0.9892795831636217,98936,0,0,0,0,0,0.000038414524267635735,0,0,0.00003882763442790877,0
10,any_2_to_5,24,rank,monte_carlo,100000,20260925,0.9916367963689502,99153,19278,0.17687,0.02008,0.19278,0.19034679681109729,0.19523680660919374,0.19442679495325407,0.1919752599238747,0.19690200742143776,0.36948
10,any_2_to_5,25,rank,monte_carlo,100000,20260925,0.9890833039445246,98928,4016,0.04016,0,0.04016,0.038960666834665286,0.041394662235013174,0.0405951803331716,0.0393831134415164,0.04184292531444265,0.09549
10,any_2_to_5,26,rank,monte_carlo,100000,20260925,0.991458643038664,99171,8763,0.08763,0,0.08763,0.08589326291987784,0.08939841907486668,0.08836252533502738,0.0866119520334266,0.09014498871070666,0.19595
10,any_2_to_5,27,rank,monte_carlo,100000,20260925,0.9888718738004562,98860,19370,0.17883,0.01861,0.1937,0.19126233158580647,0.1961612011517599,0.19593364353631398,0.19347121359850225,0.19841970398040762,0.3713
10,any_2_to_5,28,rank,monte_carlo,100000,20260925,0.9905407933692785,99016,76,0,0.00076,0.00076,0.000607304135181018,0.0009510519990097311,0.0007675527187525248,0.000613339808495485,0.000960502337501242,0.00076
10,any_2_to_5,29,rank,monte_carlo,100000,20260925,0.9877905655949748,98777,17833,0.17833,0,0.17833,0.17596981135375342,0.18071490224628892,0.18053797948915234,0.1781517127733098,0.18294909404548934,0.34964
10,any_2_to_5,30,rank,monte_carlo,100000,20260925,0.9978820418013241,99784,41543,0.3626,0.07689,0.41543,0.4123789242931246,0.41848757313951,0.41632927122584784,0.4132739117668898,0.4193910729420289,1.07943
10,any_2_to_5,31,rank,monte_carlo,100000,20260925,0.9861634281366479,98605,0,0,0,0,0,0.000038414524267635735,0,0,0.00003895796703081846,0
10,any_2_to_5,32,rank,monte_carlo,100000,20260925,0.9863579023016186,98638,68,0,0.00068,0.00068,0.000536478866863421,0.000861883413651211,0.000689389484782741,0.0005438870780155547,0.0008737831289851223,0.00068
10,any_2_to_5,33,rank,monte_carlo,100000,20260925,0.9798797368718567,98019,0,0,0,0,0,0.000038414524267635735,0,0,0.00003919086548904944,0
10,any_2_to_5,34,rank,monte_carlo,100000,20260925,0.9768241530542991,97677,9082,0.09082,0,0.09082,0.08905465116166217,0.0926167857484175,0.09297992362582798,0.09117467411739233,0.09481718777090653,0.20046
10,any_2_to_5,35,rank,monte_carlo,100000,20260925,0.9666835990469804,96652,4107,0.04107,0,0.04107,0.039857507709356824,0.04231775144588748,0.04249265405785706,0.041239050699652696,0.04378262480350696,0.09698
10,any_2_to_5,36,rank,monte_carlo,100000,20260925,0.9573523537879893,95739,77,0,0.00077,0.00077,0.0006161915816645748,0.0009621637842356889,0.000804269942238795,0.0006436180219270284,0.0010049814698181593,0.00077
10,any_2_to_5,37,rank,monte_carlo,100000,20260925,0.9406990332660818,94086,9046,0.09046,0,0.09046,0.08869784621583558,0.09225361835270156,0.0961460791191038,0.09427884850788973,0.09804628768407089,0.19997
10,any_2_to_5,38,rank,monte_carlo,100000,20260925,0.9223067009944186,92184,0,0,0,0,0,0.000038414524267635735,0,0,0.00004167143880717563,0
10,any_2_to_5,39,rank,monte_carlo,100000,20260925,0.8943956167976082,89478,8973,0.08973,0,0.08973,0.08797435124104985,0.09151716941269275,0.10028163347415008,0.09833059453724295,0.1022669935213381,0.19875
10,any_2_to_5,40,rank,monte_carlo,100000,20260925,0.8868241672009274,88683,13388,0.13092,0.00326,0.13388,0.13178347247157352,0.13600465617967622,0.1509646719213378,0.14862346171579743,0.1533361200763227,0.30468
10,any_2_to_5,41,rank,monte_carlo,100000,20260925,0.8249123147044082,82509,0,0,0,0,0,0.000038414524267635735,0,0,0.000046557601526112024,0
10,any_2_to_5,42,rank,monte_carlo,100000,20260925,0.7661622591371734,76572,0,0,0,0,0,0.000038414524267635735,0,0,0.00005016725797238903,0
10,any_2_to_5,43,rank,monte_carlo,100000,20260925,0.6924716847241338,69338,0,0,0,0,0,0.000038414524267635735,0,0,0.000055400893765705805,0
10,any_2_to_5,44,rank,monte_carlo,100000,20260925,0.6074351082124955,60619,4296,0.04296,0,0.04296,0.041720695868476196,0.04423441807986636,0.07086886949636252,0.06885318394508731,0.07293894214357165,0.1015
10,any_2_to_5,45,rank,monte_carlo,100000,20260925,0.5223002023950125,52076,0,0,0,0,0,0.000038414524267635735,0,6.776263578034403e-21,0.00007376366521053319,0
10,any_2_to_5,46,rank,monte_carlo,100000,20260925,0.4295597413440622,42971,0,0,0,0,0,0.000038414524267635735,0,0,0.00008939183617607563,0
10,any_2_to_5,47,rank,monte_carlo,100000,20260925,0.3407577966400863,33888,4167,0.04167,0,0.04167,0.04044892147508823,0.04292629158272694,0.12296388101983002,0.11951007802440278,0.12650315720799601,0.09946
10,any_2_to_5,48,rank,monte_carlo,100000,20260925,0.25252979442025153,25132,0,0,0,0,0,0.000038414524267635735,0,1.3552527156068805e-20,0.00015283355382061286,0
10,any_2_to_5,49,rank,monte_carlo,100000,20260925,0.18162145316867284,18106,4248,0.04248,0,0.04248,0.04124744064404667,0.04374771018223918,0.23461835855517507,0.22850249832343575,0.24084680840931885,0.1
10,any_2_to_5,50,rank,monte_carlo,100000,20260925,0.1396092580697705,13984,0,0,0,0,0,0.000038414524267635735,0,0,0.00027463851177725665,0
10,2,2,value,exact,,,0.16250808015513898,,,0,0.16250808015513898,0.16250808015513898,,,1,,,0.20361990950226244
10,2,3,value,exact,,,0.3299520363186903,,,0.3299520363186903,0,0.3299520363186903,,,1,,,0.5429864253393665
10,2,4,value,exact,,,0.45053550796649794,,,0,0.16250808015513898,0.16250808015513898,,,0.3606998278307138,,,0.20361990950226244
10,2,5,value,exact,,,0.5708873917261298,,,0.3299520363186903,0,0.3299520363186903,,,0.5779634321946582,,,0.5429864253393665
10,2,6,value,exact,,,0.6574384683211313,,,0,0.16250808015513898,0.16250808015513898,,,0.2471837106978665,,,0.20361990950226244
10,2,7,value,exact,,,0.7405192163479507,,,0.3299520363186903,0,0.3299520363186903,,,0.4455684998235811,,,0.5429864253393665
10,2,8,value,exact,,,0.8000696160754677,,,0,0.16250808015513898,0.16250808015513898,,,0.20311742489644824,,,0.20361990950226244
10,2,9,value,exact,,,0.8544852187337549,,,0.3299520363186903,0,0.3299520363186903,,,0.38614130365840593,,,0.5429864253393665
10,2,10,value,exact,,,0.8932310200976418,,,0,0.16250808015513898,0.16250808015513898,,,0.18193286674859852,,,0.20361990950226244
10,2,11,value,exact,,,0.9582534247220008,,,0.3299520363186903,0,0.3299520363186903,,,0.34432648796889276,,,0.5429864253393665
10,2,12,value,exact,,,0.9385123272586241,,,0,0.16250808015513898,0.16250808015513898,,,0.1731549766957477,,,0.20361990950226244
10,2,13,value,exact,,,0.9147748471651834,,,0.3299520363186903,0,0.3299520363186903,,,0.3606920734005599,,,0.5429864253393665
10,2,14,value,exact,,,0.8812175606138232,,,0,0.16250808015513898,0.16250808015513898,,,0.1844131204579513,,,0.20361990950226244
10,2,15,value,exact,,,0.8434815865281905,,,0.3299520363186903,0,0.3299520363186903,,,0.391178706907863,,,0.5429864253393665
10,2,16,value,exact,,,0.79059094512562,,,0,0.16250808015513898,0.16250808015513898,,,0.20555267064096902,,,0.20361990950226244
10,2,17,value,exact,,,0.7341047412125896,,,0.3299520363186903,0,0.3299520363186903,,,0.44946179720032536,,,0.5429864253393665
10,2,18,value,exact,,,0.6553143368070015,,,0,0.16250808015513898,0.16250808015513898,,,0.2479849303266498,,,0.20361990950226244
10,2,19,value,exact,,,0.574565094313111,,,0.574565094313111,0,0.574565094313111,,,1,,,2.171945701357466
10,2,20,value,exact,,,0.8887182907233249,,,0,0.8887182907233249,0.8887182907233249,,,1,,,4.072398190045249
10,2,21,value,exact,,,0,,,0,0,0,,,,,,0
10,2,22,value,exact,,,0,,,0,0,0,,,,,,0
10,2,23,value,exact,,,0,,,0,0,0,,,,,,0
10,2,24,value,exact,,,0,,,0,0,0,,,,,,0
10,2,25,value,exact,,,0,,,0,0,0,,,,,,0
10,2,26,value,exact,,,0,,,0,0,0,,,,,,0
10,2,27,value,exact,,,0,,,0,0,0,,,,,,0
10,2,28,value,exact,,,0,,,0,0,0,,,,,,0
10,2,29,value,exact,,,0,,,0,0,0,,,,,,0
10,2,30,value,exact,,,0,,,0,0,0,,,,,,0
10,2,31,value,exact,,,0,,,0,0,0,,,,,,0
10,2,32,value,exact,,,0,,,0,0,0,,,,,,0
10,2,33,value,exact,,,0,,,0,0,0,,,,,,0
10,2,34,value,exact,,,0,,,0,0,0,,,,,,0
10,2,35,value,exact,,,0,,,0,0,0,,,,,,0
10,2,36,value,exact,,,0,,,0,0,0,,,,,,0
10,2,37,value,exact,,,0,,,0,0,0,,,,,,0
10,2,38,value,exact,,,0,,,0,0,0,,,,,,0
10,2,39,value,exact,,,0,,,0,0,0,,,,,,0
10,2,40,value,exact,,,0,,,0,0,0,,,,,,0
10,2,41,value,exact,,,0,,,0,0,0,,,,,,0
10,2,42,value,exact,,,0,,,0,0,0,,,,,,0
10,2,43,value,exact,,,0,,,0,0,0,,,,,,0
10,2,44,value,exact,,,0,,,0,0,0,,,,,,0
10,2,45,value,exact,,,0,,,0,0,0,,,,,,0
10,2,46,value,exact,,,0,,,0,0,0,,,,,,0
10,2,47,value,exact,,,0,,,0,0,0,,,,,,0
10,2,48,value,exact,,,0,,,0,0,0,,,,,,0
10,2,49,value,exact,,,0,,,0,0,0,,,,,,0
10,2,50,value,exact,,,0,,,0,0,0,,,,,,0
10,3,2,value,exact,,,0,,,0,0,0,,,,,,0
10,3,3,value,exact,,,0.019392372333548805,,,0,0.019392372333548805,0.019392372333548805,,,1,,,0.02171945701357466
10,3,4,value,exact,,,0.08515440047790268,,,0,0,0,,,0,,,0
10,3,5,value,exact,,,0.16160101542499408,,,0,0,0,,,0,,,0
10,3,6,value,exact,,,0.25749820097304504,,,0.17661074971476876,0.019392372333548805,0.19192488733117755,,,0.7453445756355722,,,0.36923076923076925
10,3,7,value,exact,,,0.3601602435473389,,,0,0,0,,,0,,,0
10,3,8,value,exact,,,0.463022322477835,,,0,0,0,,,0,,,0
10,3,9,value,exact,,,0.5583310335791635,,,0.17661074971476876,0.019392372333548805,0.19192488733117755,,,0.34374748274486755,,,0.36923076923076925
10,3,10,value,exact,,,0.6524899348099734,,,0,0,0,,,0,,,0
10,3,11,value,exact,,,0.7329537412048286,,,0,0,0,,,0,,,0
10,3,12,value,exact,,,0.8079683727563851,,,0.17661074971476876,0.019392372333548805,0.19192488733117755,,,0.23754009909623758,,,0.36923076923076925
10,3,13,value,exact,,,0.8537989810991579,,,0,0,0,,,0,,,0
10,3,14,value,exact,,,0.8940682666034503,,,0,0,0,,,0,,,0
10,3,15,value,exact,,,0.9138415923360704,,,0.17661074971476876,0.019392372333548805,0.19192488733117755,,,0.21001986442809673,,,0.36923076923076925
10,3,16,value,exact,,,0.9324400217637594,,,0,0,0,,,0,,,0
10,3,17,value,exact,,,0.9401890839835895,,,0,0,0,,,0,,,0
10,3,18,value,exact,,,0.946379416478542,,,0.17661074971476876,0.019392372333548805,0.19192488733117755,,,0.2027990930374691,,,0.36923076923076925
10,3,19,value,exact,,,0.9464535731286005,,,0,0,0,,,0,,,0
10,3,20,value,exact,,,0.9428767799952205,,,0,0,0,,,0,,,0
10,3,21,value,exact,,,0.9734386951526425,,,0.17661074971476876,0.019392372333548805,0.19192488733117755,,,0.19716176096850382,,,0.36923076923076925
10,3,22,value,exact,,,0.9558437920014765,,,0,0,0,,,0,,,0
10,3,23,value,exact,,,0.9277046836278484,,,0,0,0,,,0,,,0
10,3,24,value,exact,,,0.8875175044453882,,,0.17661074971476876,0.019392372333548805,0.19192488733117755,,,0.2162491290254741,,,0.36923076923076925
10,3,25,value,exact,,,0.8386193951098768,,,0,0,0,,,0,,,0
10,3,26,value,exact,,,0.7730664102611595,,,0,0,0,,,0,,,0
10,3,27,value,exact,,,0.6950666787285108,,,0.3212108685381014,0.019392372333548805,0.331931335058348,,,0.47755322649842996,,,1.411764705882353
10,3,28,value,exact,,,0.5990563764130571,,,0,0,0,,,0,,,0
10,3,29,value,exact,,,0.5077186934926197,,,0,0,0,,,0,,,0
10,3,30,value,exact,,,0.6591838254467602,,,0,0.6591838254467602,0.6591838254467602,,,1,,,3.0407239819004523
10,3,31,value,exact,,,0,,,0,0,0,,,,,,0
10,3,32,value,exact,,,0,,,0,0,0,,,,,,0
10,3,33,value,exact,,,0,,,0,0,0,,,,,,0
10,3,34,value,exact,,,0,,,0,0,0,,,,,,0
10,3,35,value,exact,,,0,,,0,0,0,,,,,,0
10,3,36,value,exact,,,0,,,0,0,0,,,,,,0
10,3,37,value,exact,,,0,,,0,0,0,,,,,,0
10,3,38,value,exact,,,0,,,0,0,0,,,,,,0
10,3,39,value,exact,,,0,,,0,0,0,,,,,,0
10,3,40,value,exact,,,0,,,0,0,0,,,,,,0
10,3,41,value,exact,,,0,,,0,0,0,,,,,,0
10,3,42,value,exact,,,0,,,0,0,0,,,,,,0
10,3,43,value,exact,,,0,,,0,0,0,,,,,,0
10,3,44,value,exact,,,0,,,0,0,0,,,,,,0
10,3,45,value,exact,,,0,,,0,0,0,,,,,,0
10,3,46,value,exact,,,0,,,0,0,0,,,,,,0
10,3,47,value,exact,,,0,,,0,0,0,,,,,,0
10,3,48,value,exact,,,0,,,0,0,0,,,,,,0
10,3,49,value,exact,,,0,,,0,0,0,,,,,,0
10,3,50,value,exact,,,0,,,0,0,0,,,,,,0
10,4,2,value,exact,,,0,,,0,0,0,,,,,,0
10,4,3,value,exact,,,0,,,0,0,0,,,,,,0
10,4,4,value,exact,,,0.0007756948933419521,,,0,0.0007756948933419521,0.0007756948933419521,,,1,,,0.0007756948933419521
10,4,5,value,exact,,,0.009257032351117349,,,0,0,0,,,0,,,0
10,4,6,value,exact,,,0.028149997231799433,,,0,0,0,,,0,,,0
10,4,7,value,exact,,,0.05806952222226117,,,0,0,0,,,0,,,0
10,4,8,value,exact,,,0.10292439577567221,,,0,0.0007756948933419521,0.0007756948933419521,,,0.007536550372689191,,,0.0007756948933419521
10,4,9,value,exact,,,0.15824469755457807,,,0,0,0,,,0,,,0
10,4,10,value,exact,,,0.22396246925594152,,,0.08901668091125084,0,0.08901668091125084,,,0.39746249095657044,,,0.19857789269553974
10,4,11,value,exact,,,0.2985595590952894,,,0,0,0,,,0,,,0
10,4,12,value,exact,,,0.3793609929125633,,,0,0.0007756948933419521,0.0007756948933419521,,,0.0020447407820886254,,,0.0007756948933419521
10,4,13,value,exact,,,0.46025049208173713,,,0,0,0,,,0,,,0
10,4,14,value,exact,,,0.5417995983320941,,,0.08901668091125084,0,0.08901668091125084,,,0.16429816704420733,,,0.19857789269553974
10,4,15,value,exact,,,0.6172042979337486,,,0,0,0,,,0,,,0
10,4,16,value,exact,,,0.6840040267650108,,,0,0.0007756948933419521,0.0007756948933419521,,,0.0011340501853630777,,,0.0007756948933419521
10,4,17,value,exact,,,0.7423257584620816,,,0,0,0,,,0,,,0
10,4,18,value,exact,,,0.7915229492613255,,,0.08901668091125084,0,0.08901668091125084,,,0.11246253945551933,,,0.19857789269553974
10,4,19,value,exact,,,0.8325620229676235,,,0,0,0,,,0,,,0
10,4,20,value,exact,,,0.8657838557974091,,,0,0.0007756948933419521,0.0007756948933419521,,,0.0008959452040457803,,,0.0007756948933419521
10,4,21,value,exact,,,0.8909686738772894,,,0,0,0,,,0,,,0
10,4,22,value,exact,,,0.9213073571387996,,,0.08901668091125084,0,0.08901668091125084,,,0.09661996099510146,,,0.19857789269553974
10,4,23,value,exact,,,0.9315359947027945,,,0,0,0,,,0,,,0
10,4,24,value,exact,,,0.946997255734922,,,0,0.0007756948933419521,0.0007756948933419521,,,0.0008191099695848328,,,0.0007756948933419521
10,4,25,value,exact,,,0.9491665816172815,,,0,0,0,,,0,,,0
10,4,26,value,exact,,,0.9546242580910537,,,0.08901668091125084,0,0.08901668091125084,,,0.09324787229821294,,,0.19857789269553974
10,4,27,value,exact,,,0.9515848953611779,,,0,0,0,,,0,,,0
10,4,28,value,exact,,,0.949611457674494,,,0,0.0007756948933419521,0.0007756948933419521,,,0.0008168550274672901,,,0.0007756948933419521
10,4,29,value,exact,,,0.9407188394304493,,,0,0,0,,,0,,,0
10,4,30,value,exact,,,0.9295973988085335,,,0.08901668091125084,0,0.08901668091125084,,,0.0957583154012088,,,0.19857789269553974
10,4,31,value,exact,,,0.9464045718129754,,,0,0,0,,,0,,,0
10,4,32,value,exact,,,0.916148530776396,,,0,0.0007756948933419521,0.0007756948933419521,,,0.0008466911939318229,,,0.0007756948933419521
10,4,33,value,exact,,,0.8707192876851361,,,0,0,0,,,0,,,0
10,4,34,value,exact,,,0.8096130395178371,,,0.17041238941921164,0,0.17041238941921164,,,0.21048622131963224,,,0.794311570782159
10,4,35,value,exact,,,0.7396675052625172,,,0,0,0,,,0,,,0
10,4,36,value,exact,,,0.6526448142188748,,,0,0.0007756948933419521,0.0007756948933419521,,,0.0011885406524992483,,,0.0007756948933419521
10,4,37,value,exact,,,0.5582873184754201,,,0,0,0,,,0,,,0
10,4,38,value,exact,,,0.45235397395617893,,,0,0,0,,,0,,,0
10,4,39,value,exact,,,0.3579689353977487,,,0,0,0,,,0,,,0
10,4,40,value,exact,,,0.363691180493022,,,0,0.363691180493022,0.363691180493022,,,1,,,1.411764705882353
10,4,41,value,exact,,,0,,,0,0,0,,,,,,0
10,4,42,value,exact,,,0,,,0,0,0,,,,,,0
10,4,43,value,exact,,,0,,,0,0,0,,,,,,0
10,4,44,value,exact,,,0,,,0,0,0,,,,,,0
10,4,45,value,exact,,,0,,,0,0,0,,,,,,0
10,4,46,value,exact,,,0,,,0,0,0,,,,,,0
10,4,47,value,exact,,,0,,,0,0,0,,,,,,0
10,4,48,value,exact,,,0,,,0,0,0,,,,,,0
10,4,49,value,exact,,,0,,,0,0,0,,,,,,0
10,4,50,value,exact,,,0,,,0,0,0,,,,,,0
10,5,2,value,exact,,,0,,,0,0,0,,,,,,0
10,5,3,value,exact,,,0,,,0,0,0,,,,,,0
10,5,4,value,exact,,,0,,,0,0,0,,,,,,0
10,5,5,value,exact,,,0,,,0,0,0,,,,,,0
10,5,6,value,exact,,,0.0003294849570084919,,,0,0,0,,,0,,,0
10,5,7,value,exact,,,0.002154881909529719,,,0,0,0,,,0,,,0
10,5,8,value,exact,,,0.006161695749919655,,,0,0,0,,,0,,,0
10,5,9,value,exact,,,0.01465355139639603,,,0,0,0,,,0,,,0
10,5,10,value,exact,,,0.027684022344688926,,,0,0,0,,,0,,,0
10,5,11,value,exact,,,0.04731359254518259,,,0,0,0,,,0,,,0
10,5,12,value,exact,,,0.0736587266741871,,,0,0,0,,,0,,,0
10,5,13,value,exact,,,0.10834291061534165,,,0,0,0,,,0,,,0
10,5,14,value,exact,,,0.1497732009161235,,,0,0,0,,,0,,,0
10,5,15,value,exact,,,0.1992091015901112,,,0.041645276318040936,0,0.041645276318040936,,,0.20905308033429842,,,0.09928894634776987
10,5,16,value,exact,,,0.2550365732625914,,,0,0,0,,,0,,,0
10,5,17,value,exact,,,0.3148307819720898,,,0,0,0,,,0,,,0
10,5,18,value,exact,,,0.3775302417330939,,,0,0,0,,,0,,,0
10,5,19,value,exact,,,0.44084555402785597,,,0,0,0,,,0,,,0
10,5,20,value,exact,,,0.5033747489420721,,,0.041645276318040936,0,0.041645276318040936,,,0.08273215215019344,,,0.09928894634776987
10,5,21,value,exact,,,0.5639099933059395,,,0,0,0,,,0,,,0
10,5,22,value,exact,,,0.6205881110844469,,,0,0,0,,,0,,,0
10,5,23,value,exact,,,0.6751539690120651,,,0,0,0,,,0,,,0
10,5,24,value,exact,,,0.7237183539533165,,,0,0,0,,,0,,,0
10,5,25,value,exact,,,0.7682253012378764,,,0.041645276318040936,0,0.041645276318040936,,,0.054209717189652576,,,0.09928894634776987
10,5,26,value,exact,,,0.8047754414879145,,,0,0,0,,,0,,,0
10,5,27,value,exact,,,0.8369797258123287,,,0,0,0,,,0,,,0
10,5,28,value,exact,,,0.8629220409625896,,,0,0,0,,,0,,,0
10,5,29,value,exact,,,0.8843664377145941,,,0,0,0,,,0,,,0
10,5,30,value,exact,,,0.9010319540458959,,,0.041645276318040936,0,0.041645276318040936,,,0.04621953320416831,,,0.09928894634776987
10,5,31,value,exact,,,0.9135688318181349,,,0,0,0,,,0,,,0
10,5,32,value,exact,,,0.9335250549951434,,,0,0,0,,,0,,,0
10,5,33,value,exact,,,0.9346463357057996,,,0,0,0,,,0,,,0
10,5,34,value,exact,,,0.9421470280151063,,,0,0,0,,,0,,,0
10,5,35,value,exact,,,0.935705754564262,,,0.041645276318040936,0,0.041645276318040936,,,0.044506807952072756,,,0.09928894634776987
10,5,36,value,exact,,,0.9312789088764113,,,0,0,0,,,0,,,0
10,5,37,value,exact,,,0.9165740307570781,,,0,0,0,,,0,,,0
10,5,38,value,exact,,,0.9000709160734774,,,0,0,0,,,0,,,0
10,5,39,value,exact,,,0.8741465102510444,,,0,0,0,,,0,,,0
10,5,40,value,exact,,,0.8423730180610305,,,0.08476787022264116,0,0.08476787022264116,,,0.10062984972828234,,,0.3971557853910795
10,5,41,value,exact,,,0.8249123147044082,,,0,0,0,,,0,,,0
10,5,42,value,exact,,,0.7661622591371734,,,0,0,0,,,0,,,0
10,5,43,value,exact,,,0.6924716847241338,,,0,0,0,,,0,,,0
10,5,44,value,exact,,,0.6074351082124955,,,0,0,0,,,0,,,0
10,5,45,value,exact,,,0.5223002023950125,,,0,0,0,,,0,,,0
10,5,46,value,exact,,,0.4295597413440622,,,0,0,0,,,0,,,0
10,5,47,value,exact,,,0.3407577966400863,,,0,0,0,,,0,,,0
10,5,48,value,exact,,,0.25252979442025153,,,0,0,0,,,0,,,0
10,5,49,value,exact,,,0.18162145316867284,,,0,0,0,,,0,,,0
10,5,50,value,exact,,,0.1396092580697705,,,0,0.1396092580697705,0.1396092580697705,,,1,,,0.4235294117647059
10,any_2_to_5,2,value,exact,,,0.16250808015513898,,,0,0.16250808015513898,0.16250808015513898,,,1,,,0.20361990950226244
10,any_2_to_5,3,value,exact,,,0.34008737630112174,,,0.3299520363186903,0.019392372333548805,0.34008737630112174,,,1,,,0.5647058823529412
10,any_2_to_5,4,value,exact,,,0.48311004292507964,,,0,0.1632288808215238,0.1632288808215238,,,0.337871015541768,,,0.2043956043956044
10,any_2_to_5,5,value,exact,,,0.6137794244160771,,,0.3299520363186903,0,0.3299520363186903,,,0.5375742867767068,,,0.5429864253393665
10,any_2_to_5,6,value,exact,,,0.7125533826774382,,,0.17661074971476876,0.18005736984895715,0.31137798194850047,,,0.4369889885000468,,,0.5728506787330316
10,any_2_to_5,7,value,exact,,,0.8009582710992841,,,0.3299520363186903,0,0.3299520363186903,,,0.4119465997471303,,,0.5429864253393665
10,any_2_to_5,8,value,exact,,,0.8657233399608537,,,0,0.1632288808215238,0.1632288808215238,,,0.18854624022139066,,,0.2043956043956044
10,any_2_to_5,9,value,exact,,,0.9111883737684948,,,0.4175461051222082,0.019392372333548805,0.43040420376802685,,,0.4723548018813719,,,0.9122171945701357
10,any_2_to_5,10,value,exact,,,0.9464672473175265,,,0.08901668091125084,0.16250808015513898,0.24363254761186454,,,0.2574125499877221,,,0.4021978021978022
10,any_2_to_5,11,value,exact,,,0.9727640982081884,,,0.3299520363186903,0,0.3299520363186903,,,0.3391901869389045,,,0.5429864253393665
10,any_2_to_5,12,value,exact,,,0.9790945189842446,,,0.17661074971476876,0.18077482412349935,0.33431857287004835,,,0.3414568934742736,,,0.5736263736263736
10,any_2_to_5,13,value,exact,,,0.9809644157422156,,,0.3299520363186903,0,0.3299520363186903,,,0.3363547454155537,,,0.5429864253393665
10,any_2_to_5,14,value,exact,,,0.985296240336603,,,0.08901668091125084,0.16250808015513898,0.24363254761186454,,,0.2472683215848193,,,0.4021978021978022
10,any_2_to_5,15,value,exact,,,0.9858067429684377,,,0.4842898006637818,0.019392372333548805,0.4957176547230343,,,0.5028548021799294,,,1.0115061409179056
10,any_2_to_5,16,value,exact,,,0.9895407505261076,,,0,0.1632288808215238,0.1632288808215238,,,0.16495417771803753,,,0.2043956043956044
10,any_2_to_5,17,value,exact,,,0.9882526877699053,,,0.3299520363186903,0,0.3299520363186903,,,0.3338741603255958,,,0.5429864253393665
10,any_2_to_5,18,value,exact,,,0.9917367410958363,,,0.2239821543079787,0.18005736984895715,0.3750540213774717,,,0.37817901246962915,,,0.7714285714285715
10,any_2_to_5,19,value,exact,,,0.9895662193872419,,,0.574565094313111,0,0.574565094313111,,,0.5806231892888306,,,2.171945701357466
10,any_2_to_5,20,value,exact,,,0.9999950289583058,,,0.041645276318040936,0.8889792389963863,0.9026047352031171,,,0.9026092221111938,,,4.172462831286361
10,any_2_to_5,21,value,exact,,,0.9890624498677285,,,0.17661074971476876,0.019392372333548805,0.19192488733117755,,,0.19404728928577206,,,0.36923076923076925
10,any_2_to_5,22,value,exact,,,0.9912862211787435,,,0.08901668091125084,0,0.08901668091125084,,,0.08979917102590274,,,0.19857789269553974
10,any_2_to_5,23,value,exact,,,0.9892795831636217,,,0,0,0,,,0,,,0
10,any_2_to_5,24,value,exact,,,0.9916367963689502,,,0.17661074971476876,0.020164658761818256,0.19265550555522473,,,0.1942803113606375,,,0.3700064641241112
10,any_2_to_5,25,value,exact,,,0.9890833039445246,,,0.041645276318040936,0,0.041645276318040936,,,0.042104922964483406,,,0.09928894634776987
10,any_2_to_5,26,value,exact,,,0.991458643038664,,,0.08901668091125084,0,0.08901668091125084,,,0.08978355429776555,,,0.19857789269553974
10,any_2_to_5,27,value,exact,,,0.9888718738004562,,,0.3212108685381014,0.019392372333548805,0.331931335058348,,,0.3356666761919939,,,1.411764705882353
10,any_2_to_5,28,value,exact,,,0.9905407933692785,,,0,0.0007756948933419521,0.0007756948933419521,,,0.0007831024209547817,,,0.0007756948933419521
10,any_2_to_5,29,value,exact,,,0.9877905655949748,,,0,0,0,,,0,,,0
10,any_2_to_5,30,value,exact,,,0.9978820418013241,,,0.11294880710365941,0.6591838254467602,0.72716120405535,,,0.7287045698735263,,,3.3385908209437622
10,any_2_to_5,31,value,exact,,,0.9861634281366479,,,0,0,0,,,0,,,0
10,any_2_to_5,32,value,exact,,,0.9863579023016186,,,0,0.0007756948933419521,0.0007756948933419521,,,0.000786423357618878,,,0.0007756948933419521
10,any_2_to_5,33,value,exact,,,0.9798797368718567,,,0,0,0,,,0,,,0
10,any_2_to_5,34,value,exact,,,0.9768241530542991,,,0.17041238941921164,0,0.17041238941921164,,,0.17445554441541214,,,0.794311570782159
10,any_2_to_5,35,value,exact,,,0.9666835990469804,,,0.041645276318040936,0,0.041645276318040936,,,0.04308056571881178,,,0.09928894634776987
10,any_2_to_5,36,value,exact,,,0.9573523537879893,,,0,0.0007756948933419521,0.0007756948933419521,,,0.0008102501553087881,,,0.0007756948933419521
10,any_2_to_5,37,value,exact,,,0.9406990332660818,,,0,0,0,,,0,,,0
10,any_2_to_5,38,value,exact,,,0.9223067009944186,,,0,0,0,,,0,,,0
10,any_2_to_5,39,value,exact,,,0.8943956167976082,,,0,0,0,,,0,,,0
10,any_2_to_5,40,value,exact,,,0.8868241672009274,,,0.08476787022264116,0.363691180493022,0.436846410087228,,,0.49259642017429583,,,1.8089204912734325
10,any_2_to_5,41,value,exact,,,0.8249123147044082,,,0,0,0,,,0,,,0
10,any_2_to_5,42,value,exact,,,0.7661622591371734,,,0,0,0,,,0,,,0
10,any_2_to_5,43,value,exact,,,0.6924716847241338,,,0,0,0,,,0,,,0
10,any_2_to_5,44,value,exact,,,0.6074351082124955,,,0,0,0,,,0,,,0
10,any_2_to_5,45,value,exact,,,0.5223002023950125,,,0,0,0,,,0,,,0
10,any_2_to_5,46,value,exact,,,0.4295597413440622,,,0,0,0,,,0,,,0
10,any_2_to_5,47,value,exact,,,0.3407577966400863,,,0,0,0,,,0,,,0
10,any_2_to_5,48,value,exact,,,0.25252979442025153,,,0,0,0,,,0,,,0
10,any_2_to_5,49,value,exact,,,0.18162145316867284,,,0,0,0,,,0,,,0
10,any_2_to_5,50,value,exact,,,0.1396092580697705,,,0,0.1396092580697705,0.1396092580697705,,,1,,,0.4235294117647059
11,2,2,rank,monte_carlo,100000,20260926,0.19279711884753903,19135,19135,0,0.19135,0.19135,0.18892377977556424,0.19379993351026614,1,0.999799277297953,0.9999999999999999,0.24708
11,2,3,rank,monte_carlo,100000,20260926,0.3788287192767949,37772,37772,0.37772,0,0.37772,0.3747198239761866,0.3807295706798683,1,0.9998983053762064,1,0.66284
11,2,4,rank,monte_carlo,100000,20260926,0.5118465448696958,51378,19463,0,0.19463,0.19463,0.19218783941956005,0.19709562186699117,0.37881972828837246,0.37463431571087163,0.3830232611245992,0.24999
11,2,5,rank,monte_carlo,100000,20260926,0.6352715885743321,63484,37927,0.37927,0,0.37927,0.3762673578300139,0.3822819177410158,0.597426123117636,0.5936053889905826,0.6012350668865629,0.66721
11,2,6,rank,monte_carlo,100000,20260926,0.7230860231773731,72202,19220,0,0.1922,0.1922,0.1897696228161481,0.19465402516499106,0.26619761225450816,0.26298627596073904,0.26943382673632593,0.24944
11,2,7,rank,monte_carlo,100000,20260926,0.8007172586996204,79891,38079,0.38079,0,0.38079,0.3777849710641739,0.38380418772670205,0.4766369178005032,0.4731747252850117,0.4801013570597087,0.66575
11,2,8,rank,monte_carlo,100000,20260926,0.8554890699691446,85472,19347,0,0.19347,0.19347,0.19103344589574112,0.19593010451250642,0.2263548296518158,0.22356166657898616,0.22917258997380333,0.25052
11,2,9,rank,monte_carlo,100000,20260926,0.9010047786976987,89927,38028,0.38028,0,0.38028,0.37727576839798405,0.38329342957570656,0.4228763330256764,0.4196508129949059,0.426108442081386,0.6656
11,2,10,rank,monte_carlo,100000,20260926,0.9326662138562106,93309,19234,0,0.19234,0.19234,0.18990893989806226,0.19479469732701013,0.2061323130673354,0.20354881480225293,0.20874000783285154,0.24658
11,2,11,rank,monte_carlo,100000,20260926,0.9761891449481581,97630,37611,0.37611,0,0.37611,0.37311242017474444,0.37911709817607864,0.38524019256376113,0.38219207297139113,0.3882973430673198,0.65656
11,2,12,rank,monte_carlo,100000,20260926,0.9623092648794825,96221,19197,0,0.19197,0.19197,0.1895407458308255,0.19442291982099483,0.1995094625913262,0.19699636703693363,0.2020465512109047,0.2481
11,2,13,rank,monte_carlo,100000,20260926,0.9436924491034451,94359,37751,0.37751,0,0.37751,0.3745101606101553,0.38051925017999977,0.40007842389173265,0.39695658704661196,0.4032083965394695,0.65955
11,2,14,rank,monte_carlo,100000,20260926,0.9167241102395493,91666,19340,0,0.1934,0.1934,0.19096378529739763,0.19585977048888323,0.21098335260620077,0.20835418359895533,0.21363674520395862,0.25012
11,2,15,rank,monte_carlo,100000,20260926,0.8834546775307986,88416,38001,0.38001,0,0.38001,0.3770061919418083,0.38302302677572553,0.4297977741585233,0.42653774268587874,0.433063905820128,0.66979
11,2,16,rank,monte_carlo,100000,20260926,0.8360175556340703,83459,19450,0,0.1945,0.1945,0.19205846605585822,0.1969650052184693,0.23304856276734684,0.23019257602524215,0.23592912381393513,0.25095
11,2,17,rank,monte_carlo,100000,20260926,0.7810896836679462,78237,38167,0.38167,0,0.38167,0.3786636035475563,0.38468548763375693,0.4878382351061518,0.48433631069838096,0.49134135379136296,0.66712
11,2,18,rank,monte_carlo,100000,20260926,0.7035369602523366,70599,19291,0,0.19291,0.19291,0.19047616456199654,0.19536742887051814,0.2732474964234621,0.2699726852409889,0.27654698345177936,0.25037
11,2,19,rank,monte_carlo,100000,20260926,0.6181199136712103,61996,38036,0.38036,0,0.38036,0.3773556430931407,0.3833735487342261,0.6135234531260081,0.6096834203718283,0.6173494177249709,0.66672
11,2,20,rank,monte_carlo,100000,20260926,0.9227233966902233,92229,84778,0.69365,0.6098,0.84778,0.8455400874403491,0.8499931929531512,0.9192119615305381,0.9174357025576427,0.9209532992184881,2.98384
11,2,21,rank,monte_carlo,100000,20260926,0,0,0,0,0,0,0,0.000038414524267635735,,,,0
11,2,22,rank,monte_carlo,100000,20260926,0,0,0,0,0,0,0,0.000038414524267635735,,,,0
11,2,23,rank,monte_carlo,100000,20260926,0,0,0,0,0,0,0,0.000038414524267635735,,,,0
11,2,24,rank,monte_carlo,100000,20260926,0,0,0,0,0,0,0,0.000038414524267635735,,,,0
11,2,25,rank,monte_carlo,100000,20260926,0,0,0,0,0,0,0,0.000038414524267635735,,,,0
11,2,26,rank,monte_carlo,100000,20260926,0,0,0,0,0,0,0,0.000038414524267635735,,,,0
11,2,27,rank,monte_carlo,100000,20260926,0,0,0,0,0,0,0,0.000038414524267635735,,,,0
11,2,28,rank,monte_carlo,100000,20260926,0,0,0,0,0,0,0,0.000038414524267635735,,,,0
11,2,29,rank,monte_carlo,100000,20260926,0,0,0,0,0,0,0,0.000038414524267635735,,,,0
11,2,30,rank,monte_carlo,100000,20260926,0,0,0,0,0,0,0,0.000038414524267635735,,,,0
11,2,31,rank,monte_carlo,100000,20260926,0,0,0,0,0,0,0,0.000038414524267635735,,,,0
11,2,32,rank,monte_carlo,100000,20260926,0,0,0,0,0,0,0,0.000038414524267635735,,,,0
11,2,33,rank,monte_carlo,100000,20260926,0,0,0,0,0,0,0,0.000038414524267635735,,,,0
11,2,34,rank,monte_carlo,100000,20260926,0,0,0,0,0,0,0,0.000038414524267635735,,,,0
11,2,35,rank,monte_carlo,100000,20260926,0,0,0,0,0,0,0,0.000038414524267635735,,,,0
11,2,36,rank,monte_carlo,100000,20260926,0,0,0,0,0,0,0,0.000038414524267635735,,,,0
11,2,37,rank,monte_carlo,100000,20260926,0,0,0,0,0,0,0,0.000038414524267635735,,,,0
11,2,38,rank,monte_carlo,100000,20260926,0,0,0,0,0,0,0,0.000038414524267635735,,,,0
11,2,39,rank,monte_carlo,100000,20260926,0,0,0,0,0,0,0,0.000038414524267635735,,,,0
11,2,40,rank,monte_carlo,100000,20260926,0,0,0,0,0,0,0,0.000038414524267635735,,,,0
11,2,41,rank,monte_carlo,100000,20260926,0,0,0,0,0,0,0,0.000038414524267635735,,,,0
11,2,42,rank,monte_carlo,100000,20260926,0,0,0,0,0,0,0,0.000038414524267635735,,,,0
11,2,43,rank,monte_carlo,100000,20260926,0,0,0,0,0,0,0,0.000038414524267635735,,,,0
11,2,44,rank,monte_carlo,100000,20260926,0,0,0,0,0,0,0,0.000038414524267635735,,,,0
11,2,45,rank,monte_carlo,100000,20260926,0,0,0,0,0,0,0,0.000038414524267635735,,,,0
11,2,46,rank,monte_carlo,100000,20260926,0,0,0,0,0,0,0,0.000038414524267635735,,,,0
11,2,47,rank,monte_carlo,100000,20260926,0,0,0,0,0,0,0,0.000038414524267635735,,,,0
11,2,48,rank,monte_carlo,100000,20260926,0,0,0,0,0,0,0,0.000038414524267635735,,,,0
11,2,49,rank,monte_carlo,100000,20260926,0,0,0,0,0,0,0,0.000038414524267635735,,,,0
11,2,50,rank,monte_carlo,100000,20260926,0,0,0,0,0,0,0,0.000038414524267635735,,,,0
11,3,2,rank,monte_carlo,100000,20260926,0,0,0,0,0,0,0,0.000038414524267635735,,,,0
11,3,3,rank,monte_carlo,100000,20260926,0.026207406039338813,2596,2596,0,0.02596,0.02596,0.02499246954956102,0.02696395049260664,1,0.9985223715167879,1,0.02977
11,3,4,rank,monte_carlo,100000,20260926,0.11000696300721954,10958,0,0,0,0,0,0.000038414524267635735,0,2.710505431213761e-20,0.0003504520627263944,0
11,3,5,rank,monte_carlo,100000,20260926,0.20552298625278048,20657,0,0,0,0,0,0.000038414524267635735,0,0,0.00018593627860735354,0
11,3,6,rank,monte_carlo,100000,20260926,0.3182915203617088,31744,24016,0.22098,0.02603,0.24016,0.23752232153768513,0.2428176417222863,0.7565524193548387,0.7518004125529333,0.7612423386746022,0.50904
11,3,7,rank,monte_carlo,100000,20260926,0.4360581475651827,43548,0,0,0,0,0,0.000038414524267635735,0,0,0.00008820752140134528,0
11,3,8,rank,monte_carlo,100000,20260926,0.5464138378514051,54530,0,0,0,0,0,0.000038414524267635735,0,6.776263578034403e-21,0.00007044433121322595,0
11,3,9,rank,monte_carlo,100000,20260926,0.6445074218368404,64464,24161,0.22143,0.02667,0.24161,0.23896682042482087,0.24427303143303014,0.3747983370563415,0.3710690458674397,0.37854254962919,0.51157
11,3,10,rank,monte_carlo,100000,20260926,0.7354509947833214,73304,0,0,0,0,0,0.000038414524267635735,0,0,0.00005240367082366806,0
11,3,11,rank,monte_carlo,100000,20260926,0.8085039465917846,80672,0,0,0,0,0,0.000038414524267635735,0,0,0.00004761772451097677,0
11,3,12,rank,monte_carlo,100000,20260926,0.869828005737402,86938,24148,0.22194,0.02659,0.24148,0.23883731192937585,0.2441425499162515,0.27776116312774624,0.2747936994042469,0.28074826647930085,0.50841
11,3,13,rank,monte_carlo,100000,20260926,0.9059567723203493,90519,0,0,0,0,0,0.000038414524267635735,0,0,0.000042437907737973615,0
11,3,14,rank,monte_carlo,100000,20260926,0.9359066372499132,93507,0,0,0,0,0,0.000038414524267635735,0,0,0.000041081867452682624,0
11,3,15,rank,monte_carlo,100000,20260926,0.9499437099982849,94912,23856,0.21976,0.02538,0.23856,0.23592844023927217,0.24121164594717687,0.2513486176668914,0.2485989446647776,0.25411841837654625,0.50539
11,3,16,rank,monte_carlo,100000,20260926,0.9624728419332464,96188,0,0,0,0,0,0.000038414524267635735,0,0,0.00003993685884479417,0
11,3,17,rank,monte_carlo,100000,20260926,0.9672582079619838,96649,0,0,0,0,0,0.000038414524267635735,0,0,0.00003974637409936222,0
11,3,18,rank,monte_carlo,100000,20260926,0.9711542967717223,97043,23861,0.21943,0.0261,0.23861,0.23597824825617822,0.24126183408881838,0.2458806920643426,0.2431814918746525,0.24860001088370215,0.50338
11,3,19,rank,monte_carlo,100000,20260926,0.9706417800679604,97077,0,0,0,0,0,0.000038414524267635735,0,0,0.00003957114438529959,0
11,3,20,rank,monte_carlo,100000,20260926,0.9677996795669345,96869,0,0,0,0,0,0.000038414524267635735,0,0,0.000039656109354801874,0
11,3,21,rank,monte_carlo,100000,20260926,0.9866350141042054,98666,24010,0.22055,0.02644,0.2401,0.2374625500685465,0.24275741780116783,0.243346238825938,0.24067874172603038,0.24603372098050746,0.51029
11,3,22,rank,monte_carlo,100000,20260926,0.9759289105503507,97658,0,0,0,0,0,0.000038414524267635735,0,0,0.00003933573171530282,0
11,3,23,rank,monte_carlo,100000,20260926,0.95657036182404,95694,0,0,0,0,0,0.000038414524267635735,0,3.3881317890172014e-21,0.00004014301614091994,0
11,3,24,rank,monte_carlo,100000,20260926,0.9271392789068086,92711,24073,0.22111,0.02632,0.24073,0.23809015406063871,0.24338976540677504,0.25965635145775584,0.2568440287005803,0.2624885912884939,0.51016
11,3,25,rank,monte_carlo,100000,20260926,0.8872149175087252,88845,0,0,0,0,0,0.000038414524267635735,0,0,0.00004323747986828001,0
11,3,26,rank,monte_carlo,100000,20260926,0.8313075055516722,83118,0,0,0,0,0,0.000038414524267635735,0,0,0.00004621649287423872,0
11,3,27,rank,monte_carlo,100000,20260926,0.7578431480158271,75915,24138,0.2218,0.02678,0.24138,0.23873769023708685,0.24404217929144534,0.31796087729697686,0.3146574471366465,0.32128273032781046,0.51319
11,3,28,rank,monte_carlo,100000,20260926,0.6639857672733702,66532,0,0,0,0,0,0.000038414524267635735,0,0,0.00005773730229633106,0
11,3,29,rank,monte_carlo,100000,20260926,0.5678780839981004,56899,22137,0.22137,0,0.22137,0.21880748629867552,0.2239539205791179,0.38905780417933533,0.385059422877594,0.39307116524403696,0.48107
11,3,30,rank,monte_carlo,100000,20260926,0.7356953138722818,73642,38770,0.31897,0.10316,0.3877,0.3846845137968711,0.3907241141052794,0.5264658754515087,0.5228583535874355,0.5300706362280602,1.07701
11,3,31,rank,monte_carlo,100000,20260926,0,0,0,0,0,0,0,0.000038414524267635735,,,,0
11,3,32,rank,monte_carlo,100000,20260926,0,0,0,0,0,0,0,0.000038414524267635735,,,,0
11,3,33,rank,monte_carlo,100000,20260926,0,0,0,0,0,0,0,0.000038414524267635735,,,,0
11,3,34,rank,monte_carlo,100000,20260926,0,0,0,0,0,0,0,0.000038414524267635735,,,,0
11,3,35,rank,monte_carlo,100000,20260926,0,0,0,0,0,0,0,0.000038414524267635735,,,,0
11,3,36,rank,monte_carlo,100000,20260926,0,0,0,0,0,0,0,0.000038414524267635735,,,,0
11,3,37,rank,monte_carlo,100000,20260926,0,0,0,0,0,0,0,0.000038414524267635735,,,,0
11,3,38,rank,monte_carlo,100000,20260926,0,0,0,0,0,0,0,0.000038414524267635735,,,,0
11,3,39,rank,monte_carlo,100000,20260926,0,0,0,0,0,0,0,0.000038414524267635735,,,,0
11,3,40,rank,monte_carlo,100000,20260926,0,0,0,0,0,0,0,0.000038414524267635735,,,,0
11,3,41,rank,monte_carlo,100000,20260926,0,0,0,0,0,0,0,0.000038414524267635735,,,,0
11,3,42,rank,monte_carlo,100000,20260926,0,0,0,0,0,0,0,0.000038414524267635735,,,,0
11,3,43,rank,monte_carlo,100000,20260926,0,0,0,0,0,0,0,0.000038414524267635735,,,,0
11,3,44,rank,monte_carlo,100000,20260926,0,0,0,0,0,0,0,0.000038414524267635735,,,,0
11,3,45,rank,monte_carlo,100000,20260926,0,0,0,0,0,0,0,0.000038414524267635735,,,,0
11,3,46,rank,monte_carlo,100000,20260926,0,0,0,0,0,0,0,0.000038414524267635735,,,,0
11,3,47,rank,monte_carlo,100000,20260926,0,0,0,0,0,0,0,0.000038414524267635735,,,,0
11,3,48,rank,monte_carlo,100000,20260926,0,0,0,0,0,0,0,0.000038414524267635735,,,,0
11,3,49,rank,monte_carlo,100000,20260926,0,0,0,0,0,0,0,0.000038414524267635735,,,,0
11,3,50,rank,monte_carlo,100000,20260926,0,0,0,0,0,0,0,0.000038414524267635735,,,,0
11,4,2,rank,monte_carlo,100000,20260926,0,0,0,0,0,0,0,0.000038414524267635735,,,,0
11,4,3,rank,monte_carlo,100000,20260926,0,0,0,0,0,0,0,0.000038414524267635735,,,,0
11,4,4,rank,monte_carlo,100000,20260926,0.001218949118108782,127,127,0,0.00127,0.00127,0.0010675923812051243,0.0015107245701708716,1,0.9706393073762475,1,0.00127
11,4,5,rank,monte_carlo,100000,20260926,0.013836463212624408,1387,0,0,0,0,0,0.000038414524267635735,0,0,0.0027620686640376585,0
11,4,6,rank,monte_carlo,100000,20260926,0.041364764394237356,4154,0,0,0,0,0,0.000038414524267635735,0,0,0.0009239409216551201,0
11,4,7,rank,monte_carlo,100000,20260926,0.08277537370654815,8273,0,0,0,0,0,0.000038414524267635735,0,0,0.00046413839791255643,0
11,4,8,rank,monte_carlo,100000,20260926,0.14333431631238347,14334,110,0,0.0011,0.0011,0.0009128235595666771,0.0013255064527475699,0.00767406167155016,0.006371481103635728,0.009240464281505087,0.0011
11,4,9,rank,monte_carlo,100000,20260926,0.21489391183751297,21372,0,0,0,0,0,0.000038414524267635735,0,0,0.00017971690059679333,0
11,4,10,rank,monte_carlo,100000,20260926,0.2960947714233862,29737,12316,0.12316,0,0.12316,0.12113765113674707,0.12521130112190298,0.41416417257961463,0.4085769811125939,0.4197735387328163,0.31343
11,4,11,rank,monte_carlo,100000,20260926,0.3841728494190757,38323,0,0,0,0,0,0.000038414524267635735,0,0,0.00010023262652563575,0
11,4,12,rank,monte_carlo,100000,20260926,0.47487836620120816,47407,130,0,0.0013,0.0013,0.0010950123611493795,0.0015433022853551602,0.0027422110658763474,0.0023100521065049493,0.0032549535144878665,0.0013
11,4,13,rank,monte_carlo,100000,20260926,0.560354543237831,55931,0,0,0,0,0,0.000038414524267635735,0,0,0.00006867991202106129,0
11,4,14,rank,monte_carlo,100000,20260926,0.6418531573555087,64261,12283,0.12283,0,0.12283,0.12081001148039613,0.12487896613183991,0.1911423725120991,0.18812070715653695,0.19420096342235704,0.31015
11,4,15,rank,monte_carlo,100000,20260926,0.7133937515371443,71277,0,0,0,0,0,0.000038414524267635735,0,0,0.00005389386423855018,0
11,4,16,rank,monte_carlo,100000,20260926,0.7740896047635459,77385,129,0,0.00129,0.00129,0.001085869041209224,0.0015324463735858012,0.0016669897266912191,0.001403241824435284,0.0019802123607737627,0.00129
11,4,17,rank,monte_carlo,100000,20260926,0.8240044836278356,82291,0,0,0,0,0,0.000038414524267635735,0,0,0.00004668093315826979,0
11,4,18,rank,monte_carlo,100000,20260926,0.8644071194065708,86287,12197,0.12197,0,0.12197,0.11995618513747798,0.12401285854773982,0.14135385399886424,0.13904523846686748,0.14369440281622317,0.30826
11,4,19,rank,monte_carlo,100000,20260926,0.8963952102265612,89473,0,0,0,0,0,0.000038414524267635735,0,0,0.000042934014336062576,0
11,4,20,rank,monte_carlo,100000,20260926,0.9211375331377638,91990,116,0,0.00116,0.00116,0.0009673222738711472,0.0013910031287001877,0.0012610066311555604,0.0010515595841944973,0.001512107677636647,0.00116
11,4,21,rank,monte_carlo,100000,20260926,0.9388226972909509,93824,0,0,0,0,0,0.000038414524267635735,0,0,0.00004094307120883403,0
11,4,22,rank,monte_carlo,100000,20260926,0.9584488678397954,95738,12182,0.12182,0,0.12182,0.11980726527848144,0.12386178993109363,0.12724310096304497,0.12514709841301083,0.12936901693190225,0.31156
11,4,23,rank,monte_carlo,100000,20260926,0.9645159301062779,96462,0,0,0,0,0,0.000038414524267635735,0,0,0.00003982342284359441,0
11,4,24,rank,monte_carlo,100000,20260926,0.9738735244610438,97368,131,0,0.00131,0.00131,0.0011041589570239482,0.001554154921190106,0.0013454112233998849,0.0011340088842118402,0.0015961602861738616,0.00131
11,4,25,rank,monte_carlo,100000,20260926,0.9748306943098316,97401,0,0,0,0,0,0.000038414524267635735,0,0,0.00003943951796334526,0
11,4,26,rank,monte_carlo,100000,20260926,0.978031367508536,97743,12302,0.12302,0,0.12302,0.12099865191306776,0.12507031110164907,0.12586067544478888,0.1237959180153539,0.12795484136672725,0.31354
11,4,27,rank,monte_carlo,100000,20260926,0.9758398570415144,97558,0,0,0,0,0,0.000038414524267635735,0,0,0.0000393760504824255,0
11,4,28,rank,monte_carlo,100000,20260926,0.9749325998729187,97464,128,0,0.00128,0.00128,0.001076729035038048,0.0015215871480474626,0.0013133054255930394,0.0011047480505319228,0.0015611733009059034,0.00128
11,4,29,rank,monte_carlo,100000,20260926,0.9691203626693189,96943,0,0,0,0,0,0.000038414524267635735,0,3.3881317890172014e-21,0.000039625839651902587,0
11,4,30,rank,monte_carlo,100000,20260926,0.9622957117426858,96311,12152,0.12152,0,0.12152,0.11950942855081689,0.12355964970747277,0.12617458026601322,0.12409239267651791,0.128286588549985,0.30836
11,4,31,rank,monte_carlo,100000,20260926,0.974253174201886,97485,0,0,0,0,0,0.000038414524267635735,0,0,0.00003940553541257793,0
11,4,32,rank,monte_carlo,100000,20260926,0.9562965340932419,95718,127,0,0.00127,0.00127,0.0010675923812051243,0.0015107245701708716,0.001326814183330199,0.0011153563606899513,0.0015782984592565966,0.00127
11,4,33,rank,monte_carlo,100000,20260926,0.9256406228844332,92635,0,0,0,0,0,0.000038414524267635735,0,0,0.00004146856689537879,0
11,4,34,rank,monte_carlo,100000,20260926,0.8807602661902155,88121,12255,0.12255,0,0.12255,0.12053201793679372,0.12459698118757595,0.1390701421908512,0.13680123476351974,0.14137051743399004,0.31479
11,4,35,rank,monte_carlo,100000,20260926,0.822635687270594,82298,0,0,0,0,0,0.000038414524267635735,0,0,0.00004667696281537398,0
11,4,36,rank,monte_carlo,100000,20260926,0.7454077162564787,74361,130,0,0.0013,0.0013,0.0010950123611493795,0.0015433022853551602,0.0017482282379204152,0.0014726103641921073,0.0020753243092813322,0.0013
11,4,37,rank,monte_carlo,100000,20260926,0.6520697837103926,65320,12297,0.12297,0,0.12297,0.12094900954079174,0.12501995731537752,0.18825780771586037,0.1852782632534398,0.19127401838702027,0.31543
11,4,38,rank,monte_carlo,100000,20260926,0.542576172256057,54481,0,0,0,0,0,0.000038414524267635735,0,0,0.00007050768410419679,0
11,4,39,rank,monte_carlo,100000,20260926,0.43657265381499255,43823,12335,0.12335,0,0.12335,0.1213262943087182,0.1254026433524126,0.28147319900508866,0.2772818846203388,0.28570282290647514,0.31807
11,4,40,rank,monte_carlo,100000,20260926,0.4551531896453696,45359,12570,0.12118,0.00492,0.1257,0.1236596415570144,0.12776911555585238,0.2771225115192134,0.2730225097431648,0.28126026252478775,0.31618
11,4,41,rank,monte_carlo,100000,20260926,0,0,0,0,0,0,0,0.000038414524267635735,,,,0
11,4,42,rank,monte_carlo,100000,20260926,0,0,0,0,0,0,0,0.000038414524267635735,,,,0
11,4,43,rank,monte_carlo,100000,20260926,0,0,0,0,0,0,0,0.000038414524267635735,,,,0
11,4,44,rank,monte_carlo,100000,20260926,0,0,0,0,0,0,0,0.000038414524267635735,,,,0
11,4,45,rank,monte_carlo,100000,20260926,0,0,0,0,0,0,0,0.000038414524267635735,,,,0
11,4,46,rank,monte_carlo,100000,20260926,0,0,0,0,0,0,0,0.000038414524267635735,,,,0
11,4,47,rank,monte_carlo,100000,20260926,0,0,0,0,0,0,0,0.000038414524267635735,,,,0
11,4,48,rank,monte_carlo,100000,20260926,0,0,0,0,0,0,0,0.000038414524267635735,,,,0
11,4,49,rank,monte_carlo,100000,20260926,0,0,0,0,0,0,0,0.000038414524267635735,,,,0
11,4,50,rank,monte_carlo,100000,20260926,0,0,0,0,0,0,0,0.000038414524267635735,,,,0
11,5,2,rank,monte_carlo,100000,20260926,0,0,0,0,0,0,0,0.000038414524267635735,,,,0
11,5,3,rank,monte_carlo,100000,20260926,0,0,0,0,0,0,0,0.000038414524267635735,,,,0
11,5,4,rank,monte_carlo,100000,20260926,0,0,0,0,0,0,0,0.000038414524267635735,,,,0
11,5,5,rank,monte_carlo,100000,20260926,0,0,0,0,0,0,0,0.000038414524267635735,,,,0
11,5,6,rank,monte_carlo,100000,20260926,0.0005845417936618894,68,0,0,0,0,0,0.000038414524267635735,0,0,0.05347319658804926,0
11,5,7,rank,monte_carlo,100000,20260926,0.003757522529796192,390,0,0,0,0,0,0.000038414524267635735,0,0,0.009754175282651703,0
11,5,8,rank,monte_carlo,100000,20260926,0.010444935902404133,1052,0,0,0,0,0,0.000038414524267635735,0,0,0.0036384245515615225,0
11,5,9,rank,monte_carlo,100000,20260926,0.024206979802076735,2437,0,0,0,0,0,0.000038414524267635735,0,0,0.0015738833687528105,0
11,5,10,rank,monte_carlo,100000,20260926,0.044772072253412225,4394,0,0,0,0,0,0.000038414524267635735,0,0,0.0008735194100669746,0
11,5,11,rank,monte_carlo,100000,20260926,0.0745084044715409,7485,0,0,0,0,0,0.000038414524267635735,0,0,0.0005129765329794129,0
11,5,12,rank,monte_carlo,100000,20260926,0.11301244759378998,11222,0,0,0,0,0,0.000038414524267635735,0,0,0.00034221042278023944,0
11,5,13,rank,monte_carlo,100000,20260926,0.1617024416799233,16218,0,0,0,0,0,0.000038414524267635735,0,0,0.00023681651533325295,0
11,5,14,rank,monte_carlo,100000,20260926,0.21740285621744407,21786,0,0,0,0,0,0.000038414524267635735,0,0,0.0001763023371404407,0
11,5,15,rank,monte_carlo,100000,20260926,0.28056299247501887,28013,6464,0.06464,0,0.06464,0.06313262244400385,0.06618082585056649,0.23075000892442796,0.2258533355207013,0.23572052011333278,0.18064
11,5,16,rank,monte_carlo,100000,20260926,0.3485473010410925,34970,0,0,0,0,0,0.000038414524267635735,0,0,0.0001098420940981216,0
11,5,17,rank,monte_carlo,100000,20260926,0.4182517424200794,41876,0,0,0,0,0,0.000038414524267635735,0,0,0.0000917290957471052,0
11,5,18,rank,monte_carlo,100000,20260926,0.48784319150320854,48756,0,0,0,0,0,0.000038414524267635735,0,0,0.00007878614601569994,0
11,5,19,rank,monte_carlo,100000,20260926,0.5551798368082337,55438,0,0,0,0,0,0.000038414524267635735,0,0,0.00006929062760426054,0
11,5,20,rank,monte_carlo,100000,20260926,0.6187972767543468,61884,6423,0.06423,0,0.06423,0.06272714578342325,0.06576633401105697,0.10379096373860772,0.10141252016899953,0.10621859553628625,0.17912
11,5,21,rank,monte_carlo,100000,20260926,0.6775088646663092,67733,0,0,0,0,0,0.000038414524267635735,0,0,0.00005671359793663599,0
11,5,22,rank,monte_carlo,100000,20260926,0.7301333145313152,72878,0,0,0,0,0,0.000038414524267635735,0,3.3881317890172014e-21,0.0000527099743319329,0
11,5,23,rank,monte_carlo,100000,20260926,0.7781783971732696,77643,0,0,0,0,0,0.000038414524267635735,0,0,0.00004947528992602321,0
11,5,24,rank,monte_carlo,100000,20260926,0.8186961630629027,81852,0,0,0,0,0,0.000038414524267635735,0,0,0.000046931287064062146,0
11,5,25,rank,monte_carlo,100000,20260926,0.8539537295227683,85359,6409,0.06409,0,0.06409,0.06258869437801107,0.06562479617253594,0.07508288522592814,0.07333406211891286,0.0768699535824576,0.18268
11,5,26,rank,monte_carlo,100000,20260926,0.8822112039002392,88027,0,0,0,0,0,0.000038414524267635735,0,0,0.00004363925108720079,0
11,5,27,rank,monte_carlo,100000,20260926,0.9054935130392192,90372,0,0,0,0,0,0.000038414524267635735,0,0,0.0000425069347293359,0
11,5,28,rank,monte_carlo,100000,20260926,0.9237544660827267,92309,0,0,0,0,0,0.000038414524267635735,0,0,0.000041615011881510526,0
11,5,29,rank,monte_carlo,100000,20260926,0.9382656756526159,93763,0,0,0,0,0,0.000038414524267635735,0,0,0.0000409697067155987,0
11,5,30,rank,monte_carlo,100000,20260926,0.9490870961270278,94863,6468,0.06468,0,0.06468,0.06317218208291527,0.06622126313849312,0.06818253692166598,0.06659594088146338,0.06980410556005322,0.18776
11,5,31,rank,monte_carlo,100000,20260926,0.9569019535384035,95641,0,0,0,0,0,0.000038414524267635735,0,0,0.000040165260726408066,0
11,5,32,rank,monte_carlo,100000,20260926,0.9691515451151078,96857,0,0,0,0,0,0.000038414524267635735,0,0,0.00003966102231347947,0
11,5,33,rank,monte_carlo,100000,20260926,0.9694322150062814,96975,0,0,0,0,0,0.000038414524267635735,0,0,0.000039612764357869986,0
11,5,34,rank,monte_carlo,100000,20260926,0.97433688982834,97409,0,0,0,0,0,0.000038414524267635735,0,0,0.00003943627900492331,0
11,5,35,rank,monte_carlo,100000,20260926,0.9706812143884196,97028,6420,0.0642,0,0.0642,0.06269747745144016,0.06573600464791152,0.06616646741146885,0.06461949182975983,0.06774779491047246,0.18005
11,5,36,rank,monte_carlo,100000,20260926,0.9688216430977542,96876,0,0,0,0,0,0.000038414524267635735,0,0,0.00003965324402429658,0
11,5,37,rank,monte_carlo,100000,20260926,0.9602108272758083,96003,0,0,0,0,0,0.000038414524267635735,0,0,0.0000400138150154499,0
11,5,38,rank,monte_carlo,100000,20260926,0.9510027681926797,95114,0,0,0,0,0,0.000038414524267635735,0,0,0.000040387796183970605,0
11,5,39,rank,monte_carlo,100000,20260926,0.934480168294193,93498,0,0,0,0,0,0.000038414524267635735,0,0,0.00004108582177915092,0
11,5,40,rank,monte_carlo,100000,20260926,0.9136871667341919,91542,6351,0.06351,0,0.06351,0.06201513207338177,0.06503840303801339,0.06937799043062201,0.06774994486781515,0.07104217695806582,0.17999
11,5,41,rank,monte_carlo,100000,20260926,0.9031937845511326,90450,0,0,0,0,0,0.000038414524267635735,0,0,0.00004247028022301265,0
11,5,42,rank,monte_carlo,100000,20260926,0.8618150604226836,86269,0,0,0,0,0,0.000038414524267635735,0,0,0.00004452849736666144,0
11,5,43,rank,monte_carlo,100000,20260926,0.803569368980036,80256,0,0,0,0,0,0.000038414524267635735,0,0,0.000047864535032922366,0
11,5,44,rank,monte_carlo,100000,20260926,0.7299739729114378,72905,6367,0.06367,0,0.06367,0.062173352588292076,0.06520017023045534,0.08733283039572046,0.08530513312000135,0.08940401491287589,0.18349
11,5,45,rank,monte_carlo,100000,20260926,0.6475981388436416,64727,0,0,0,0,0,0.000038414524267635735,0,0,0.00005934728956158048,0
11,5,46,rank,monte_carlo,100000,20260926,0.5517316094222768,55107,0,0,0,0,0,0.000038414524267635735,0,0,0.00006970679250160461,0
11,5,47,rank,monte_carlo,100000,20260926,0.45012853123721164,45076,6505,0.06505,0,0.06505,0.06353811662099611,0.06659530017366432,0.14431182891117225,0.1410980522729753,0.14758622739849545,0.18646
11,5,48,rank,monte_carlo,100000,20260926,0.34524513212154867,34646,0,0,0,0,0,0.000038414524267635735,0,0,0.00011086919369928663,0
11,5,49,rank,monte_carlo,100000,20260926,0.2535451716990391,25488,6421,0.06421,0,0.06421,0.06270736688491761,0.0657461144461436,0.2519224733207784,0.24663052474351188,0.25728919206502177,0.18286
11,5,50,rank,monte_carlo,100000,20260926,0.20363266447641382,20203,0,0,0,0,0,0.000038414524267635735,0,0,0.00019011382758599935,0
11,any_2_to_5,2,rank,monte_carlo,100000,20260926,0.19279711884753903,19135,19135,0,0.19135,0.19135,0.18892377977556424,0.19379993351026614,1,0.999799277297953,0.9999999999999999,0.24708
11,any_2_to_5,3,rank,monte_carlo,100000,20260926,0.3911996621035093,38981,38981,0.37772,0.02596,0.38981,0.3867914483975267,0.39283701739533133,1,0.9999014591353373,0.9999999999999999,0.69261
11,any_2_to_5,4,rank,monte_carlo,100000,20260926,0.5479040287672412,54897,19573,0,0.19573,0.19573,0.19328255397009714,0.19820082280450063,0.3565404302603057,0.3525438043065537,0.36055713292935204,0.25126
11,any_2_to_5,5,rank,monte_carlo,100000,20260926,0.6797497659914334,67965,37927,0.37927,0,0.37927,0.3762673578300139,0.3822819177410158,0.5580372250423011,0.5543003624179252,0.5617675271369262,0.66721
11,any_2_to_5,6,rank,monte_carlo,100000,20260926,0.7762834280016943,77555,37132,0.22098,0.21462,0.37132,0.3683303535641762,0.3743195327977893,0.4787827993037199,0.47526809141523474,0.4822996090286047,0.75848
11,any_2_to_5,7,rank,monte_carlo,100000,20260926,0.85505590128068,85442,38079,0.38079,0,0.38079,0.3777849710641739,0.38380418772670205,0.44567074740759816,0.4423404480926869,0.44900593195162897,0.66575
11,any_2_to_5,8,rank,monte_carlo,100000,20260926,0.9099340541308211,90877,19445,0,0.19445,0.19445,0.19200870718223378,0.19691476793354618,0.21397053159765397,0.21131625013202535,0.2166489944151819,0.25162
11,any_2_to_5,9,rank,monte_carlo,100000,20260926,0.9444102965084432,94310,49519,0.47888,0.02667,0.49519,0.49209135558547856,0.4982890139622449,0.525066270809034,0.5218781773033966,0.5282523223114127,1.17717
11,any_2_to_5,10,rank,monte_carlo,100000,20260926,0.9696633509356043,96924,30136,0.12316,0.19234,0.30136,0.2985237012012001,0.30421156012100103,0.3109240229458132,0.30801748730045264,0.3138455461171822,0.56001
11,any_2_to_5,11,rank,monte_carlo,100000,20260926,0.9854119247781193,98504,37611,0.37611,0,0.37611,0.37311242017474444,0.37911709817607864,0.3818220579874929,0.3787927166053697,0.384860616755251,0.65656
11,any_2_to_5,12,rank,monte_carlo,100000,20260926,0.9896257036438945,98899,40188,0.22194,0.21651,0.40188,0.3988450510625464,0.40492248740369585,0.4063539570673111,0.4032965613632004,0.4094186276005916,0.75781
11,any_2_to_5,13,rank,monte_carlo,100000,20260926,0.9905454352741578,99055,37751,0.37751,0,0.37751,0.3745101606101553,0.38051925017999977,0.3811115037100601,0.37809169372277923,0.3841405349246431,0.65955
11,any_2_to_5,14,rank,monte_carlo,100000,20260926,0.9932323485345942,99330,30132,0.12283,0.1934,0.30132,0.2984838100720922,0.3041714543232708,0.30335246149199635,0.30050123013746594,0.3062189029938797,0.56027
11,any_2_to_5,15,rank,monte_carlo,100000,20260926,0.9934096769910604,99304,57260,0.55965,0.02538,0.5726,0.5695310791600876,0.5756633430509888,0.5766132280673487,0.5735371732079376,0.5796833555524014,1.35582
11,any_2_to_5,16,rank,monte_carlo,100000,20260926,0.995659607626303,99531,19558,0,0.19558,0.19558,0.1931332729414491,0.198050115357506,0.1965015924686781,0.19404471627687617,0.19898189602447905,0.25224
11,any_2_to_5,17,rank,monte_carlo,100000,20260926,0.9946606288354433,99429,38167,0.38167,0,0.38167,0.3786636035475563,0.38468548763375693,0.38386185117018173,0.3808434773680667,0.386889198995474,0.66712
11,any_2_to_5,18,rank,monte_carlo,100000,20260926,0.9968246898050276,99652,44701,0.27731,0.21571,0.44701,0.4439305149338516,0.4500935562374303,0.4485710271745675,0.4454850958074685,0.4516609235785141,1.06201
11,any_2_to_5,19,rank,monte_carlo,100000,20260926,0.995401231259484,99549,38036,0.38036,0,0.38036,0.3773556430931407,0.3833735487342261,0.3820831952103989,0.3790693668979371,0.3851061240003559,0.66672
11,any_2_to_5,20,rank,monte_carlo,100000,20260926,0.9999994557951863,100000,87150,0.72761,0.6105,0.8715,0.8694115641599243,0.8735598938485449,0.8715,0.8694115641599243,0.8735598938485449,3.16412
11,any_2_to_5,21,rank,monte_carlo,100000,20260926,0.9951531512106563,99484,24010,0.22055,0.02644,0.2401,0.2374625500685465,0.24275741780116783,0.24134534196453702,0.23869634601347398,0.24401431317525654,0.51029
11,any_2_to_5,22,rank,monte_carlo,100000,20260926,0.9965756704764388,99625,12182,0.12182,0,0.12182,0.11980726527848144,0.12386178993109363,0.12227854454203262,0.12025874755037826,0.1243274707440639,0.31156
11,any_2_to_5,23,rank,monte_carlo,100000,20260926,0.9952517390977679,99516,0,0,0,0,0,0.000038414524267635735,0,3.3881317890172014e-21,0.00003860134761307739,0
11,any_2_to_5,24,rank,monte_carlo,100000,20260926,0.9967657237102451,99658,24189,0.22111,0.02762,0.24189,0.2392457629332542,0.24455406741246324,0.24272010275140982,0.24006821812134074,0.24539182178223654,0.51147
11,any_2_to_5,25,rank,monte_carlo,100000,20260926,0.9952050615820889,99485,6409,0.06409,0,0.06409,0.06258869437801107,0.06562479617253594,0.06442177212645123,0.06291295268680337,0.06596422985745494,0.18268
11,any_2_to_5,26,rank,monte_carlo,100000,20260926,0.9967235926688529,99643,12302,0.12302,0,0.12302,0.12099865191306776,0.12507031110164907,0.12346075489497506,0.12143266146626398,0.1255178811187205,0.31354
11,any_2_to_5,27,rank,monte_carlo,100000,20260926,0.9951516069351324,99488,24138,0.2218,0.02678,0.24138,0.23873769023708685,0.24404217929144534,0.2426222257960759,0.23996845379861143,0.24529587364348904,0.51319
11,any_2_to_5,28,rank,monte_carlo,100000,20260926,0.996382257648715,99613,128,0,0.00128,0.00128,0.001076729035038048,0.0015215871480474626,0.0012849728449098009,0.001080912555567936,0.0015274977877690282,0.00128
11,any_2_to_5,29,rank,monte_carlo,100000,20260926,0.9948025346443164,99473,22137,0.22137,0,0.22137,0.21880748629867552,0.2239539205791179,0.22254280055894565,0.21996861492631695,0.22513841589441227,0.48107
11,any_2_to_5,30,rank,monte_carlo,100000,20260926,0.9993808206096172,99921,50851,0.44537,0.10316,0.50851,0.5054111493810016,0.5116081968037953,0.5089120405120044,0.5058119930174539,0.5120114027616393,1.57313
11,any_2_to_5,31,rank,monte_carlo,100000,20260926,0.9943406586552712,99409,0,0,0,0,0,0.000038414524267635735,0,0,0.000038642895004019275,0
11,any_2_to_5,32,rank,monte_carlo,100000,20260926,0.995051010099197,99489,127,0,0.00127,0.00127,0.0010675923812051243,0.0015107245701708716,0.0012765230326970821,0.0010730763086232481,0.0015184830021121288,0.00127
11,any_2_to_5,33,rank,monte_carlo,100000,20260926,0.9917346832457571,99188,0,0,0,0,0,0.000038414524267635735,0,0,0.00003872899159884133,0
11,any_2_to_5,34,rank,monte_carlo,100000,20260926,0.9909407259699234,99055,12255,0.12255,0,0.12255,0.12053201793679372,0.12459698118757595,0.12371914592902933,0.12168323473810179,0.12578424220844872,0.31479
11,any_2_to_5,35,rank,monte_carlo,100000,20260926,0.9858977151186086,98564,6420,0.0642,0,0.0642,0.06269747745144016,0.06573600464791152,0.06513534353313583,0.06361166520315766,0.06669291884284216,0.18005
11,any_2_to_5,36,rank,monte_carlo,100000,20260926,0.9815822306774,98140,130,0,0.0013,0.0013,0.0010950123611493795,0.0015433022853551602,0.0013246382718565316,0.0011157675855951804,0.0015725478063712986,0.0013
11,any_2_to_5,37,rank,monte_carlo,100000,20260926,0.9726981053708075,97274,12297,0.12297,0,0.12297,0.12094900954079174,0.12501995731537752,0.12641610296687708,0.12434245727748407,0.12851925506544273,0.31543
11,any_2_to_5,38,rank,monte_carlo,100000,20260926,0.9628682754016549,96267,0,0,0,0,0,0.000038414524267635735,0,0,0.00003990408659728596,0
11,any_2_to_5,39,rank,monte_carlo,100000,20260926,0.9460673553344824,94652,12335,0.12335,0,0.12335,0.1213262943087182,0.1254026433524126,0.13031948611756752,0.1281897353261724,0.1324792438190091,0.31807
11,any_2_to_5,40,rank,monte_carlo,100000,20260926,0.9412106309958728,94212,18385,0.17938,0.00492,0.18385,0.1814612667321615,0.18626302277153295,0.19514499214537426,0.19262674452810502,0.19768810035887208,0.49617
11,any_2_to_5,41,rank,monte_carlo,100000,20260926,0.9031937845511326,90450,0,0,0,0,0,0.000038414524267635735,0,0,0.00004247028022301265,0
11,any_2_to_5,42,rank,monte_carlo,100000,20260926,0.8618150604226836,86269,0,0,0,0,0,0.000038414524267635735,0,0,0.00004452849736666144,0
11,any_2_to_5,43,rank,monte_carlo,100000,20260926,0.803569368980036,80256,0,0,0,0,0,0.000038414524267635735,0,0,0.000047864535032922366,0
11,any_2_to_5,44,rank,monte_carlo,100000,20260926,0.7299739729114378,72905,6367,0.06367,0,0.06367,0.062173352588292076,0.06520017023045534,0.08733283039572046,0.08530513312000135,0.08940401491287589,0.18349
11,any_2_to_5,45,rank,monte_carlo,100000,20260926,0.6475981388436416,64727,0,0,0,0,0,0.000038414524267635735,0,0,0.00005934728956158048,0
11,any_2_to_5,46,rank,monte_carlo,100000,20260926,0.5517316094222768,55107,0,0,0,0,0,0.000038414524267635735,0,0,0.00006970679250160461,0
11,any_2_to_5,47,rank,monte_carlo,100000,20260926,0.45012853123721164,45076,6505,0.06505,0,0.06505,0.06353811662099611,0.06659530017366432,0.14431182891117225,0.1410980522729753,0.14758622739849545,0.18646
11,any_2_to_5,48,rank,monte_carlo,100000,20260926,0.34524513212154867,34646,0,0,0,0,0,0.000038414524267635735,0,0,0.00011086919369928663,0
11,any_2_to_5,49,rank,monte_carlo,100000,20260926,0.2535451716990391,25488,6421,0.06421,0,0.06421,0.06270736688491761,0.0657461144461436,0.2519224733207784,0.24663052474351188,0.25728919206502177,0.18286
11,any_2_to_5,50,rank,monte_carlo,100000,20260926,0.20363266447641382,20203,0,0,0,0,0,0.000038414524267635735,0,0,0.00019011382758599935,0
11,2,2,value,exact,,,0.19279711884753903,,,0,0.19279711884753903,0.19279711884753903,,,1,,,0.248868778280543
11,2,3,value,exact,,,0.3788287192767949,,,0.3788287192767949,0,0.3788287192767949,,,1,,,0.6636500754147813
11,2,4,value,exact,,,0.5118465448696958,,,0,0.19279711884753903,0.19279711884753903,,,0.37666976710103744,,,0.248868778280543
11,2,5,value,exact,,,0.6352715885743321,,,0.3788287192767949,0,0.3788287192767949,,,0.5963256126831631,,,0.6636500754147813
11,2,6,value,exact,,,0.7230860231773731,,,0,0.19279711884753903,0.19279711884753903,,,0.26663095768378015,,,0.248868778280543
11,2,7,value,exact,,,0.8007172586996204,,,0.3788287192767949,0,0.3788287192767949,,,0.4731117197249123,,,0.6636500754147813
11,2,8,value,exact,,,0.8554890699691446,,,0,0.19279711884753903,0.19279711884753903,,,0.22536479496399964,,,0.248868778280543
11,2,9,value,exact,,,0.9010047786976987,,,0.3788287192767949,0,0.3788287192767949,,,0.4204513985201602,,,0.6636500754147813
11,2,10,value,exact,,,0.9326662138562106,,,0,0.19279711884753903,0.19279711884753903,,,0.20671609626599233,,,0.248868778280543
11,2,11,value,exact,,,0.9761891449481581,,,0.3788287192767949,0,0.3788287192767949,,,0.38806897335138174,,,0.6636500754147813
11,2,12,value,exact,,,0.9623092648794825,,,0,0.19279711884753903,0.19279711884753903,,,0.20034839721893824,,,0.248868778280543
11,2,13,value,exact,,,0.9436924491034451,,,0.3788287192767949,0,0.3788287192767949,,,0.4014323942474067,,,0.6636500754147813
11,2,14,value,exact,,,0.9167241102395493,,,0,0.19279711884753903,0.19279711884753903,,,0.2103109503656004,,,0.248868778280543
11,2,15,value,exact,,,0.8834546775307986,,,0.3788287192767949,0,0.3788287192767949,,,0.42880379595204343,,,0.6636500754147813
11,2,16,value,exact,,,0.8360175556340703,,,0,0.19279711884753903,0.19279711884753903,,,0.2306137204275737,,,0.248868778280543
11,2,17,value,exact,,,0.7810896836679462,,,0.3788287192767949,0,0.3788287192767949,,,0.4850002851117428,,,0.6636500754147813
11,2,18,value,exact,,,0.7035369602523366,,,0,0.19279711884753903,0.19279711884753903,,,0.2740397871611305,,,0.248868778280543
11,2,19,value,exact,,,0.6181199136712103,,,0.6181199136712103,0,0.6181199136712103,,,1,,,2.654600301659125
11,2,20,value,exact,,,0.9227233966902233,,,0,0.9227233966902233,0.9227233966902233,,,1,,,4.97737556561086
11,2,21,value,exact,,,0,,,0,0,0,,,,,,0
11,2,22,value,exact,,,0,,,0,0,0,,,,,,0
11,2,23,value,exact,,,0,,,0,0,0,,,,,,0
11,2,24,value,exact,,,0,,,0,0,0,,,,,,0
11,2,25,value,exact,,,0,,,0,0,0,,,,,,0
11,2,26,value,exact,,,0,,,0,0,0,,,,,,0
11,2,27,value,exact,,,0,,,0,0,0,,,,,,0
11,2,28,value,exact,,,0,,,0,0,0,,,,,,0
11,2,29,value,exact,,,0,,,0,0,0,,,,,,0
11,2,30,value,exact,,,0,,,0,0,0,,,,,,0
11,2,31,value,exact,,,0,,,0,0,0,,,,,,0
11,2,32,value,exact,,,0,,,0,0,0,,,,,,0
11,2,33,value,exact,,,0,,,0,0,0,,,,,,0
11,2,34,value,exact,,,0,,,0,0,0,,,,,,0
11,2,35,value,exact,,,0,,,0,0,0,,,,,,0
11,2,36,value,exact,,,0,,,0,0,0,,,,,,0
11,2,37,value,exact,,,0,,,0,0,0,,,,,,0
11,2,38,value,exact,,,0,,,0,0,0,,,,,,0
11,2,39,value,exact,,,0,,,0,0,0,,,,,,0
11,2,40,value,exact,,,0,,,0,0,0,,,,,,0
11,2,41,value,exact,,,0,,,0,0,0,,,,,,0
11,2,42,value,exact,,,0,,,0,0,0,,,,,,0
11,2,43,value,exact,,,0,,,0,0,0,,,,,,0
11,2,44,value,exact,,,0,,,0,0,0,,,,,,0
11,2,45,value,exact,,,0,,,0,0,0,,,,,,0
11,2,46,value,exact,,,0,,,0,0,0,,,,,,0
11,2,47,value,exact,,,0,,,0,0,0,,,,,,0
11,2,48,value,exact,,,0,,,0,0,0,,,,,,0
11,2,49,value,exact,,,0,,,0,0,0,,,,,,0
11,2,50,value,exact,,,0,,,0,0,0,,,,,,0
11,3,2,value,exact,,,0,,,0,0,0,,,,,,0
11,3,3,value,exact,,,0.026207406039338813,,,0,0.026207406039338813,0.026207406039338813,,,1,,,0.02986425339366516
11,3,4,value,exact,,,0.11000696300721954,,,0,0,0,,,0,,,0
11,3,5,value,exact,,,0.20552298625278048,,,0,0,0,,,0,,,0
11,3,6,value,exact,,,0.3182915203617088,,,0.22042254588731777,0.026207406039338813,0.23976307128922605,,,0.7532813661411951,,,0.5076923076923077
11,3,7,value,exact,,,0.4360581475651827,,,0,0,0,,,0,,,0
11,3,8,value,exact,,,0.5464138378514051,,,0,0,0,,,0,,,0
11,3,9,value,exact,,,0.6445074218368404,,,0.22042254588731777,0.026207406039338813,0.23976307128922605,,,0.37200979099030923,,,0.5076923076923077
11,3,10,value,exact,,,0.7354509947833214,,,0,0,0,,,0,,,0
11,3,11,value,exact,,,0.8085039465917846,,,0,0,0,,,0,,,0
11,3,12,value,exact,,,0.869828005737402,,,0.22042254588731777,0.026207406039338813,0.23976307128922605,,,0.2756442304774556,,,0.5076923076923077
11,3,13,value,exact,,,0.9059567723203493,,,0,0,0,,,0,,,0
11,3,14,value,exact,,,0.9359066372499132,,,0,0,0,,,0,,,0
11,3,15,value,exact,,,0.9499437099982849,,,0.22042254588731777,0.026207406039338813,0.23976307128922605,,,0.25239713549938547,,,0.5076923076923077
11,3,16,value,exact,,,0.9624728419332464,,,0,0,0,,,0,,,0
11,3,17,value,exact,,,0.9672582079619838,,,0,0,0,,,0,,,0
11,3,18,value,exact,,,0.9711542967717223,,,0.22042254588731777,0.026207406039338813,0.23976307128922605,,,0.24688463211895187,,,0.5076923076923077
11,3,19,value,exact,,,0.9706417800679604,,,0,0,0,,,0,,,0
11,3,20,value,exact,,,0.9677996795669345,,,0,0,0,,,0,,,0
11,3,21,value,exact,,,0.9866350141042054,,,0.22042254588731777,0.026207406039338813,0.23976307128922605,,,0.24301090865593689,,,0.5076923076923077
11,3,22,value,exact,,,0.9759289105503507,,,0,0,0,,,0,,,0
11,3,23,value,exact,,,0.95657036182404,,,0,0,0,,,0,,,0
11,3,24,value,exact,,,0.9271392789068086,,,0.22042254588731777,0.026207406039338813,0.23976307128922605,,,0.258605235204716,,,0.5076923076923077
11,3,25,value,exact,,,0.8872149175087252,,,0,0,0,,,0,,,0
11,3,26,value,exact,,,0.8313075055516722,,,0,0,0,,,0,,,0
11,3,27,value,exact,,,0.7578431480158271,,,0.37279878498308944,0.026207406039338813,0.3856965594576363,,,0.5089398254341428,,,1.9411764705882353
11,3,28,value,exact,,,0.6639857672733702,,,0,0,0,,,0,,,0
11,3,29,value,exact,,,0.5678780839981004,,,0,0,0,,,0,,,0
11,3,30,value,exact,,,0.7356953138722818,,,0,0.7356953138722818,0.7356953138722818,,,1,,,4.180995475113122
11,3,31,value,exact,,,0,,,0,0,0,,,,,,0
11,3,32,value,exact,,,0,,,0,0,0,,,,,,0
11,3,33,value,exact,,,0,,,0,0,0,,,,,,0
11,3,34,value,exact,,,0,,,0,0,0,,,,,,0
11,3,35,value,exact,,,0,,,0,0,0,,,,,,0
11,3,36,value,exact,,,0,,,0,0,0,,,,,,0
11,3,37,value,exact,,,0,,,0,0,0,,,,,,0
11,3,38,value,exact,,,0,,,0,0,0,,,,,,0
11,3,39,value,exact,,,0,,,0,0,0,,,,,,0
11,3,40,value,exact,,,0,,,0,0,0,,,,,,0
11,3,41,value,exact,,,0,,,0,0,0,,,,,,0
11,3,42,value,exact,,,0,,,0,0,0,,,,,,0
11,3,43,value,exact,,,0,,,0,0,0,,,,,,0
11,3,44,value,exact,,,0,,,0,0,0,,,,,,0
11,3,45,value,exact,,,0,,,0,0,0,,,,,,0
11,3,46,value,exact,,,0,,,0,0,0,,,,,,0
11,3,47,value,exact,,,0,,,0,0,0,,,,,,0
11,3,48,value,exact,,,0,,,0,0,0,,,,,,0
11,3,49,value,exact,,,0,,,0,0,0,,,,,,0
11,3,50,value,exact,,,0,,,0,0,0,,,,,,0
11,4,2,value,exact,,,0,,,0,0,0,,,,,,0
11,4,3,value,exact,,,0,,,0,0,0,,,,,,0
11,4,4,value,exact,,,0.001218949118108782,,,0,0.001218949118108782,0.001218949118108782,,,1,,,0.001218949118108782
11,4,5,value,exact,,,0.013836463212624408,,,0,0,0,,,0,,,0
11,4,6,value,exact,,,0.041364764394237356,,,0,0,0,,,0,,,0
11,4,7,value,exact,,,0.08277537370654815,,,0,0,0,,,0,,,0
11,4,8,value,exact,,,0.14333431631238347,,,0,0.001218949118108782,0.001218949118108782,,,0.008504237850845144,,,0.001218949118108782
11,4,9,value,exact,,,0.21489391183751297,,,0,0,0,,,0,,,0
11,4,10,value,exact,,,0.2960947714233862,,,0.12238584997925767,0,0.12238584997925767,,,0.4133333709032573,,,0.3120509742358482
11,4,11,value,exact,,,0.3841728494190757,,,0,0,0,,,0,,,0
11,4,12,value,exact,,,0.47487836620120816,,,0,0.001218949118108782,0.001218949118108782,,,0.002566865970037278,,,0.001218949118108782
11,4,13,value,exact,,,0.560354543237831,,,0,0,0,,,0,,,0
11,4,14,value,exact,,,0.6418531573555087,,,0.12238584997925767,0,0.12238584997925767,,,0.19067577774875813,,,0.3120509742358482
11,4,15,value,exact,,,0.7133937515371443,,,0,0,0,,,0,,,0
11,4,16,value,exact,,,0.7740896047635459,,,0,0.001218949118108782,0.001218949118108782,,,0.0015746873625581412,,,0.001218949118108782
11,4,17,value,exact,,,0.8240044836278356,,,0,0,0,,,0,,,0
11,4,18,value,exact,,,0.8644071194065708,,,0.12238584997925767,0,0.12238584997925767,,,0.14158357472029787,,,0.3120509742358482
11,4,19,value,exact,,,0.8963952102265612,,,0,0,0,,,0,,,0
11,4,20,value,exact,,,0.9211375331377638,,,0,0.001218949118108782,0.001218949118108782,,,0.001323308490054197,,,0.001218949118108782
11,4,21,value,exact,,,0.9388226972909509,,,0,0,0,,,0,,,0
11,4,22,value,exact,,,0.9584488678397954,,,0.12238584997925767,0,0.12238584997925767,,,0.12769157968238576,,,0.3120509742358482
11,4,23,value,exact,,,0.9645159301062779,,,0,0,0,,,0,,,0
11,4,24,value,exact,,,0.9738735244610438,,,0,0.001218949118108782,0.001218949118108782,,,0.0012516503298345303,,,0.001218949118108782
11,4,25,value,exact,,,0.9748306943098316,,,0,0,0,,,0,,,0
11,4,26,value,exact,,,0.978031367508536,,,0.12238584997925767,0,0.12238584997925767,,,0.12513489244320122,,,0.3120509742358482
11,4,27,value,exact,,,0.9758398570415144,,,0,0,0,,,0,,,0
11,4,28,value,exact,,,0.9749325998729187,,,0,0.001218949118108782,0.001218949118108782,,,0.001250290654213092,,,0.001218949118108782
11,4,29,value,exact,,,0.9691203626693189,,,0,0,0,,,0,,,0
11,4,30,value,exact,,,0.9622957117426858,,,0.12238584997925767,0,0.12238584997925767,,,0.12718112372923385,,,0.3120509742358482
11,4,31,value,exact,,,0.974253174201886,,,0,0,0,,,0,,,0
11,4,32,value,exact,,,0.9562965340932419,,,0,0.001218949118108782,0.001218949118108782,,,0.0012746560032914757,,,0.001218949118108782
11,4,33,value,exact,,,0.9256406228844332,,,0,0,0,,,0,,,0
11,4,34,value,exact,,,0.8807602661902155,,,0.21585894928005905,0,0.21585894928005905,,,0.2450825242307656,,,1.2482038969433928
11,4,35,value,exact,,,0.822635687270594,,,0,0,0,,,0,,,0
11,4,36,value,exact,,,0.7454077162564787,,,0,0.001218949118108782,0.001218949118108782,,,0.0016352783738683059,,,0.001218949118108782
11,4,37,value,exact,,,0.6520697837103926,,,0,0,0,,,0,,,0
11,4,38,value,exact,,,0.542576172256057,,,0,0,0,,,0,,,0
11,4,39,value,exact,,,0.43657265381499255,,,0,0,0,,,0,,,0
11,4,40,value,exact,,,0.4551531896453696,,,0,0.4551531896453696,0.4551531896453696,,,1,,,2.2184873949579833
11,4,41,value,exact,,,0,,,0,0,0,,,,,,0
11,4,42,value,exact,,,0,,,0,0,0,,,,,,0
11,4,43,value,exact,,,0,,,0,0,0,,,,,,0
11,4,44,value,exact,,,0,,,0,0,0,,,,,,0
11,4,45,value,exact,,,0,,,0,0,0,,,,,,0
11,4,46,value,exact,,,0,,,0,0,0,,,,,,0
11,4,47,value,exact,,,0,,,0,0,0,,,,,,0
11,4,48,value,exact,,,0,,,0,0,0,,,,,,0
11,4,49,value,exact,,,0,,,0,0,0,,,,,,0
11,4,50,value,exact,,,0,,,0,0,0,,,,,,0
11,5,2,value,exact,,,0,,,0,0,0,,,,,,0
11,5,3,value,exact,,,0,,,0,0,0,,,,,,0
11,5,4,value,exact,,,0,,,0,0,0,,,,,,0
11,5,5,value,exact,,,0,,,0,0,0,,,,,,0
11,5,6,value,exact,,,0.0005845417936618894,,,0,0,0,,,0,,,0
11,5,7,value,exact,,,0.003757522529796192,,,0,0,0,,,0,,,0
11,5,8,value,exact,,,0.010444935902404133,,,0,0,0,,,0,,,0
11,5,9,value,exact,,,0.024206979802076735,,,0,0,0,,,0,,,0
11,5,10,value,exact,,,0.044772072253412225,,,0,0,0,,,0,,,0
11,5,11,value,exact,,,0.0745084044715409,,,0,0,0,,,0,,,0
11,5,12,value,exact,,,0.11301244759378998,,,0,0,0,,,0,,,0
11,5,13,value,exact,,,0.1617024416799233,,,0,0,0,,,0,,,0
11,5,14,value,exact,,,0.21740285621744407,,,0,0,0,,,0,,,0
11,5,15,value,exact,,,0.28056299247501887,,,0.06420308802909327,0,0.06420308802909327,,,0.22883662404196045,,,0.18202973497091143
11,5,16,value,exact,,,0.3485473010410925,,,0,0,0,,,0,,,0
11,5,17,value,exact,,,0.4182517424200794,,,0,0,0,,,0,,,0
11,5,18,value,exact,,,0.48784319150320854,,,0,0,0,,,0,,,0
11,5,19,value,exact,,,0.5551798368082337,,,0,0,0,,,0,,,0
11,5,20,value,exact,,,0.6187972767543468,,,0.06420308802909327,0,0.06420308802909327,,,0.10375463894386357,,,0.18202973497091143
11,5,21,value,exact,,,0.6775088646663092,,,0,0,0,,,0,,,0
11,5,22,value,exact,,,0.7301333145313152,,,0,0,0,,,0,,,0
11,5,23,value,exact,,,0.7781783971732696,,,0,0,0,,,0,,,0
11,5,24,value,exact,,,0.8186961630629027,,,0,0,0,,,0,,,0
11,5,25,value,exact,,,0.8539537295227683,,,0.06420308802909327,0,0.06420308802909327,,,0.07518333348690115,,,0.18202973497091143
11,5,26,value,exact,,,0.8822112039002392,,,0,0,0,,,0,,,0
11,5,27,value,exact,,,0.9054935130392192,,,0,0,0,,,0,,,0
11,5,28,value,exact,,,0.9237544660827267,,,0,0,0,,,0,,,0
11,5,29,value,exact,,,0.9382656756526159,,,0,0,0,,,0,,,0
11,5,30,value,exact,,,0.9490870961270278,,,0.06420308802909327,0,0.06420308802909327,,,0.06764720360343009,,,0.18202973497091143
11,5,31,value,exact,,,0.9569019535384035,,,0,0,0,,,0,,,0
11,5,32,value,exact,,,0.9691515451151078,,,0,0,0,,,0,,,0
11,5,33,value,exact,,,0.9694322150062814,,,0,0,0,,,0,,,0
11,5,34,value,exact,,,0.97433688982834,,,0,0,0,,,0,,,0
11,5,35,value,exact,,,0.9706812143884196,,,0.06420308802909327,0,0.06420308802909327,,,0.0661422999409179,,,0.18202973497091143
11,5,36,value,exact,,,0.9688216430977542,,,0,0,0,,,0,,,0
11,5,37,value,exact,,,0.9602108272758083,,,0,0,0,,,0,,,0
11,5,38,value,exact,,,0.9510027681926797,,,0,0,0,,,0,,,0
11,5,39,value,exact,,,0.934480168294193,,,0,0,0,,,0,,,0
11,5,40,value,exact,,,0.9136871667341919,,,0.11901294827413837,0,0.11901294827413837,,,0.13025568554227202,,,0.7281189398836457
11,5,41,value,exact,,,0.9031937845511326,,,0,0,0,,,0,,,0
11,5,42,value,exact,,,0.8618150604226836,,,0,0,0,,,0,,,0
11,5,43,value,exact,,,0.803569368980036,,,0,0,0,,,0,,,0
11,5,44,value,exact,,,0.7299739729114378,,,0,0,0,,,0,,,0
11,5,45,value,exact,,,0.6475981388436416,,,0,0,0,,,0,,,0
11,5,46,value,exact,,,0.5517316094222768,,,0,0,0,,,0,,,0
11,5,47,value,exact,,,0.45012853123721164,,,0,0,0,,,0,,,0
11,5,48,value,exact,,,0.34524513212154867,,,0,0,0,,,0,,,0
11,5,49,value,exact,,,0.2535451716990391,,,0,0,0,,,0,,,0
11,5,50,value,exact,,,0.20363266447641382,,,0,0.20363266447641382,0.20363266447641382,,,1,,,0.7764705882352941
11,any_2_to_5,2,value,exact,,,0.19279711884753903,,,0,0.19279711884753903,0.19279711884753903,,,1,,,0.248868778280543
11,any_2_to_5,3,value,exact,,,0.3911996621035093,,,0.3788287192767949,0.026207406039338813,0.3911996621035093,,,1,,,0.6935143288084464
11,any_2_to_5,4,value,exact,,,0.5479040287672412,,,0,0.19389898420052573,0.19389898420052573,,,0.35389224028301,,,0.25008772739865176
11,any_2_to_5,5,value,exact,,,0.6797497659914334,,,0.3788287192767949,0,0.3788287192767949,,,0.5573061415096818,,,0.6636500754147813
11,any_2_to_5,6,value,exact,,,0.7762834280016943,,,0.22042254588731777,0.21578603689394352,0.3710038824815041,,,0.47792322893783895,,,0.7565610859728507
11,any_2_to_5,7,value,exact,,,0.85505590128068,,,0.3788287192767949,0,0.3788287192767949,,,0.44304555843588156,,,0.6636500754147813
11,any_2_to_5,8,value,exact,,,0.9099340541308211,,,0,0.19389898420052573,0.19389898420052573,,,0.21309124910787097,,,0.25008772739865176
11,any_2_to_5,9,value,exact,,,0.9444102965084432,,,0.476865415184855,0.026207406039338813,0.49249564785643124,,,0.5214848352217518,,,1.171342383107089
11,any_2_to_5,10,value,exact,,,0.9696633509356043,,,0.12238584997925767,0.19279711884753903,0.3006070665620186,,,0.31001178529844425,,,0.5609197525163911
11,any_2_to_5,11,value,exact,,,0.9854119247781193,,,0.3788287192767949,0,0.3788287192767949,,,0.3844369138947593,,,0.6636500754147813
11,any_2_to_5,12,value,exact,,,0.9896257036438945,,,0.22042254588731777,0.21687901802719237,0.40015718850776827,,,0.4043520565748768,,,0.7577800350909595
11,any_2_to_5,13,value,exact,,,0.9905454352741578,,,0.3788287192767949,0,0.3788287192767949,,,0.38244456618180744,,,0.6636500754147813
11,any_2_to_5,14,value,exact,,,0.9932323485345942,,,0.12238584997925767,0.19279711884753903,0.3006070665620186,,,0.3026553323656156,,,0.5609197525163911
11,any_2_to_5,15,value,exact,,,0.9934096769910604,,,0.5593916904286269,0.026207406039338813,0.5724598881567987,,,0.5762576119559486,,,1.3533721180780005
11,any_2_to_5,16,value,exact,,,0.995659607626303,,,0,0.19389898420052573,0.19389898420052573,,,0.1947442506609157,,,0.25008772739865176
11,any_2_to_5,17,value,exact,,,0.9946606288354433,,,0.3788287192767949,0,0.3788287192767949,,,0.3808622843756575,,,0.6636500754147813
11,any_2_to_5,18,value,exact,,,0.9968246898050276,,,0.27860530783748216,0.21578603689394352,0.44753369096807566,,,0.4489592759340766,,,1.0686120602086988
11,any_2_to_5,19,value,exact,,,0.995401231259484,,,0.6181199136712103,0,0.6181199136712103,,,0.620975637019357,,,2.654600301659125
11,any_2_to_5,20,value,exact,,,0.9999994557951863,,,0.06420308802909327,0.9230191553849774,0.9371158692195731,,,0.9371163792028177,,,5.16062424969988
11,any_2_to_5,21,value,exact,,,0.9951531512106563,,,0.22042254588731777,0.026207406039338813,0.23976307128922605,,,0.24093082657432338,,,0.5076923076923077
11,any_2_to_5,22,value,exact,,,0.9965756704764388,,,0.12238584997925767,0,0.12238584997925767,,,0.12280637949022771,,,0.3120509742358482
11,any_2_to_5,23,value,exact,,,0.9952517390977679,,,0,0,0,,,0,,,0
11,any_2_to_5,24,value,exact,,,0.9967657237102451,,,0.22042254588731777,0.027417146321988554,0.24087013181817335,,,0.2416517001824524,,,0.5089112568104165
11,any_2_to_5,25,value,exact,,,0.9952050615820889,,,0.06420308802909327,0,0.06420308802909327,,,0.0645124211155326,,,0.18202973497091143
11,any_2_to_5,26,value,exact,,,0.9967235926688529,,,0.12238584997925767,0,0.12238584997925767,,,0.12278815398715921,,,0.3120509742358482
11,any_2_to_5,27,value,exact,,,0.9951516069351324,,,0.37279878498308944,0.026207406039338813,0.3856965594576363,,,0.3875756786903098,,,1.9411764705882353
11,any_2_to_5,28,value,exact,,,0.996382257648715,,,0,0.001218949118108782,0.001218949118108782,,,0.00122337497356214,,,0.001218949118108782
11,any_2_to_5,29,value,exact,,,0.9948025346443164,,,0,0,0,,,0,,,0
11,any_2_to_5,30,value,exact,,,0.9993808206096172,,,0.15520028720134224,0.7356953138722818,0.8083179430417429,,,0.8088187469404036,,,4.675076184319882
11,any_2_to_5,31,value,exact,,,0.9943406586552712,,,0,0,0,,,0,,,0
11,any_2_to_5,32,value,exact,,,0.995051010099197,,,0,0.001218949118108782,0.001218949118108782,,,0.0012250116885839497,,,0.001218949118108782
11,any_2_to_5,33,value,exact,,,0.9917346832457571,,,0,0,0,,,0,,,0
11,any_2_to_5,34,value,exact,,,0.9909407259699234,,,0.21585894928005905,0,0.21585894928005905,,,0.2178323522517236,,,1.2482038969433928
11,any_2_to_5,35,value,exact,,,0.9858977151186086,,,0.06420308802909327,0,0.06420308802909327,,,0.06512144925842465,,,0.18202973497091143
11,any_2_to_5,36,value,exact,,,0.9815822306774,,,0,0.001218949118108782,0.001218949118108782,,,0.001241820685025617,,,0.001218949118108782
11,any_2_to_5,37,value,exact,,,0.9726981053708075,,,0,0,0,,,0,,,0
11,any_2_to_5,38,value,exact,,,0.9628682754016549,,,0,0,0,,,0,,,0
11,any_2_to_5,39,value,exact,,,0.9460673553344824,,,0,0,0,,,0,,,0
11,any_2_to_5,40,value,exact,,,0.9412106309958728,,,0.11901294827413837,0.4551531896453696,0.5466354698641482,,,0.5807791071014212,,,2.946606334841629
11,any_2_to_5,41,value,exact,,,0.9031937845511326,,,0,0,0,,,0,,,0
11,any_2_to_5,42,value,exact,,,0.8618150604226836,,,0,0,0,,,0,,,0
11,any_2_to_5,43,value,exact,,,0.803569368980036,,,0,0,0,,,0,,,0
11,any_2_to_5,44,value,exact,,,0.7299739729114378,,,0,0,0,,,0,,,0
11,any_2_to_5,45,value,exact,,,0.6475981388436416,,,0,0,0,,,0,,,0
11,any_2_to_5,46,value,exact,,,0.5517316094222768,,,0,0,0,,,0,,,0
11,any_2_to_5,47,value,exact,,,0.45012853123721164,,,0,0,0,,,0,,,0
11,any_2_to_5,48,value,exact,,,0.34524513212154867,,,0,0,0,,,0,,,0
11,any_2_to_5,49,value,exact,,,0.2535451716990391,,,0,0,0,,,0,,,0
11,any_2_to_5,50,value,exact,,,0.20363266447641382,,,0,0.20363266447641382,0.20363266447641382,,,1,,,0.7764705882352941
12,2,2,rank,monte_carlo,100000,20260927,0.22448979591836735,22503,22503,0,0.22503,0.22503,0.222452266481606,0.22762885920186976,1,0.9998293141228665,1,0.29983
12,2,3,rank,monte_carlo,100000,20260927,0.4270436759347587,42786,42786,0.42786,0,0.42786,0.42479622224112074,0.43092932020644065,1,0.9999102216821482,1,0.79598
12,2,4,rank,monte_carlo,100000,20260927,0.5701992733321785,57025,22310,0,0.2231,0.2231,0.22053025639738724,0.22569101756615215,0.39123191582639194,0.3872337808631981,0.39524470454934785,0.29722
12,2,5,rank,monte_carlo,100000,20260927,0.6934432790968705,69604,42808,0.42808,0,0.42808,0.4250160152943139,0.4311495102508568,0.6150221251652204,0.6114009219293722,0.6186306324465359,0.79353
12,2,6,rank,monte_carlo,100000,20260927,0.7797331968657383,77840,22255,0,0.22255,0.22255,0.21998254792789226,0.22513876829162385,0.2859069886947585,0.28274334077757585,0.2890917676274544,0.29471
12,2,7,rank,monte_carlo,100000,20260927,0.849795911350174,85060,42510,0.4251,0,0.4251,0.4220388711316567,0.4281668833640785,0.49976487185516105,0.49640477219174395,0.5031249927559986,0.79368
12,2,8,rank,monte_carlo,100000,20260927,0.898140398846859,89908,22596,0,0.22596,0.22596,0.2233784447573279,0.22856260947513266,0.25132357521021487,0.2484988000209433,0.25416960044478587,0.30172
12,2,9,rank,monte_carlo,100000,20260927,0.9345376199743122,93460,42824,0.42824,0,0.42824,0.42517586517637673,0.43130964807614613,0.45820671945217206,0.4550140920054569,0.4614027825177062,0.8032
12,2,10,rank,monte_carlo,100000,20260927,0.9590742726316664,95964,22435,0,0.22435,0.22435,0.22177507250210088,0.22694610542512783,0.23378558626151474,0.2311184272194002,0.2364740584700977,0.29902
12,2,11,rank,monte_carlo,100000,20260927,0.986893017375014,98710,42697,0.42697,0,0.42697,0.42390706575526116,0.4300385450701534,0.4325498936277986,0.4294618733863401,0.4356431637171899,0.79183
12,2,12,rank,monte_carlo,100000,20260927,0.9776109615097859,97844,22404,0,0.22404,0.22404,0.2214663549906227,0.2266348467536111,0.2289767384816647,0.22635460610985395,0.2316201521192535,0.29726
12,2,13,rank,monte_carlo,100000,20260927,0.9636452075873727,96296,42845,0.42845,0,0.42845,0.42538566864340954,0.43151982847501313,0.44493021516989284,0.44179361569755016,0.44807120833763303,0.79961
12,2,14,rank,monte_carlo,100000,20260927,0.9427616349462571,94302,22584,0,0.22584,0.22584,0.22325893685189582,0.22844212660005062,0.2394859069797035,0.23677266605180647,0.2422203722755244,0.30162
12,2,15,rank,monte_carlo,100000,20260927,0.9143946674237285,91523,42967,0.42967,0,0.42967,0.4266045380305197,0.43274086535646383,0.4694666914327546,0.46623471330100114,0.4727012326761842,0.80208
12,2,16,rank,monte_carlo,100000,20260927,0.8730077358129583,87310,22391,0,0.22391,0.22391,0.22133689341954976,0.22650431831246032,0.25645401443133664,0.25356821233402044,0.25936124740927874,0.29777
12,2,17,rank,monte_carlo,100000,20260927,0.8209243021020995,82186,42808,0.42808,0,0.42808,0.4250160152943139,0.4311495102508568,0.5208673010001703,0.5174509500631805,0.5242817012380965,0.79975
12,2,18,rank,monte_carlo,100000,20260927,0.7461296540162888,74554,22438,0,0.22438,0.22438,0.22180494849921029,0.22697622712314697,0.3009630603321083,0.2976808734132133,0.3042657580461395,0.29925
12,2,19,rank,monte_carlo,100000,20260927,0.6574541016462414,65796,42516,0.42516,0,0.42516,0.4220988125091722,0.4282269373768201,0.6461790990333759,0.6425170317003528,0.649824097582852,0.79182
12,2,20,rank,monte_carlo,100000,20260927,0.9473563636955131,94785,88877,0.74688,0.67518,0.88877,0.8868062706398534,0.8907038605309474,0.93766946246769,0.9361125721968047,0.9391908770226867,3.57633
12,2,21,rank,monte_carlo,100000,20260927,0,0,0,0,0,0,0,0.000038414524267635735,,,,0
12,2,22,rank,monte_carlo,100000,20260927,0,0,0,0,0,0,0,0.000038414524267635735,,,,0
12,2,23,rank,monte_carlo,100000,20260927,0,0,0,0,0,0,0,0.000038414524267635735,,,,0
12,2,24,rank,monte_carlo,100000,20260927,0,0,0,0,0,0,0,0.000038414524267635735,,,,0
12,2,25,rank,monte_carlo,100000,20260927,0,0,0,0,0,0,0,0.000038414524267635735,,,,0
12,2,26,rank,monte_carlo,100000,20260927,0,0,0,0,0,0,0,0.000038414524267635735,,,,0
12,2,27,rank,monte_carlo,100000,20260927,0,0,0,0,0,0,0,0.000038414524267635735,,,,0
12,2,28,rank,monte_carlo,100000,20260927,0,0,0,0,0,0,0,0.000038414524267635735,,,,0
12,2,29,rank,monte_carlo,100000,20260927,0,0,0,0,0,0,0,0.000038414524267635735,,,,0
12,2,30,rank,monte_carlo,100000,20260927,0,0,0,0,0,0,0,0.000038414524267635735,,,,0
12,2,31,rank,monte_carlo,100000,20260927,0,0,0,0,0,0,0,0.000038414524267635735,,,,0
12,2,32,rank,monte_carlo,100000,20260927,0,0,0,0,0,0,0,0.000038414524267635735,,,,0
12,2,33,rank,monte_carlo,100000,20260927,0,0,0,0,0,0,0,0.000038414524267635735,,,,0
12,2,34,rank,monte_carlo,100000,20260927,0,0,0,0,0,0,0,0.000038414524267635735,,,,0
12,2,35,rank,monte_carlo,100000,20260927,0,0,0,0,0,0,0,0.000038414524267635735,,,,0
12,2,36,rank,monte_carlo,100000,20260927,0,0,0,0,0,0,0,0.000038414524267635735,,,,0
12,2,37,rank,monte_carlo,100000,20260927,0,0,0,0,0,0,0,0.000038414524267635735,,,,0
12,2,38,rank,monte_carlo,100000,20260927,0,0,0,0,0,0,0,0.000038414524267635735,,,,0
12,2,39,rank,monte_carlo,100000,20260927,0,0,0,0,0,0,0,0.000038414524267635735,,,,0
12,2,40,rank,monte_carlo,100000,20260927,0,0,0,0,0,0,0,0.000038414524267635735,,,,0
12,2,41,rank,monte_carlo,100000,20260927,0,0,0,0,0,0,0,0.000038414524267635735,,,,0
12,2,42,rank,monte_carlo,100000,20260927,0,0,0,0,0,0,0,0.000038414524267635735,,,,0
12,2,43,rank,monte_carlo,100000,20260927,0,0,0,0,0,0,0,0.000038414524267635735,,,,0
12,2,44,rank,monte_carlo,100000,20260927,0,0,0,0,0,0,0,0.000038414524267635735,,,,0
12,2,45,rank,monte_carlo,100000,20260927,0,0,0,0,0,0,0,0.000038414524267635735,,,,0
12,2,46,rank,monte_carlo,100000,20260927,0,0,0,0,0,0,0,0.000038414524267635735,,,,0
12,2,47,rank,monte_carlo,100000,20260927,0,0,0,0,0,0,0,0.000038414524267635735,,,,0
12,2,48,rank,monte_carlo,100000,20260927,0,0,0,0,0,0,0,0.000038414524267635735,,,,0
12,2,49,rank,monte_carlo,100000,20260927,0,0,0,0,0,0,0,0.000038414524267635735,,,,0
12,2,50,rank,monte_carlo,100000,20260927,0,0,0,0,0,0,0,0.000038414524267635735,,,,0
12,3,2,rank,monte_carlo,100000,20260927,0,0,0,0,0,0,0,0.000038414524267635735,,,,0
12,3,3,rank,monte_carlo,100000,20260927,0.034333733493397356,3425,3425,0,0.03425,0.03425,0.03314052519726224,0.03539525793209307,1,0.9988796216191496,0.9999999999999998,0.04055
12,3,4,rank,monte_carlo,100000,20260927,0.13775393598697575,13905,0,0,0,0,0,0.000038414524267635735,0,0,0.0002761984146832185,0
12,3,5,rank,monte_carlo,100000,20260927,0.25297679901700165,25126,0,0,0,0,0,0.000038414524267635735,0,0,0.0001528700443539604,0
12,3,6,rank,monte_carlo,100000,20260927,0.3807857992803621,38193,29062,0.26656,0.03427,0.29062,0.28781386420256005,0.29344222226362227,0.7609247767915587,0.7566210479304796,0.7651760212806042,0.67081
12,3,7,rank,monte_carlo,100000,20260927,0.5102496875104039,50992,0,0,0,0,0,0.000038414524267635735,0,0,0.00007533163253060226,0
12,3,8,rank,monte_carlo,100000,20260927,0.6236003602194091,62346,0,0,0,0,0,0.000038414524267635735,0,6.776263578034403e-21,0.00006161362886285182,0
12,3,9,rank,monte_carlo,100000,20260927,0.7198797095951747,71940,28789,0.26526,0.03329,0.28789,0.2850918332682339,0.2907044629412509,0.4001807061440089,0.3966059125425377,0.40376615988791204,0.66876
12,3,10,rank,monte_carlo,100000,20260927,0.8033354311868607,80460,0,0,0,0,0,0.000038414524267635735,0,0,0.00004774318406393363,0
12,3,11,rank,monte_carlo,100000,20260927,0.8661777608150755,86794,0,0,0,0,0,0.000038414524267635735,0,0,0.000044259165080436745,0
12,3,12,rank,monte_carlo,100000,20260927,0.9140699487126112,91600,28974,0.26566,0.03512,0.28974,0.2869364194622821,0.29255973461346296,0.31631004366812226,0.31330622024233434,0.31932927394418886,0.67698
12,3,13,rank,monte_carlo,100000,20260927,0.9413405274993075,94192,0,0,0,0,0,0.000038414524267635735,0,0,0.00004078311669333819,0
12,3,14,rank,monte_carlo,100000,20260927,0.9624601202053062,96281,0,0,0,0,0,0.000038414524267635735,0,0,0.000039898284466825146,0
12,3,15,rank,monte_carlo,100000,20260927,0.9720110041519862,97237,29154,0.26739,0.03456,0.29154,0.28873120649946726,0.29436480928399045,0.2998241410162798,0.296952196835351,0.3027119015058135,0.67753
12,3,16,rank,monte_carlo,100000,20260927,0.9799629885717968,98080,0,0,0,0,0,0.000038414524267635735,0,0,0.00003916649202695992,0
12,3,17,rank,monte_carlo,100000,20260927,0.9827862405271967,98288,0,0,0,0,0,0.000038414524267635735,0,0,0.00003908360996666889,0
12,3,18,rank,monte_carlo,100000,20260927,0.9850795623667062,98558,29152,0.26795,0.03421,0.29152,0.28871126412692494,0.2943447531931137,0.29578522291442605,0.2929438432233657,0.2986425217781585,0.67479
12,3,19,rank,monte_carlo,100000,20260927,0.9844591993860109,98425,0,0,0,0,0,0.000038414524267635735,0,0,0.00003902921072272378,0
12,3,20,rank,monte_carlo,100000,20260927,0.9823859218071606,98242,0,0,0,0,0,0.000038414524267635735,0,0,0.000039101909428805785,0
12,3,21,rank,monte_carlo,100000,20260927,0.9934274717784491,99318,29287,0.26919,0.03501,0.29287,0.29005738907239365,0.2956985245284295,0.29488108902716526,0.29205312843358044,0.2977249169223567,0.68238
12,3,22,rank,monte_carlo,100000,20260927,0.9871514630058497,98756,0,0,0,0,0,0.000038414524267635735,0,0,0.000038898401797355654,0
12,3,23,rank,monte_carlo,100000,20260927,0.9742877692862904,97398,0,0,0,0,0,0.000038414524267635735,0,0,0.00003944073270992444,0
12,3,24,rank,monte_carlo,100000,20260927,0.9534847095667496,95348,29293,0.26901,0.03441,0.29293,0.2901172175440645,0.2957586914470157,0.3072219658514075,0.30430142807140903,0.3101580371771363,0.68163
12,3,25,rank,monte_carlo,100000,20260927,0.9219456146748833,92217,0,0,0,0,0,0.000038414524267635735,0,0,0.00004165652723776487,0
12,3,26,rank,monte_carlo,100000,20260927,0.8757361727899805,87622,0,0,0,0,0,0.000038414524267635735,0,0,0.000043840948398948094,0
12,3,27,rank,monte_carlo,100000,20260927,0.8087340789245286,81009,28921,0.26578,0.0346,0.28921,0.2864079646247468,0.2920282301703939,0.3570097149699416,0.3537171919371784,0.3603157990991464,0.67506
12,3,28,rank,monte_carlo,100000,20260927,0.7193852411714706,71901,0,0,0,0,0,0.000038414524267635735,0,0,0.00005342616595097262,0
12,3,29,rank,monte_carlo,100000,20260927,0.6208782960923721,62189,26577,0.26577,0,0.26577,0.26304108816319244,0.26851690750484597,0.4273585360755117,0.42347504553679605,0.4312510006196155,0.63201
12,3,30,rank,monte_carlo,100000,20260927,0.799558561663774,79850,45370,0.37198,0.13323,0.4537,0.4506161205753283,0.45678743660961885,0.5681903569192236,0.5647514853955079,0.5716226674542656,1.43423
12,3,31,rank,monte_carlo,100000,20260927,0,0,0,0,0,0,0,0.000038414524267635735,,,,0
12,3,32,rank,monte_carlo,100000,20260927,0,0,0,0,0,0,0,0.000038414524267635735,,,,0
12,3,33,rank,monte_carlo,100000,20260927,0,0,0,0,0,0,0,0.000038414524267635735,,,,0
12,3,34,rank,monte_carlo,100000,20260927,0,0,0,0,0,0,0,0.000038414524267635735,,,,0
12,3,35,rank,monte_carlo,100000,20260927,0,0,0,0,0,0,0,0.000038414524267635735,,,,0
12,3,36,rank,monte_carlo,100000,20260927,0,0,0,0,0,0,0,0.000038414524267635735,,,,0
12,3,37,rank,monte_carlo,100000,20260927,0,0,0,0,0,0,0,0.000038414524267635735,,,,0
12,3,38,rank,monte_carlo,100000,20260927,0,0,0,0,0,0,0,0.000038414524267635735,,,,0
12,3,39,rank,monte_carlo,100000,20260927,0,0,0,0,0,0,0,0.000038414524267635735,,,,0
12,3,40,rank,monte_carlo,100000,20260927,0,0,0,0,0,0,0,0.000038414524267635735,,,,0
12,3,41,rank,monte_carlo,100000,20260927,0,0,0,0,0,0,0,0.000038414524267635735,,,,0
12,3,42,rank,monte_carlo,100000,20260927,0,0,0,0,0,0,0,0.000038414524267635735,,,,0
12,3,43,rank,monte_carlo,100000,20260927,0,0,0,0,0,0,0,0.000038414524267635735,,,,0
12,3,44,rank,monte_carlo,100000,20260927,0,0,0,0,0,0,0,0.000038414524267635735,,,,0
12,3,45,rank,monte_carlo,100000,20260927,0,0,0,0,0,0,0,0.000038414524267635735,,,,0
12,3,46,rank,monte_carlo,100000,20260927,0,0,0,0,0,0,0,0.000038414524267635735,,,,0
12,3,47,rank,monte_carlo,100000,20260927,0,0,0,0,0,0,0,0.000038414524267635735,,,,0
12,3,48,rank,monte_carlo,100000,20260927,0,0,0,0,0,0,0,0.000038414524267635735,,,,0
12,3,49,rank,monte_carlo,100000,20260927,0,0,0,0,0,0,0,0.000038414524267635735,,,,0
12,3,50,rank,monte_carlo,100000,20260927,0,0,0,0,0,0,0,0.000038414524267635735,,,,0
12,4,2,rank,monte_carlo,100000,20260927,0,0,0,0,0,0,0,0.000038414524267635735,,,,0
12,4,3,rank,monte_carlo,100000,20260927,0,0,0,0,0,0,0,0.000038414524267635735,,,,0
12,4,4,rank,monte_carlo,100000,20260927,0.001828423677163173,210,210,0,0.0021,0.0021,0.0018347554970794453,0.0024034976861862663,1,0.9820353008956162,1,0.0021
12,4,5,rank,monte_carlo,100000,20260927,0.019734628356430455,2052,0,0,0,0,0,0.000038414524267635735,0,0,0.0018686264544894896,0
12,4,6,rank,monte_carlo,100000,20260927,0.057915122667878224,5725,0,0,0,0,0,0.000038414524267635735,0,0,0.0006705718656979449,0
12,4,7,rank,monte_carlo,100000,20260927,0.11241521477777082,11258,0,0,0,0,0,0.000038414524267635735,0,0,0.0003411165008749546,0
12,4,8,rank,monte_carlo,100000,20260927,0.18983195265057698,18787,186,0,0.00186,0.00186,0.0016113965806782832,0.002146875041559077,0.009900463086176611,0.008581486382832765,0.011419831706081358,0.00186
12,4,9,rank,monte_carlo,100000,20260927,0.2773292775138791,27582,0,0,0,0,0,0.000038414524267635735,0,0,0.0001392598440788553,0
12,4,10,rank,monte_carlo,100000,20260927,0.37194025647797424,37126,15949,0.15949,0,0.15949,0.15723377424508755,0.16177238681422917,0.42959112212465655,0.424563218046186,0.43463359576408356,0.46233
12,4,11,rank,monte_carlo,100000,20260927,0.4696866131370329,47041,0,0,0,0,0,0.000038414524267635735,0,6.776263578034403e-21,0.00008165826197616531,0
12,4,12,rank,monte_carlo,100000,20260927,0.5652859273720423,56761,186,0,0.00186,0.00186,0.0016113965806782832,0.002146875041559077,0.0032768978700163844,0.0028391651729540784,0.0037818627275271943,0.00186
12,4,13,rank,monte_carlo,100000,20260927,0.6503539836585829,64993,0,0,0,0,0,0.000038414524267635735,0,0,0.000059104410390304254,0
12,4,14,rank,monte_carlo,100000,20260927,0.727180490515381,72737,16076,0.16076,0,0.16076,0.15849643069651734,0.16304963278990772,0.22101543918500902,0.21801475285171237,0.22404559306542912,0.46861
12,4,15,rank,monte_carlo,100000,20260927,0.791151835007694,79164,0,0,0,0,0,0.000038414524267635735,0,0,0.00004852475351557392,0
12,4,16,rank,monte_carlo,100000,20260927,0.8431095895803414,84374,184,0,0.00184,0.00184,0.0015928305954159916,0.002125442563402339,0.002180766586863252,0.0018878617682442243,0.0025190013719951915,0.00184
12,4,17,rank,monte_carlo,100000,20260927,0.883431158230075,88542,0,0,0,0,0,0.000038414524267635735,0,0,0.00004338543663466631,0
12,4,18,rank,monte_carlo,100000,20260927,0.914696718577695,91607,16023,0.16023,0,0.16023,0.15796948916812553,0.16251661503769532,0.17491021428493456,0.17246377640125507,0.17738391673466306,0.46325
12,4,19,rank,monte_carlo,100000,20260927,0.938098493164838,93919,0,0,0,0,0,0.000038414524267635735,0,0,0.00004090165858014245,0
12,4,20,rank,monte_carlo,100000,20260927,0.9554488251834562,95633,185,0,0.00185,0.00185,0.0016021126192355146,0.002136159771292331,0.0019344786841362291,0.001675280552135349,0.002233690025998005,0.00185
12,4,21,rank,monte_carlo,100000,20260927,0.9671116370478016,96708,0,0,0,0,0,0.000038414524267635735,0,0,0.00003972212643710013,0
12,4,22,rank,monte_carlo,100000,20260927,0.9790087441489311,97978,16121,0.16121,0,0.16121,0.15894384077625748,0.16350218813709574,0.1645369368633775,0.16222849919272417,0.16687167971226183,0.46692
12,4,23,rank,monte_carlo,100000,20260927,0.9824768048573858,98229,0,0,0,0,0,0.000038414524267635735,0,0,0.00003910708412205802,0
12,4,24,rank,monte_carlo,100000,20260927,0.9877492958607416,98804,160,0,0.0016,0.0016,0.0013706876348886132,0.001867603962901366,0.0016193676369377758,0.0013872812770824004,0.001890207581656115,0.0016
12,4,25,rank,monte_carlo,100000,20260927,0.9881098755141509,98842,0,0,0,0,0,0.000038414524267635735,0,0,0.000038864558567327725,0
12,4,26,rank,monte_carlo,100000,20260927,0.9898167824596772,99017,16181,0.16181,0,0.16181,0.1595403973606342,0.16410558545528997,0.16341638304533565,0.16112639717989558,0.16573248502132382,0.46936
12,4,27,rank,monte_carlo,100000,20260927,0.9883468198621439,98826,0,0,0,0,0,0.000038414524267635735,0,0,0.00003887085052254095,0
12,4,28,rank,monte_carlo,100000,20260927,0.9879300675741883,98822,192,0,0.00192,0.00192,0.001667140185827562,0.002211126826666886,0.0019428872113496994,0.0016870155688533846,0.0022374802282054285,0.00192
12,4,29,rank,monte_carlo,100000,20260927,0.9842962396628967,98376,0,0,0,0,0,0.000038414524267635735,0,0,0.000039048649982782654,0
12,4,30,rank,monte_carlo,100000,20260927,0.980269462700971,97998,16306,0.16306,0,0.16306,0.16078325938611396,0.16536262739349952,0.16639115083981307,0.16407242400363115,0.16873603211827914,0.47437
12,4,31,rank,monte_carlo,100000,20260927,0.988016672716974,98763,0,0,0,0,0,0.000038414524267635735,0,0,0.00003889564491247233,0
12,4,32,rank,monte_carlo,100000,20260927,0.977941843258288,97821,168,0,0.00168,0.00168,0.0014445952378946772,0.0019536902135714198,0.0017174226393105775,0.0014767777323568601,0.0019972028480522777,0.00168
12,4,33,rank,monte_carlo,100000,20260927,0.9584774276999549,95836,0,0,0,0,0,0.000038414524267635735,0,0,0.000040083538702342766,0
12,4,34,rank,monte_carlo,100000,20260927,0.9276570011250949,92804,16049,0.16049,0,0.16049,0.1582279876862256,0.16277809654404257,0.17293435627774664,0.17051467614228427,0.17538111290492053,0.46722
12,4,35,rank,monte_carlo,100000,20260927,0.8824272870389416,88293,0,0,0,0,0,0.000038414524267635735,0,0,0.00004350778499420301,0
12,4,36,rank,monte_carlo,100000,20260927,0.8180446730150058,81868,189,0,0.00189,0.00189,0.001639259936808879,0.0021790093805570247,0.0023085943225680363,0.00200237247744464,0.0026615216348382827,0.00189
12,4,37,rank,monte_carlo,100000,20260927,0.7311878613889728,73184,15952,0.15952,0,0.15952,0.15726360019021707,0.1618025585642282,0.21797114123305641,0.21499469414185685,0.22097719548413808,0.46237
12,4,38,rank,monte_carlo,100000,20260927,0.6237627292392073,62271,0,0,0,0,0,0.000038414524267635735,0,0,0.0000616878325387824,0
12,4,39,rank,monte_carlo,100000,20260927,0.5105913529074966,51010,15982,0.15982,0,0.15982,0.15756186120265764,0.16210427450307308,0.31331111546755536,0.3093000190184281,0.3173503291490387,0.46634
12,4,40,rank,monte_carlo,100000,20260927,0.5441055704978052,54265,16838,0.16182,0.00743,0.16838,0.1660734119599594,0.17071206608911588,0.3102920851377499,0.30641325880089426,0.31419776968289787,0.47743
12,4,41,rank,monte_carlo,100000,20260927,0,0,0,0,0,0,0,0.000038414524267635735,,,,0
12,4,42,rank,monte_carlo,100000,20260927,0,0,0,0,0,0,0,0.000038414524267635735,,,,0
12,4,43,rank,monte_carlo,100000,20260927,0,0,0,0,0,0,0,0.000038414524267635735,,,,0
12,4,44,rank,monte_carlo,100000,20260927,0,0,0,0,0,0,0,0.000038414524267635735,,,,0
12,4,45,rank,monte_carlo,100000,20260927,0,0,0,0,0,0,0,0.000038414524267635735,,,,0
12,4,46,rank,monte_carlo,100000,20260927,0,0,0,0,0,0,0,0.000038414524267635735,,,,0
12,4,47,rank,monte_carlo,100000,20260927,0,0,0,0,0,0,0,0.000038414524267635735,,,,0
12,4,48,rank,monte_carlo,100000,20260927,0,0,0,0,0,0,0,0.000038414524267635735,,,,0
12,4,49,rank,monte_carlo,100000,20260927,0,0,0,0,0,0,0,0.000038414524267635735,,,,0
12,4,50,rank,monte_carlo,100000,20260927,0,0,0,0,0,0,0,0.000038414524267635735,,,,0
12,5,2,rank,monte_carlo,100000,20260927,0,0,0,0,0,0,0,0.000038414524267635735,,,,0
12,5,3,rank,monte_carlo,100000,20260927,0,0,0,0,0,0,0,0.000038414524267635735,,,,0
12,5,4,rank,monte_carlo,100000,20260927,0,0,0,0,0,0,0,0.000038414524267635735,,,,0
12,5,5,rank,monte_carlo,100000,20260927,0,0,0,0,0,0,0,0.000038414524267635735,,,,0
12,5,6,rank,monte_carlo,100000,20260927,0.0009696527867533551,119,0,0,0,0,0,0.000038414524267635735,0,3.469446951953614e-18,0.03127279358132749,0
12,5,7,rank,monte_carlo,100000,20260927,0.006119082248334402,620,0,0,0,0,0,0.000038414524267635735,0,0,0.006157973434282035,0
12,5,8,rank,monte_carlo,100000,20260927,0.01653362106593014,1679,0,0,0,0,0,0.000038414524267635735,0,0,0.0022828054642813683,0
12,5,9,rank,monte_carlo,100000,20260927,0.03727820384155948,3721,0,0,0,0,0,0.000038414524267635735,0,1.0842021724855044e-19,0.0010313458698485325,0
12,5,10,rank,monte_carlo,100000,20260927,0.06739775721790744,6724,0,0,0,0,0,0.000038414524267635735,0,0,0.0005710003636233052,0
12,5,11,rank,monte_carlo,100000,20260927,0.10914259190689765,10806,0,0,0,0,0,0.000038414524267635735,0,0,0.0003553798605152549,0
12,5,12,rank,monte_carlo,100000,20260927,0.1611051012804958,15934,0,0,0,0,0,0.000038414524267635735,0,0,0.0002410364023193705,0
12,5,13,rank,monte_carlo,100000,20260927,0.22411040605002974,22324,0,0,0,0,0,0.000038414524267635735,0,0,0.00017205424818133786,0
12,5,14,rank,monte_carlo,100000,20260927,0.29312905027925956,29292,0,0,0,0,0,0.000038414524267635735,0,0,0.00013113123877622274,0
12,5,15,rank,monte_carlo,100000,20260927,0.36760299568448895,36660,9278,0.09278,0,0.09278,0.09099740315835543,0.09459388316678911,0.2530823786142935,0.24865772039879983,0.2575587803838132,0.31221
12,5,16,rank,monte_carlo,100000,20260927,0.44407688620178076,44432,0,0,0,0,0,0.000038414524267635735,0,0,0.00008645273413703051,0
12,5,17,rank,monte_carlo,100000,20260927,0.5191634272381219,51964,0,0,0,0,0,0.000038414524267635735,0,0,0.00007392263911149237,0
12,5,18,rank,monte_carlo,100000,20260927,0.5906963904629813,59222,0,0,0,0,0,0.000038414524267635735,0,0,0.00006486357806353231,0
12,5,19,rank,monte_carlo,100000,20260927,0.657027774090918,65861,0,0,0,0,0,0.000038414524267635735,0,0,0.000058325502751987185,0
12,5,20,rank,monte_carlo,100000,20260927,0.7168848360931429,71800,9322,0.09322,0,0.09322,0.09143356490433117,0.09503768761603203,0.12983286908077996,0.1273940615728667,0.13231128544578086,0.31044
12,5,21,rank,monte_carlo,100000,20260927,0.7696521568649278,76928,0,0,0,0,0,0.000038414524267635735,0,0,0.00004993511035357822,0
12,5,22,rank,monte_carlo,100000,20260927,0.8149170522470743,81499,0,0,0,0,0,0.000038414524267635735,0,0,0.00004713455291355142,0
12,5,23,rank,monte_carlo,100000,20260927,0.854142021122478,85453,0,0,0,0,0,0.000038414524267635735,0,0,0.00004495368572105056,0
12,5,24,rank,monte_carlo,100000,20260927,0.8856768190352344,88749,0,0,0,0,0,0.000038414524267635735,0,0,0.00004328424792654751,0
12,5,25,rank,monte_carlo,100000,20260927,0.9116855367479524,91304,9229,0.09229,0,0.09229,0.09051169203628139,0.09409963193509695,0.10107990887584334,0.09914140348028536,0.10305198184665465,0.30891
12,5,26,rank,monte_carlo,100000,20260927,0.9320202663832765,93338,0,0,0,0,0,0.000038414524267635735,0,0,0.00004115624819641441,0
12,5,27,rank,monte_carlo,100000,20260927,0.9476793948496921,94849,0,0,0,0,0,0.000038414524267635735,0,0,0.00004050063166478715,0
12,5,28,rank,monte_carlo,100000,20260927,0.9596510049946729,96050,0,0,0,0,0,0.000038414524267635735,0,0,0.00003999423589946245,0
12,5,29,rank,monte_carlo,100000,20260927,0.9687128590205353,96937,0,0,0,0,0,0.000038414524267635735,0,0,0.00003962829223054733,0
12,5,30,rank,monte_carlo,100000,20260927,0.9752217844088429,97549,9324,0.09324,0,0.09324,0.09145339072880378,0.09505786025497846,0.0955827327804488,0.09375353089358694,0.09744378631505911,0.31173
12,5,31,rank,monte_carlo,100000,20260927,0.9796471692030501,97961,0,0,0,0,0,0.000038414524267635735,0,0,0.00003921406840717027,0
12,5,32,rank,monte_carlo,100000,20260927,0.9864691562673256,98717,0,0,0,0,0,0.000038414524267635735,0,0,0.00003891376874161494,0
12,5,33,rank,monte_carlo,100000,20260927,0.9863846243449571,98630,0,0,0,0,0,0.000038414524267635735,0,0,0.00003894809263923063,0
12,5,34,rank,monte_carlo,100000,20260927,0.9891747849415651,98919,0,0,0,0,0,0.000038414524267635735,0,0,0.00003883430699993154,0
12,5,35,rank,monte_carlo,100000,20260927,0.9871847828273584,98723,9365,0.09365,0,0.09365,0.09185982567533348,0.09547139380853885,0.0948613798203053,0.09304922566642981,0.09670506299907533,0.31727
12,5,36,rank,monte_carlo,100000,20260927,0.9864634447817764,98652,0,0,0,0,0,0.000038414524267635735,0,0,0.00003893940731432572,0
12,5,37,rank,monte_carlo,100000,20260927,0.9817580408767651,98180,0,0,0,0,0,0.000038414524267635735,0,0,0.00003912660105163373,0
12,5,38,rank,monte_carlo,100000,20260927,0.9770048045491798,97748,0,0,0,0,0,0.000038414524267635735,0,0,0.00003929951535562681,0
12,5,39,rank,monte_carlo,100000,20260927,0.9673367416922259,96719,0,0,0,0,0,0.000038414524267635735,0,0,0.00003971760895825459,0
12,5,40,rank,monte_carlo,100000,20260927,0.9548625256837381,95513,9351,0.09351,0,0.09351,0.0917210418234649,0.09533018841647421,0.09790290326971197,0.0960343132770162,0.0998038372172732,0.31476
12,5,41,rank,monte_carlo,100000,20260927,0.9490280671335277,94882,0,0,0,0,0,0.000038414524267635735,0,0,0.00004048654609814833,0
12,5,42,rank,monte_carlo,100000,20260927,0.9223795985367346,92291,0,0,0,0,0,0.000038414524267635735,0,3.3881317890172014e-21,0.000041623127938712444,0
12,5,43,rank,monte_carlo,100000,20260927,0.8808645739616472,88133,0,0,0,0,0,0.000038414524267635735,0,0,0.00004358676723900213,0
12,5,44,rank,monte_carlo,100000,20260927,0.8236967589895273,82372,9204,0.09204,0,0.09204,0.0902638861427497,0.09384745703589074,0.1117369980090322,0.10960360736590172,0.11390660196712199,0.30433
12,5,45,rank,monte_carlo,100000,20260927,0.7518077879918271,75121,0,0,0,0,0,0.000038414524267635735,0,0,0.000051136214309169335,0
12,5,46,rank,monte_carlo,100000,20260927,0.6618310639686935,66324,0,0,0,0,0,0.000038414524267635735,0,0,0.00005791836289754979,0
12,5,47,rank,monte_carlo,100000,20260927,0.5558791570724122,55581,9137,0.09137,0,0.09137,0.08959978615346598,0.09317160850063702,0.1643907090552527,0.16133262884774702,0.16749517876806164,0.30691
12,5,48,rank,monte_carlo,100000,20260927,0.44091584886334645,44010,0,0,0,0,0,0.000038414524267635735,0,0,0.00008728163369406954,0
12,5,49,rank,monte_carlo,100000,20260927,0.3312473507061785,32946,9313,0.09313,0,0.09313,0.09134434900635,0.09494691042862757,0.2826746797790324,0.2778377726020981,0.2875622625835037,0.31258
12,5,50,rank,monte_carlo,100000,20260927,0.2772484279404984,27587,0,0,0,0,0,0.000038414524267635735,0,0,0.00013923460747206784,0
12,any_2_to_5,2,rank,monte_carlo,100000,20260927,0.22448979591836735,22503,22503,0,0.22503,0.22503,0.222452266481606,0.22762885920186976,1,0.9998293141228665,1,0.29983
12,any_2_to_5,3,rank,monte_carlo,100000,20260927,0.44164278107172567,44159,44159,0.42786,0.03425,0.44159,0.4385144887355684,0.4446699988491565,1,0.9999130128438112,1,0.83653
12,any_2_to_5,4,rank,monte_carlo,100000,20260927,0.6086938456613077,60945,22488,0,0.22488,0.22488,0.2223028846099198,0.22747825259791324,0.36898843219296085,0.365165802428286,0.37282757725228866,0.29932
12,any_2_to_5,5,rank,monte_carlo,100000,20260927,0.7378609555163705,73979,42808,0.42808,0,0.42808,0.4250160152943139,0.4311495102508568,0.5786506981711026,0.5750884971184258,0.5822047312617071,0.79353
12,any_2_to_5,6,rank,monte_carlo,100000,20260927,0.829009926081294,82893,43061,0.26656,0.25181,0.43061,0.42754367987033964,0.4336816512973382,0.5194769160242723,0.5160748511832212,0.5228771756693917,0.96552
12,any_2_to_5,7,rank,monte_carlo,100000,20260927,0.8964870078027858,89758,42510,0.4251,0,0.4251,0.4220388711316567,0.4281668833640785,0.4736068094208873,0.47034150173168554,0.4768743762455774,0.79368
12,any_2_to_5,8,rank,monte_carlo,100000,20260927,0.9410752407159488,94160,22758,0,0.22758,0.22758,0.2249918312648005,0.2301890985046015,0.2416949872557349,0.2389710563623087,0.24443999427605012,0.30358
12,any_2_to_5,9,rank,monte_carlo,100000,20260927,0.9660960978805045,96650,55054,0.53274,0.03329,0.55054,0.5474549573412765,0.5536211597186106,0.5696223486808071,0.5664980691948723,0.5727410937521699,1.47196
12,any_2_to_5,10,rank,monte_carlo,100000,20260927,0.9833329666018146,98359,35985,0.15949,0.22435,0.35985,0.3568806365622516,0.36283013102890066,0.36585365853658536,0.3628487372438401,0.3688690581070417,0.76135
12,any_2_to_5,11,rank,monte_carlo,100000,20260927,0.9924409319822172,99275,42697,0.42697,0,0.42697,0.42390706575526116,0.4300385450701534,0.4300881390078066,0.4270111296713828,0.4331705588305104,0.79183
12,any_2_to_5,12,rank,monte_carlo,100000,20260927,0.995058829102836,99567,46498,0.26566,0.25547,0.46498,0.46188998290888833,0.4680727076443914,0.46700211917603224,0.46390445929262525,0.4701023252799378,0.9761
12,any_2_to_5,13,rank,monte_carlo,100000,20260927,0.9954710761253968,99521,42845,0.42845,0,0.42845,0.42538566864340954,0.43151982847501313,0.4305121532138946,0.4274385584842456,0.4335911123230878,0.79961
12,any_2_to_5,14,rank,monte_carlo,100000,20260927,0.9970240920530077,99719,36205,0.16076,0.22584,0.36205,0.35907660443964123,0.3650339941276041,0.3630702273388221,0.3600908033868516,0.3660602011188202,0.77023
12,any_2_to_5,15,rank,monte_carlo,100000,20260927,0.997051216784515,99704,64631,0.63165,0.03456,0.64631,0.6433410473785619,0.649267711763347,0.6482287571210784,0.6452589892006126,0.6511871029591036,1.79182
12,any_2_to_5,16,rank,monte_carlo,100000,20260927,0.9983090287577974,99832,22549,0,0.22549,0.22549,0.22291037387155457,0.2280907164705588,0.22586946069396585,0.2232861146866722,0.2284739033307449,0.29961
12,any_2_to_5,17,rank,monte_carlo,100000,20260927,0.997642213434083,99730,42808,0.42808,0,0.42808,0.4250160152943139,0.4311495102508568,0.42923894515191013,0.42616973808475495,0.4323136034413175,0.79975
12,any_2_to_5,18,rank,monte_carlo,100000,20260927,0.9988722979461483,99893,51902,0.33589,0.25333,0.51902,0.5159225396699211,0.5221159990415759,0.5195759462625009,0.5164769389093965,0.5226734480033365,1.43729
12,any_2_to_5,19,rank,monte_carlo,100000,20260927,0.9980213301162493,99787,42516,0.42516,0,0.42516,0.4220988125091722,0.4282269373768201,0.42606752382574886,0.42300219210876444,0.4291385478286369,0.79182
12,any_2_to_5,20,rank,monte_carlo,100000,20260927,0.9999999477709517,100000,91255,0.7855,0.67619,0.91255,0.9107832020221502,0.9142851021538765,0.91255,0.9107832020221502,0.9142851021538765,3.88862
12,any_2_to_5,21,rank,monte_carlo,100000,20260927,0.9979085775826855,99780,29287,0.26919,0.03501,0.29287,0.29005738907239365,0.2956985245284295,0.29351573461615554,0.29069818859253627,0.2963491796058034,0.68238
12,any_2_to_5,22,rank,monte_carlo,100000,20260927,0.9987453225303476,99881,16121,0.16121,0,0.16121,0.15894384077625748,0.16350218813709574,0.16140206846146915,0.15913346326519187,0.1636967188071998,0.46692
12,any_2_to_5,23,rank,monte_carlo,100000,20260927,0.9979472404905841,99775,0,0,0,0,0,0.000038414524267635735,0,0,0.00003850114852405743,0
12,any_2_to_5,24,rank,monte_carlo,100000,20260927,0.9988339623238108,99888,29435,0.26901,0.036,0.29435,0.29153317528902967,0.2971826246048016,0.29468004164664424,0.29186070735103703,0.2975151681659081,0.68323
12,any_2_to_5,25,rank,monte_carlo,100000,20260927,0.9979395546123075,99778,9229,0.09229,0,0.09229,0.09051169203628139,0.09409963193509695,0.09249533965403195,0.0907132706627855,0.09430878649676086,0.30891
12,any_2_to_5,26,rank,monte_carlo,100000,20260927,0.9988247392427444,99880,16181,0.16181,0,0.16181,0.1595403973606342,0.16410558545528997,0.1620044052863436,0.15973233350049146,0.16430247614984142,0.46936
12,any_2_to_5,27,rank,monte_carlo,100000,20260927,0.997924354403878,99760,28921,0.26578,0.0346,0.28921,0.2864079646247468,0.2920282301703939,0.2899057738572574,0.2870983498508254,0.2927293780341039,0.67506
12,any_2_to_5,28,rank,monte_carlo,100000,20260927,0.9986982981728927,99875,192,0,0.00192,0.00192,0.001667140185827562,0.002211126826666886,0.0019224030037546934,0.001669226965177383,0.00221389376176545,0.00192
12,any_2_to_5,29,rank,monte_carlo,100000,20260927,0.9978175102408172,99759,26577,0.26577,0,0.26577,0.26304108816319244,0.26851690750484597,0.2664120530478453,0.2636777243638068,0.2691643714250927,0.63201
12,any_2_to_5,30,rank,monte_carlo,100000,20260927,0.9998280797123216,99981,59715,0.52619,0.13323,0.59715,0.5941063528971422,0.6001861831607924,0.5972634800612117,0.5942196784735903,0.600299807568182,2.22033
12,any_2_to_5,31,rank,monte_carlo,100000,20260927,0.9977066244051271,99766,0,0,0,0,0,0.000038414524267635735,0,0,0.000038504621621049065,0
12,any_2_to_5,32,rank,monte_carlo,100000,20260927,0.998312732547878,99842,168,0,0.00168,0.00168,0.0014445952378946772,0.0019536902135714198,0.0016826586005889304,0.0014468815599508757,0.0019567814725213748,0.00168
12,any_2_to_5,33,rank,monte_carlo,100000,20260927,0.9966620258171691,99647,0,0,0,0,0,0.000038414524267635735,0,0,0.00003855060266746407,0
12,any_2_to_5,34,rank,monte_carlo,100000,20260927,0.996629221924074,99645,16049,0.16049,0,0.16049,0.1582279876862256,0.16277809654404257,0.16106176928094737,0.1587924540614463,0.16335721757106367,0.46722
12,any_2_to_5,35,rank,monte_carlo,100000,20260927,0.9942208689128015,99401,9365,0.09365,0,0.09365,0.09185982567533348,0.09547139380853885,0.09421434392008128,0.09241392604231945,0.09604612578678583,0.31727
12,any_2_to_5,36,rank,monte_carlo,100000,20260927,0.9923786233381765,99245,189,0,0.00189,0.00189,0.001639259936808879,0.0021790093805570247,0.0019043780543100408,0.001651731968088108,0.0021955834649617424,0.00189
12,any_2_to_5,37,rank,monte_carlo,100000,20260927,0.9879219943026092,98786,15952,0.15952,0,0.15952,0.15726360019021707,0.1618025585642282,0.16148037171259086,0.15919884803337017,0.16378822313934036,0.46237
12,any_2_to_5,38,rank,monte_carlo,100000,20260927,0.9830421081682605,98337,0,0,0,0,0,0.000038414524267635735,0,0,0.00003906413589204019,0
12,any_2_to_5,39,rank,monte_carlo,100000,20260927,0.9736756955337983,97374,15982,0.15982,0,0.15982,0.15756186120265764,0.16210427450307308,0.16413005525088833,0.16181684083332717,0.16646977011164163,0.46634
12,any_2_to_5,40,rank,monte_carlo,100000,20260927,0.9707487038723652,97101,24972,0.24343,0.00743,0.24972,0.24704681087373107,0.2524124179005363,0.2571755182747861,0.2544359889198583,0.25993426056520963,0.79219
12,any_2_to_5,41,rank,monte_carlo,100000,20260927,0.9490280671335277,94882,0,0,0,0,0,0.000038414524267635735,0,0,0.00004048654609814833,0
12,any_2_to_5,42,rank,monte_carlo,100000,20260927,0.9223795985367346,92291,0,0,0,0,0,0.000038414524267635735,0,3.3881317890172014e-21,0.000041623127938712444,0
12,any_2_to_5,43,rank,monte_carlo,100000,20260927,0.8808645739616472,88133,0,0,0,0,0,0.000038414524267635735,0,0,0.00004358676723900213,0
12,any_2_to_5,44,rank,monte_carlo,100000,20260927,0.8236967589895273,82372,9204,0.09204,0,0.09204,0.0902638861427497,0.09384745703589074,0.1117369980090322,0.10960360736590172,0.11390660196712199,0.30433
12,any_2_to_5,45,rank,monte_carlo,100000,20260927,0.7518077879918271,75121,0,0,0,0,0,0.000038414524267635735,0,0,0.000051136214309169335,0
12,any_2_to_5,46,rank,monte_carlo,100000,20260927,0.6618310639686935,66324,0,0,0,0,0,0.000038414524267635735,0,0,0.00005791836289754979,0
12,any_2_to_5,47,rank,monte_carlo,100000,20260927,0.5558791570724122,55581,9137,0.09137,0,0.09137,0.08959978615346598,0.09317160850063702,0.1643907090552527,0.16133262884774702,0.16749517876806164,0.30691
12,any_2_to_5,48,rank,monte_carlo,100000,20260927,0.44091584886334645,44010,0,0,0,0,0,0.000038414524267635735,0,0,0.00008728163369406954,0
12,any_2_to_5,49,rank,monte_carlo,100000,20260927,0.3312473507061785,32946,9313,0.09313,0,0.09313,0.09134434900635,0.09494691042862757,0.2826746797790324,0.2778377726020981,0.2875622625835037,0.31258
12,any_2_to_5,50,rank,monte_carlo,100000,20260927,0.2772484279404984,27587,0,0,0,0,0,0.000038414524267635735,0,0,0.00013923460747206784,0
12,2,2,value,exact,,,0.22448979591836735,,,0,0.22448979591836735,0.22448979591836735,,,1,,,0.2986425339366516
12,2,3,value,exact,,,0.4270436759347587,,,0.4270436759347587,0,0.4270436759347587,,,1,,,0.7963800904977375
12,2,4,value,exact,,,0.5701992733321785,,,0,0.22448979591836735,0.22448979591836735,,,0.39370410734912903,,,0.2986425339366516
12,2,5,value,exact,,,0.6934432790968705,,,0.4270436759347587,0,0.4270436759347587,,,0.6158307230130395,,,0.7963800904977375
12,2,6,value,exact,,,0.7797331968657383,,,0,0.22448979591836735,0.22448979591836735,,,0.28790591040722624,,,0.2986425339366516
12,2,7,value,exact,,,0.849795911350174,,,0.4270436759347587,0,0.4270436759347587,,,0.5025249830353532,,,0.7963800904977375
12,2,8,value,exact,,,0.898140398846859,,,0,0.22448979591836735,0.22448979591836735,,,0.24994955822786105,,,0.2986425339366516
12,2,9,value,exact,,,0.9345376199743122,,,0.4270436759347587,0,0.4270436759347587,,,0.4569571805429266,,,0.7963800904977375
12,2,10,value,exact,,,0.9590742726316664,,,0,0.22448979591836735,0.22448979591836735,,,0.23406925023895714,,,0.2986425339366516
12,2,11,value,exact,,,0.986893017375014,,,0.4270436759347587,0,0.4270436759347587,,,0.4327152674264838,,,0.7963800904977375
12,2,12,value,exact,,,0.9776109615097859,,,0,0.22448979591836735,0.22448979591836735,,,0.22963101351858176,,,0.2986425339366516
12,2,13,value,exact,,,0.9636452075873727,,,0.4270436759347587,0,0.4270436759347587,,,0.4431544644983243,,,0.7963800904977375
12,2,14,value,exact,,,0.9427616349462571,,,0,0.22448979591836735,0.22448979591836735,,,0.23811935869787973,,,0.2986425339366516
12,2,15,value,exact,,,0.9143946674237285,,,0.4270436759347587,0,0.4270436759347587,,,0.4670233665490829,,,0.7963800904977375
12,2,16,value,exact,,,0.8730077358129583,,,0,0.22448979591836735,0.22448979591836735,,,0.2571452539413285,,,0.2986425339366516
12,2,17,value,exact,,,0.8209243021020995,,,0.4270436759347587,0,0.4270436759347587,,,0.5201986039897338,,,0.7963800904977375
12,2,18,value,exact,,,0.7461296540162888,,,0,0.22448979591836735,0.22448979591836735,,,0.30087236810650403,,,0.2986425339366516
12,2,19,value,exact,,,0.6574541016462414,,,0.6574541016462414,0,0.6574541016462414,,,1,,,3.18552036199095
12,2,20,value,exact,,,0.9473563636955131,,,0,0.9473563636955131,0.9473563636955131,,,1,,,5.972850678733032
12,2,21,value,exact,,,0,,,0,0,0,,,,,,0
12,2,22,value,exact,,,0,,,0,0,0,,,,,,0
12,2,23,value,exact,,,0,,,0,0,0,,,,,,0
12,2,24,value,exact,,,0,,,0,0,0,,,,,,0
12,2,25,value,exact,,,0,,,0,0,0,,,,,,0
12,2,26,value,exact,,,0,,,0,0,0,,,,,,0
12,2,27,value,exact,,,0,,,0,0,0,,,,,,0
12,2,28,value,exact,,,0,,,0,0,0,,,,,,0
12,2,29,value,exact,,,0,,,0,0,0,,,,,,0
12,2,30,value,exact,,,0,,,0,0,0,,,,,,0
12,2,31,value,exact,,,0,,,0,0,0,,,,,,0
12,2,32,value,exact,,,0,,,0,0,0,,,,,,0
12,2,33,value,exact,,,0,,,0,0,0,,,,,,0
12,2,34,value,exact,,,0,,,0,0,0,,,,,,0
12,2,35,value,exact,,,0,,,0,0,0,,,,,,0
12,2,36,value,exact,,,0,,,0,0,0,,,,,,0
12,2,37,value,exact,,,0,,,0,0,0,,,,,,0
12,2,38,value,exact,,,0,,,0,0,0,,,,,,0
12,2,39,value,exact,,,0,,,0,0,0,,,,,,0
12,2,40,value,exact,,,0,,,0,0,0,,,,,,0
12,2,41,value,exact,,,0,,,0,0,0,,,,,,0
12,2,42,value,exact,,,0,,,0,0,0,,,,,,0
12,2,43,value,exact,,,0,,,0,0,0,,,,,,0
12,2,44,value,exact,,,0,,,0,0,0,,,,,,0
12,2,45,value,exact,,,0,,,0,0,0,,,,,,0
12,2,46,value,exact,,,0,,,0,0,0,,,,,,0
12,2,47,value,exact,,,0,,,0,0,0,,,,,,0
12,2,48,value,exact,,,0,,,0,0,0,,,,,,0
12,2,49,value,exact,,,0,,,0,0,0,,,,,,0
12,2,50,value,exact,,,0,,,0,0,0,,,,,,0
12,3,2,value,exact,,,0,,,0,0,0,,,,,,0
12,3,3,value,exact,,,0.034333733493397356,,,0,0.034333733493397356,0.034333733493397356,,,1,,,0.039819004524886875
12,3,4,value,exact,,,0.13775393598697575,,,0,0,0,,,0,,,0
12,3,5,value,exact,,,0.25297679901700165,,,0,0,0,,,0,,,0
12,3,6,value,exact,,,0.3807857992803621,,,0.2667853283427745,0.034333733493397356,0.29031116934908363,,,0.7624001995288052,,,0.676923076923077
12,3,7,value,exact,,,0.5102496875104039,,,0,0,0,,,0,,,0
12,3,8,value,exact,,,0.6236003602194091,,,0,0,0,,,0,,,0
12,3,9,value,exact,,,0.7198797095951747,,,0.2667853283427745,0.034333733493397356,0.29031116934908363,,,0.4032773329760058,,,0.676923076923077
12,3,10,value,exact,,,0.8033354311868607,,,0,0,0,,,0,,,0
12,3,11,value,exact,,,0.8661777608150755,,,0,0,0,,,0,,,0
12,3,12,value,exact,,,0.9140699487126112,,,0.2667853283427745,0.034333733493397356,0.29031116934908363,,,0.3176027937008124,,,0.676923076923077
12,3,13,value,exact,,,0.9413405274993075,,,0,0,0,,,0,,,0
12,3,14,value,exact,,,0.9624601202053062,,,0,0,0,,,0,,,0
12,3,15,value,exact,,,0.9720110041519862,,,0.2667853283427745,0.034333733493397356,0.29031116934908363,,,0.2986706612466394,,,0.676923076923077
12,3,16,value,exact,,,0.9799629885717968,,,0,0,0,,,0,,,0
12,3,17,value,exact,,,0.9827862405271967,,,0,0,0,,,0,,,0
12,3,18,value,exact,,,0.9850795623667062,,,0.2667853283427745,0.034333733493397356,0.29031116934908363,,,0.2947083468583954,,,0.676923076923077
12,3,19,value,exact,,,0.9844591993860109,,,0,0,0,,,0,,,0
12,3,20,value,exact,,,0.9823859218071606,,,0,0,0,,,0,,,0
12,3,21,value,exact,,,0.9934274717784491,,,0.2667853283427745,0.034333733493397356,0.29031116934908363,,,0.29223187157222874,,,0.676923076923077
12,3,22,value,exact,,,0.9871514630058497,,,0,0,0,,,0,,,0
12,3,23,value,exact,,,0.9742877692862904,,,0,0,0,,,0,,,0
12,3,24,value,exact,,,0.9534847095667496,,,0.2667853283427745,0.034333733493397356,0.29031116934908363,,,0.3044738593458904,,,0.676923076923077
12,3,25,value,exact,,,0.9219456146748833,,,0,0,0,,,0,,,0
12,3,26,value,exact,,,0.8757361727899805,,,0,0,0,,,0,,,0
12,3,27,value,exact,,,0.8087340789245286,,,0.4230194673783152,0.034333733493397356,0.43806424583315307,,,0.5416666086529951,,,2.588235294117647
12,3,28,value,exact,,,0.7193852411714706,,,0,0,0,,,0,,,0
12,3,29,value,exact,,,0.6208782960923721,,,0,0,0,,,0,,,0
12,3,30,value,exact,,,0.799558561663774,,,0,0.799558561663774,0.799558561663774,,,1,,,5.574660633484163
12,3,31,value,exact,,,0,,,0,0,0,,,,,,0
12,3,32,value,exact,,,0,,,0,0,0,,,,,,0
12,3,33,value,exact,,,0,,,0,0,0,,,,,,0
12,3,34,value,exact,,,0,,,0,0,0,,,,,,0
12,3,35,value,exact,,,0,,,0,0,0,,,,,,0
12,3,36,value,exact,,,0,,,0,0,0,,,,,,0
12,3,37,value,exact,,,0,,,0,0,0,,,,,,0
12,3,38,value,exact,,,0,,,0,0,0,,,,,,0
12,3,39,value,exact,,,0,,,0,0,0,,,,,,0
12,3,40,value,exact,,,0,,,0,0,0,,,,,,0
12,3,41,value,exact,,,0,,,0,0,0,,,,,,0
12,3,42,value,exact,,,0,,,0,0,0,,,,,,0
12,3,43,value,exact,,,0,,,0,0,0,,,,,,0
12,3,44,value,exact,,,0,,,0,0,0,,,,,,0
12,3,45,value,exact,,,0,,,0,0,0,,,,,,0
12,3,46,value,exact,,,0,,,0,0,0,,,,,,0
12,3,47,value,exact,,,0,,,0,0,0,,,,,,0
12,3,48,value,exact,,,0,,,0,0,0,,,,,,0
12,3,49,value,exact,,,0,,,0,0,0,,,,,,0
12,3,50,value,exact,,,0,,,0,0,0,,,,,,0
12,4,2,value,exact,,,0,,,0,0,0,,,,,,0
12,4,3,value,exact,,,0,,,0,0,0,,,,,,0
12,4,4,value,exact,,,0.001828423677163173,,,0,0.001828423677163173,0.001828423677163173,,,1,,,0.001828423677163173
12,4,5,value,exact,,,0.019734628356430455,,,0,0,0,,,0,,,0
12,4,6,value,exact,,,0.057915122667878224,,,0,0,0,,,0,,,0
12,4,7,value,exact,,,0.11241521477777082,,,0,0,0,,,0,,,0
12,4,8,value,exact,,,0.18983195265057698,,,0,0.001828423677163173,0.001828423677163173,,,0.009631801451933365,,,0.001828423677163173
12,4,9,value,exact,,,0.2773292775138791,,,0,0,0,,,0,,,0
12,4,10,value,exact,,,0.37194025647797424,,,0.16064407277264697,0,0.16064407277264697,,,0.4319082701448857,,,0.4680764613537723
12,4,11,value,exact,,,0.4696866131370329,,,0,0,0,,,0,,,0
12,4,12,value,exact,,,0.5652859273720423,,,0,0.001828423677163173,0.001828423677163173,,,0.0032345112245467204,,,0.001828423677163173
12,4,13,value,exact,,,0.6503539836585829,,,0,0,0,,,0,,,0
12,4,14,value,exact,,,0.727180490515381,,,0.16064407277264697,0,0.16064407277264697,,,0.22091361755152739,,,0.4680764613537723
12,4,15,value,exact,,,0.791151835007694,,,0,0,0,,,0,,,0
12,4,16,value,exact,,,0.8431095895803414,,,0,0.001828423677163173,0.001828423677163173,,,0.002168666683145275,,,0.001828423677163173
12,4,17,value,exact,,,0.883431158230075,,,0,0,0,,,0,,,0
12,4,18,value,exact,,,0.914696718577695,,,0.16064407277264697,0,0.16064407277264697,,,0.17562550461801155,,,0.4680764613537723
12,4,19,value,exact,,,0.938098493164838,,,0,0,0,,,0,,,0
12,4,20,value,exact,,,0.9554488251834562,,,0,0.001828423677163173,0.001828423677163173,,,0.0019136803866100275,,,0.001828423677163173
12,4,21,value,exact,,,0.9671116370478016,,,0,0,0,,,0,,,0
12,4,22,value,exact,,,0.9790087441489311,,,0.16064407277264697,0,0.16064407277264697,,,0.1640884963824277,,,0.4680764613537723
12,4,23,value,exact,,,0.9824768048573858,,,0,0,0,,,0,,,0
12,4,24,value,exact,,,0.9877492958607416,,,0,0.001828423677163173,0.001828423677163173,,,0.0018511009674472645,,,0.001828423677163173
12,4,25,value,exact,,,0.9881098755141509,,,0,0,0,,,0,,,0
12,4,26,value,exact,,,0.9898167824596772,,,0.16064407277264697,0,0.16064407277264697,,,0.16229677615027832,,,0.4680764613537723
12,4,27,value,exact,,,0.9883468198621439,,,0,0,0,,,0,,,0
12,4,28,value,exact,,,0.9879300675741883,,,0,0.001828423677163173,0.001828423677163173,,,0.0018507622524869332,,,0.001828423677163173
12,4,29,value,exact,,,0.9842962396628967,,,0,0,0,,,0,,,0
12,4,30,value,exact,,,0.980269462700971,,,0.16064407277264697,0,0.16064407277264697,,,0.16387746317223703,,,0.4680764613537723
12,4,31,value,exact,,,0.988016672716974,,,0,0,0,,,0,,,0
12,4,32,value,exact,,,0.977941843258288,,,0,0.001828423677163173,0.001828423677163173,,,0.00186966504170766,,,0.001828423677163173
12,4,33,value,exact,,,0.9584774276999549,,,0,0,0,,,0,,,0
12,4,34,value,exact,,,0.9276570011250949,,,0.26357347547890064,0,0.26357347547890064,,,0.284128158531903,,,1.8723058454150892
12,4,35,value,exact,,,0.8824272870389416,,,0,0,0,,,0,,,0
12,4,36,value,exact,,,0.8180446730150058,,,0,0.001828423677163173,0.001828423677163173,,,0.002235114703973671,,,0.001828423677163173
12,4,37,value,exact,,,0.7311878613889728,,,0,0,0,,,0,,,0
12,4,38,value,exact,,,0.6237627292392073,,,0,0,0,,,0,,,0
12,4,39,value,exact,,,0.5105913529074966,,,0,0,0,,,0,,,0
12,4,40,value,exact,,,0.5441055704978052,,,0,0.5441055704978052,0.5441055704978052,,,1,,,3.327731092436975
12,4,41,value,exact,,,0,,,0,0,0,,,,,,0
12,4,42,value,exact,,,0,,,0,0,0,,,,,,0
12,4,43,value,exact,,,0,,,0,0,0,,,,,,0
12,4,44,value,exact,,,0,,,0,0,0,,,,,,0
12,4,45,value,exact,,,0,,,0,0,0,,,,,,0
12,4,46,value,exact,,,0,,,0,0,0,,,,,,0
12,4,47,value,exact,,,0,,,0,0,0,,,,,,0
12,4,48,value,exact,,,0,,,0,0,0,,,,,,0
12,4,49,value,exact,,,0,,,0,0,0,,,,,,0
12,4,50,value,exact,,,0,,,0,0,0,,,,,,0
12,5,2,value,exact,,,0,,,0,0,0,,,,,,0
12,5,3,value,exact,,,0,,,0,0,0,,,,,,0
12,5,4,value,exact,,,0,,,0,0,0,,,,,,0
12,5,5,value,exact,,,0,,,0,0,0,,,,,,0
12,5,6,value,exact,,,0.0009696527867533551,,,0,0,0,,,0,,,0
12,5,7,value,exact,,,0.006119082248334402,,,0,0,0,,,0,,,0
12,5,8,value,exact,,,0.01653362106593014,,,0,0,0,,,0,,,0
12,5,9,value,exact,,,0.03727820384155948,,,0,0,0,,,0,,,0
12,5,10,value,exact,,,0.06739775721790744,,,0,0,0,,,0,,,0
12,5,11,value,exact,,,0.10914259190689765,,,0,0,0,,,0,,,0
12,5,12,value,exact,,,0.1611051012804958,,,0,0,0,,,0,,,0
12,5,13,value,exact,,,0.22411040605002974,,,0,0,0,,,0,,,0
12,5,14,value,exact,,,0.29312905027925956,,,0,0,0,,,0,,,0
12,5,15,value,exact,,,0.36760299568448895,,,0.09258492312673444,0,0.09258492312673444,,,0.2518611769045523,,,0.3120509742358482
12,5,16,value,exact,,,0.44407688620178076,,,0,0,0,,,0,,,0
12,5,17,value,exact,,,0.5191634272381219,,,0,0,0,,,0,,,0
12,5,18,value,exact,,,0.5906963904629813,,,0,0,0,,,0,,,0
12,5,19,value,exact,,,0.657027774090918,,,0,0,0,,,0,,,0
12,5,20,value,exact,,,0.7168848360931429,,,0.09258492312673444,0,0.09258492312673444,,,0.1291489489878192,,,0.3120509742358482
12,5,21,value,exact,,,0.7696521568649278,,,0,0,0,,,0,,,0
12,5,22,value,exact,,,0.8149170522470743,,,0,0,0,,,0,,,0
12,5,23,value,exact,,,0.854142021122478,,,0,0,0,,,0,,,0
12,5,24,value,exact,,,0.8856768190352344,,,0,0,0,,,0,,,0
12,5,25,value,exact,,,0.9116855367479524,,,0.09258492312673444,0,0.09258492312673444,,,0.10155357236113616,,,0.3120509742358482
12,5,26,value,exact,,,0.9320202663832765,,,0,0,0,,,0,,,0
12,5,27,value,exact,,,0.9476793948496921,,,0,0,0,,,0,,,0
12,5,28,value,exact,,,0.9596510049946729,,,0,0,0,,,0,,,0
12,5,29,value,exact,,,0.9687128590205353,,,0,0,0,,,0,,,0
12,5,30,value,exact,,,0.9752217844088429,,,0.09258492312673444,0,0.09258492312673444,,,0.09493730001412684,,,0.3120509742358482
12,5,31,value,exact,,,0.9796471692030501,,,0,0,0,,,0,,,0
12,5,32,value,exact,,,0.9864691562673256,,,0,0,0,,,0,,,0
12,5,33,value,exact,,,0.9863846243449571,,,0,0,0,,,0,,,0
12,5,34,value,exact,,,0.9891747849415651,,,0,0,0,,,0,,,0
12,5,35,value,exact,,,0.9871847828273584,,,0.09258492312673444,0,0.09258492312673444,,,0.0937868216136451,,,0.3120509742358482
12,5,36,value,exact,,,0.9864634447817764,,,0,0,0,,,0,,,0
12,5,37,value,exact,,,0.9817580408767651,,,0,0,0,,,0,,,0
12,5,38,value,exact,,,0.9770048045491798,,,0,0,0,,,0,,,0
12,5,39,value,exact,,,0.9673367416922259,,,0,0,0,,,0,,,0
12,5,40,value,exact,,,0.9548625256837381,,,0.15812276396625152,0,0.15812276396625152,,,0.1655974129396546,,,1.2482038969433928
12,5,41,value,exact,,,0.9490280671335277,,,0,0,0,,,0,,,0
12,5,42,value,exact,,,0.9223795985367346,,,0,0,0,,,0,,,0
12,5,43,value,exact,,,0.8808645739616472,,,0,0,0,,,0,,,0
12,5,44,value,exact,,,0.8236967589895273,,,0,0,0,,,0,,,0
12,5,45,value,exact,,,0.7518077879918271,,,0,0,0,,,0,,,0
12,5,46,value,exact,,,0.6618310639686935,,,0,0,0,,,0,,,0
12,5,47,value,exact,,,0.5558791570724122,,,0,0,0,,,0,,,0
12,5,48,value,exact,,,0.44091584886334645,,,0,0,0,,,0,,,0
12,5,49,value,exact,,,0.3312473507061785,,,0,0,0,,,0,,,0
12,5,50,value,exact,,,0.2772484279404984,,,0,0.2772484279404984,0.2772484279404984,,,1,,,1.3310924369747898
12,any_2_to_5,2,value,exact,,,0.22448979591836735,,,0,0.22448979591836735,0.22448979591836735,,,1,,,0.2986425339366516
12,any_2_to_5,3,value,exact,,,0.44164278107172567,,,0.4270436759347587,0.034333733493397356,0.44164278107172567,,,1,,,0.8361990950226245
12,any_2_to_5,4,value,exact,,,0.6086938456613077,,,0,0.22609128757886132,0.22609128757886132,,,0.3714367891024548,,,0.30047095761381476
12,any_2_to_5,5,value,exact,,,0.7378609555163705,,,0.4270436759347587,0,0.4270436759347587,,,0.5787590097322667,,,0.7963800904977375
12,any_2_to_5,6,value,exact,,,0.829009926081294,,,0.2667853283427745,0.2535719560719755,0.43086357458625835,,,0.5197327088988404,,,0.9755656108597285
12,any_2_to_5,7,value,exact,,,0.8964870078027858,,,0.4270436759347587,0,0.4270436759347587,,,0.4763523310632318,,,0.7963800904977375
12,any_2_to_5,8,value,exact,,,0.9410752407159488,,,0,0.22609128757886132,0.22609128757886132,,,0.24024783332611765,,,0.30047095761381476
12,any_2_to_5,9,value,exact,,,0.9660960978805045,,,0.5331849315048862,0.034333733493397356,0.5514851168832609,,,0.5708387789715237,,,1.4733031674208146
12,any_2_to_5,10,value,exact,,,0.9833329666018146,,,0.16064407277264697,0.22448979591836735,0.3606653497986187,,,0.36677845861814223,,,0.7667189952904239
12,any_2_to_5,11,value,exact,,,0.9924409319822172,,,0.4270436759347587,0,0.4270436759347587,,,0.4302963150480079,,,0.7963800904977375
12,any_2_to_5,12,value,exact,,,0.995058829102836,,,0.2667853283427745,0.2551529748468067,0.4660657175480136,,,0.46838006348652506,,,0.9773940345368917
12,any_2_to_5,13,value,exact,,,0.9954710761253968,,,0.4270436759347587,0,0.4270436759347587,,,0.42898652324175135,,,0.7963800904977375
12,any_2_to_5,14,value,exact,,,0.9970240920530077,,,0.16064407277264697,0.22448979591836735,0.3606653497986187,,,0.361741860275372,,,0.7667189952904239
12,any_2_to_5,15,value,exact,,,0.997051216784515,,,0.6295112726912548,0.034333733493397356,0.6437088615516865,,,0.6456126332483142,,,1.7853541416566627
12,any_2_to_5,16,value,exact,,,0.9983090287577974,,,0,0.22609128757886132,0.22609128757886132,,,0.22647424902105537,,,0.30047095761381476
12,any_2_to_5,17,value,exact,,,0.997642213434083,,,0.4270436759347587,0,0.4270436759347587,,,0.42805293339060846,,,0.7963800904977375
12,any_2_to_5,18,value,exact,,,0.9988722979461483,,,0.33484447798868705,0.2535719560719755,0.5181175866464006,,,0.5187025285531881,,,1.4436420722135008
12,any_2_to_5,19,value,exact,,,0.9980213301162493,,,0.6574541016462414,0,0.6574541016462414,,,0.6587575654015945,,,3.18552036199095
12,any_2_to_5,20,value,exact,,,0.9999999477709517,,,0.09258492312673444,0.9476682746413593,0.9609097408973477,,,0.9609097910847516,,,6.286730076646043
12,any_2_to_5,21,value,exact,,,0.9979085775826855,,,0.2667853283427745,0.034333733493397356,0.29031116934908363,,,0.29091960513289483,,,0.676923076923077
12,any_2_to_5,22,value,exact,,,0.9987453225303476,,,0.16064407277264697,0,0.16064407277264697,,,0.1608458824774778,,,0.4680764613537723
12,any_2_to_5,23,value,exact,,,0.9979472404905841,,,0,0,0,,,0,,,0
12,any_2_to_5,24,value,exact,,,0.9988339623238108,,,0.2667853283427745,0.03614045062983565,0.2918973944476285,,,0.2922381551469499,,,0.6787515006002401
12,any_2_to_5,25,value,exact,,,0.9979395546123075,,,0.09258492312673444,0,0.09258492312673444,,,0.09277608317940962,,,0.3120509742358482
12,any_2_to_5,26,value,exact,,,0.9988247392427444,,,0.16064407277264697,0,0.16064407277264697,,,0.16083309359601838,,,0.4680764613537723
12,any_2_to_5,27,value,exact,,,0.997924354403878,,,0.4230194673783152,0.034333733493397356,0.43806424583315307,,,0.4389754031956019,,,2.588235294117647
12,any_2_to_5,28,value,exact,,,0.9986982981728927,,,0,0.001828423677163173,0.001828423677163173,,,0.001830806841774191,,,0.001828423677163173
12,any_2_to_5,29,value,exact,,,0.9978175102408172,,,0,0,0,,,0,,,0
12,any_2_to_5,30,value,exact,,,0.9998280797123216,,,0.20263189403554274,0.799558561663774,0.8706367041513148,,,0.8707864100014286,,,6.354788069073783
12,any_2_to_5,31,value,exact,,,0.9977066244051271,,,0,0,0,,,0,,,0
12,any_2_to_5,32,value,exact,,,0.998312732547878,,,0,0.001828423677163173,0.001828423677163173,,,0.0018315139310070693,,,0.001828423677163173
12,any_2_to_5,33,value,exact,,,0.9966620258171691,,,0,0,0,,,0,,,0
12,any_2_to_5,34,value,exact,,,0.996629221924074,,,0.26357347547890064,0,0.26357347547890064,,,0.2644649280602575,,,1.8723058454150892
12,any_2_to_5,35,value,exact,,,0.9942208689128015,,,0.09258492312673444,0,0.09258492312673444,,,0.09312309369242845,,,0.3120509742358482
12,any_2_to_5,36,value,exact,,,0.9923786233381765,,,0,0.001828423677163173,0.001828423677163173,,,0.001842465803034629,,,0.001828423677163173
12,any_2_to_5,37,value,exact,,,0.9879219943026092,,,0,0,0,,,0,,,0
12,any_2_to_5,38,value,exact,,,0.9830421081682605,,,0,0,0,,,0,,,0
12,any_2_to_5,39,value,exact,,,0.9736756955337983,,,0,0,0,,,0,,,0
12,any_2_to_5,40,value,exact,,,0.9707487038723652,,,0.15812276396625152,0.5441055704978052,0.6487142897853799,,,0.6682618139974085,,,4.575934989380367
12,any_2_to_5,41,value,exact,,,0.9490280671335277,,,0,0,0,,,0,,,0
12,any_2_to_5,42,value,exact,,,0.9223795985367346,,,0,0,0,,,0,,,0
12,any_2_to_5,43,value,exact,,,0.8808645739616472,,,0,0,0,,,0,,,0
12,any_2_to_5,44,value,exact,,,0.8236967589895273,,,0,0,0,,,0,,,0
12,any_2_to_5,45,value,exact,,,0.7518077879918271,,,0,0,0,,,0,,,0
12,any_2_to_5,46,value,exact,,,0.6618310639686935,,,0,0,0,,,0,,,0
12,any_2_to_5,47,value,exact,,,0.5558791570724122,,,0,0,0,,,0,,,0
12,any_2_to_5,48,value,exact,,,0.44091584886334645,,,0,0,0,,,0,,,0
12,any_2_to_5,49,value,exact,,,0.3312473507061785,,,0,0,0,,,0,,,0
12,any_2_to_5,50,value,exact,,,0.2772484279404984,,,0,0.2772484279404984,0.2772484279404984,,,1,,,1.3310924369747898
