party_size,private_hand_size,total_dealt,total,method,samples,seed,small_shared_hand_cards,small_shared_hand_exact_ability_probability,private_any_character_probability,private_any_ci95_low,private_any_ci95_high,private_all_characters_probability,private_all_ci95_low,private_all_ci95_high,private_mean_capable_characters,equal_budget_pool_cards,equal_budget_pool_ability_probability,pool_ci95_low,pool_ci95_high
3,4,12,2,monte_carlo,10000,20261219,4,0.025712438821682518,0.0763,0.07125780227190767,0.0816676099017517,0,0,0.00038401247776654115,0.0769,12,0.2251,0.21702055210209195,0.23339057795818405
3,4,12,3,monte_carlo,10000,20261219,4,0.06461538461538462,0.1923,0.1846942333590504,0.2001420879197671,0.0001,0.00001765221952685649,0.0005662834557441313,0.2017,12,0.4474,0.43767642888865277,0.45716396922400826
3,4,12,4,monte_carlo,10000,20261219,4,0.09292824822236587,0.2599,0.2513971990468351,0.26858720374498835,0.0003,0.00010203035287762114,0.0008817517174022601,0.2802,12,0.6079,0.5982912244835041,0.6174259056237938
3,4,12,5,monte_carlo,10000,20261219,4,0.13380367531628035,0.3537,0.3443867097640538,0.36312565228694066,0.0014,0.0008341542630379929,0.0023487829797908017,0.3981,12,0.7355,0.7267658465387848,0.7440532835841872
3,4,12,6,monte_carlo,10000,20261219,4,0.16448425524055776,0.4261,0.4164378288989715,0.43581892814524226,0.0029,0.002019983350543452,0.004161801854852043,0.4932,12,0.8273,0.8197661099184095,0.8345825155136446
3,4,12,7,monte_carlo,10000,20261219,4,0.207354326345923,0.5131,0.5033002134739409,0.5228897253991415,0.0057,0.004402395036688564,0.007377239698831437,0.6241,12,0.8944,0.888224228526609,0.9002728624309287
3,4,12,8,monte_carlo,10000,20261219,4,0.24093083387201034,0.5626,0.5528549091995201,0.5722970124382636,0.0109,0.009044443879129442,0.013131197126621787,0.7125,12,0.9375,0.9325855267012678,0.9420784623806865
3,4,12,9,monte_carlo,10000,20261219,4,0.2855628405208237,0.6436,0.6341593641119627,0.6529303475044226,0.02,0.01743466771336601,0.022933984265289867,0.8618,12,0.9679,0.964261506467248,0.9711791346560581
3,4,12,10,monte_carlo,10000,20261219,4,0.32236771631729616,0.6911,0.6819720764392797,0.7000811539917179,0.0285,0.025415296293569353,0.03194682747296449,0.9515,12,0.9814,0.9785610916153655,0.9838691811710409
3,4,12,11,monte_carlo,10000,20261219,4,0.4798522485917444,0.8678,0.861019854155694,0.8742976662656609,0.1056,0.09972713756907119,0.11177577147339103,1.4433,12,0.9927,0.9908319209941793,0.9941896731102297
3,4,12,12,monte_carlo,10000,20261219,4,0.4745147289685105,0.8645,0.8576516209378832,0.8710684339658251,0.0974,0.0917422301269119,0.10336697672018569,1.421,12,0.9952,0.9936421476540959,0.9963775263879241
3,4,12,13,monte_carlo,10000,20261219,4,0.48042847908394126,0.8694,0.8626534279960055,0.8758628635854203,0.1059,0.100019490678081,0.11208318795689456,1.4484,12,0.9961,0.9946733274415094,0.9971456553780504
3,4,12,14,monte_carlo,10000,20261219,4,0.47057715393849847,0.8631,0.8562230775396352,0.8696980525990107,0.1033,0.09748627197469223,0.10941840352516774,1.4229,12,0.9968,0.9954861448401436,0.9977323003619475
3,4,12,15,monte_carlo,10000,20261219,4,0.46982362175639486,0.8565,0.8494916476420022,0.8632345514613502,0.0992,0.09349398061352943,0.1052138437886482,1.4052,12,0.9976,0.9964311979663745,0.9983866328157522
3,4,12,16,monte_carlo,10000,20261219,4,0.4559534583063995,0.8468,0.8396073923214162,0.8537262566240049,0.0869,0.08153632289682329,0.0925809482123074,1.3664,12,0.9978,0.9966710158356369,0.9985466613414986
3,4,12,17,monte_carlo,10000,20261219,4,0.4504940437713547,0.8359,0.8285120786815345,0.8430299417359017,0.0863,0.08095382197179961,0.09196390995230443,1.3488,12,0.9974,0.996192960451946,0.9982250239351717
3,4,12,18,monte_carlo,10000,20261219,4,0.4300674115800166,0.8273,0.8197661099184095,0.8345825155136446,0.0716,0.06670944474895048,0.07681957714199987,1.3001,12,0.9988,0.9979035066029937,0.9993134025491864
3,4,12,19,monte_carlo,10000,20261219,4,0.4183285621941084,0.8164,0.8086906929529749,0.8238663039510945,0.0724,0.06748320334072917,0.07764520413025676,1.2692,12,0.9986,0.9976512170202092,0.9991658457369621
3,4,12,20,monte_carlo,10000,20261219,4,0.5854981992797119,0.934,0.9289650903158356,0.938701586853463,0.1892,0.1816432160446792,0.19699548611150047,1.7453,12,1,0.9996159875222334,0.9999999999999999
3,4,12,21,monte_carlo,10000,20261219,4,0.3004561824729892,0.658,0.6486430733814789,0.667235578675547,0.0278,0.02475462223004598,0.031208039153956736,0.903,12,0.9982,0.9971562885411505,0.9988610814260028
3,4,12,22,monte_carlo,10000,20261219,4,0.27379813463847075,0.6181,0.6085336649860139,0.6275756312667377,0.0193,0.016782285553634074,0.02218690404249068,0.8213,12,0.9989,0.9980311766068111,0.9993856557428735
3,4,12,23,monte_carlo,10000,20261219,4,0.25470865269184595,0.5847,0.5750109096765964,0.5943240386096699,0.0154,0.013165896141235972,0.01800628875221536,0.7635,12,0.9987,0.9977768905034915,0.9992400954511841
3,4,12,24,monte_carlo,10000,20261219,4,0.22843106473358574,0.5479,0.5381285357359702,0.5576346758686599,0.0109,0.009044443879129442,0.013131197126621787,0.6962,12,0.9985,0.9975263931899461,0.9990907463697207
3,4,12,25,monte_carlo,10000,20261219,4,0.20983655000461723,0.5072,0.4974001324833931,0.5169943377369269,0.0083,0.006700942671085995,0.010276695199549622,0.6232,12,0.9986,0.9976512170202092,0.9991658457369621
3,4,12,26,monte_carlo,10000,20261219,4,0.18403915412318775,0.4552,0.44545848012281136,0.4649759273951964,0.0055,0.0042282129306685555,0.007151575409842552,0.5475,12,0.9983,0.9972789915054465,0.9989383016592113
3,4,12,27,monte_carlo,10000,20261219,4,0.1665490811709299,0.4212,0.411554541466771,0.430905978899725,0.0038,0.002769887157078455,0.005211206825857061,0.4956,12,0.9978,0.9966710158356369,0.9985466613414986
3,4,12,28,monte_carlo,10000,20261219,4,0.1419336965555453,0.3753,0.3658592624328614,0.3848365102790936,0.0014,0.0008341542630379929,0.0023487829797908017,0.4287,12,0.9987,0.9977768905034915,0.9992400954511841
3,4,12,29,monte_carlo,10000,20261219,4,0.12564779758057068,0.341,0.3317713524951657,0.350350763472764,0.0011,0.0006143442571264699,0.001968823393188985,0.3821,12,0.9983,0.9972789915054465,0.9989383016592113
3,4,12,30,monte_carlo,10000,20261219,4,0.13547326622956876,0.363,0.3536293216936941,0.37247589772521383,0.0012,0.0006865974508135608,0.0020964933970063406,0.41,12,0.9999,0.9994337165442557,0.999982347780473
3,4,12,31,monte_carlo,10000,20261219,4,0.05401791485825099,0.154,0.14705838348496217,0.16120735314965226,0.0001,0.00001765221952685649,0.0005662834557441313,0.1634,12,0.998,0.9969126251000202,0.9987048984721243
3,4,12,32,monte_carlo,10000,20261219,4,0.04493489703573737,0.1354,0.12883369076924647,0.14224633112954085,0.0001,0.00001765221952685649,0.0005662834557441313,0.1404,12,0.9983,0.9972789915054465,0.9989383016592113
3,4,12,33,monte_carlo,10000,20261219,4,0.03806076276664512,0.1099,0.10391895456785083,0.1161806519673026,0,0,0.00038401247776654115,0.1132,12,0.9974,0.996192960451946,0.9982250239351717
3,4,12,34,monte_carlo,10000,20261219,4,0.03074706805799243,0.0861,0.08075967263135737,0.09175821289773774,0,0,0.00038401247776654115,0.0883,12,0.9963,0.9949044615671903,0.9973143676473786
3,4,12,35,monte_carlo,10000,20261219,4,0.025354141656662665,0.075,0.069999146665119,0.08032726394098252,0,0,0.00038401247776654115,0.0771,12,0.9953,0.9937560806377167,0.9964635166018075
3,4,12,36,monte_carlo,10000,20261219,4,0.019447779111644657,0.0556,0.05127698224546296,0.06026432804477592,0,0,0.00038401247776654115,0.0563,12,0.9929,0.9910545326555612,0.9943669078438565
3,4,12,37,monte_carlo,10000,20261219,4,0.015602548711792409,0.0488,0.0447477099582466,0.05319882290168992,0,0,0.00038401247776654115,0.0496,12,0.9877,0.9853446924127197,0.9896807418164667
3,4,12,38,monte_carlo,10000,20261219,4,0.010933604210915136,0.0339,0.030528108212544418,0.03762986821922954,0,0,0.00038401247776654115,0.0341,12,0.9842,0.9815633254469682,0.9864647968695626
3,4,12,39,monte_carlo,10000,20261219,4,0.008274078862314157,0.0286,0.02550972106266818,0.03205232590137011,0,0,0.00038401247776654115,0.0286,12,0.9747,0.971435024886802,0.9776003936668063
3,4,12,40,monte_carlo,10000,20261219,4,0.0067226890756302525,0.0197,0.01715496634189458,0.022613916044247954,0,0,0.00038401247776654115,0.0198,12,0.9714,0.9679476740986299,0.9744902789373318
3,4,12,41,monte_carlo,10000,20261219,4,0,0,0,0.00038401247776654115,0,0,0.00038401247776654115,0,12,0.951,0.9465930659189132,0.9550605548261413
3,4,12,42,monte_carlo,10000,20261219,4,0,0,0,0.00038401247776654115,0,0,0.00038401247776654115,0,12,0.9221,0.9166833388392297,0.9271924778270397
3,4,12,43,monte_carlo,10000,20261219,4,0,0,0,0.00038401247776654115,0,0,0.00038401247776654115,0,12,0.8815,0.8750183163795315,0.8876886820999323
3,4,12,44,monte_carlo,10000,20261219,4,0,0,0,0.00038401247776654115,0,0,0.00038401247776654115,0,12,0.8195,0.8118395309516666,0.8269150850750406
3,4,12,45,monte_carlo,10000,20261219,4,0,0,0,0.00038401247776654115,0,0,0.00038401247776654115,0,12,0.7497,0.7411147598484626,0.7580934643201407
3,4,12,46,monte_carlo,10000,20261219,4,0,0,0,0.00038401247776654115,0,0,0.00038401247776654115,0,12,0.6619,0.6525673699526932,0.6711082868070061
3,4,12,47,monte_carlo,10000,20261219,4,0,0,0,0.00038401247776654115,0,0,0.00038401247776654115,0,12,0.5562,0.5464423666894915,0.5659144703080075
3,4,12,48,monte_carlo,10000,20261219,4,0,0,0,0.00038401247776654115,0,0,0.00038401247776654115,0,12,0.4462,0.43647940506528565,0.4559619146773219
3,4,12,49,monte_carlo,10000,20261219,4,0,0,0,0.00038401247776654115,0,0,0.00038401247776654115,0,12,0.3348,0.32561535559831856,0.3441115221243354
3,4,12,50,monte_carlo,10000,20261219,4,0,0,0,0.00038401247776654115,0,0,0.00038401247776654115,0,12,0.2806,0.2718794096346676,0.2894890950405763
3,5,15,2,monte_carlo,10000,20261220,5,0.04168436605411395,0.1225,0.1162184605246299,0.12907146889608379,0,0,0.00038401247776654115,0.1234,15,0.3219,0.31281268014523356,0.33112410509934687
3,5,15,3,monte_carlo,10000,20261220,5,0.1016514298026903,0.2864,0.2776226067087579,0.2953414434217439,0.0006,0.0002750097221404114,0.0013085419406528096,0.3084,15,0.5865,0.5768163453422923,0.5961172204990541
3,5,15,4,monte_carlo,10000,20261220,5,0.14771600948071537,0.3921,0.38257409437620604,0.40170877551649586,0.0011,0.0006143442571264699,0.001968823393188985,0.4399,15,0.7591,0.7506199783671001,0.7673810263669212
3,5,15,5,monte_carlo,10000,20261220,5,0.20955920829870409,0.5123,0.5025001225127723,0.5220904307802745,0.0059,0.004577025249490057,0.007602455881038837,0.6171,15,0.8604,0.8534686938865043,0.8670545099195216
3,5,15,6,monte_carlo,10000,20261220,5,0.25793086465355375,0.6015,0.5918668345906847,0.6110552108763289,0.0121,0.01013667808274634,0.01443804129305825,0.7637,15,0.9247,0.9193633857008598,0.9297104341005251
3,5,15,7,monte_carlo,10000,20261220,5,0.3213316095669037,0.7027,0.693664976606264,0.7115793447352493,0.0286,0.02550972106266818,0.03205232590137011,0.9662,15,0.9654,0.9616353291180876,0.9688072320676072
3,5,15,8,monte_carlo,10000,20261220,5,0.37344322344322345,0.7625,0.7540593873175393,0.7707390061316332,0.0431,0.03929194216121171,0.04725896844097134,1.1175,15,0.9826,0.9798456487903832,0.9849837023660765
3,5,15,9,monte_carlo,10000,20261220,5,0.4357712315695509,0.8211,0.813465060165911,0.8284883270208674,0.0744,0.06941838058271035,0.07970849083836451,1.2909,15,0.9929,0.9910545326555612,0.9943669078438565
3,5,15,10,monte_carlo,10000,20261220,5,0.4907563025210084,0.8675,0.8607135951050634,0.8740041557237782,0.1005,0.09475950362597002,0.10654732234376543,1.4353,15,0.997,0.9957205656925353,0.9978977259045646
3,5,15,11,monte_carlo,10000,20261220,5,0.6486840890202235,0.9625,0.9585951976713952,0.9660495907866707,0.259,0.25050721907694545,0.2676778749373379,1.9378,15,0.9989,0.9980311766068111,0.9993856557428735
3,5,15,12,monte_carlo,10000,20261220,5,0.654440237633515,0.9667,0.9630002832260631,0.9700412795271895,0.2688,0.2602006185135022,0.277576948856217,1.9746,15,0.9994,0.9986914580593471,0.9997249902778595
3,5,15,13,monte_carlo,10000,20261220,5,0.6679333271770247,0.9691,0.9655240127065501,0.9723157067868091,0.29,0.2811882485442485,0.2989730366964133,2.0009,15,0.9995,0.9988299568100467,0.9997864147246645
3,5,15,14,monte_carlo,10000,20261220,5,0.6722058053990827,0.9706,0.9671040612328606,0.9737345062230655,0.2843,0.27554296566719355,0.2932226973157149,2.0053,15,0.9998,0.9992709889064336,0.9999451522207908
3,5,15,15,monte_carlo,10000,20261220,5,0.6768399667559332,0.9728,0.969425635111278,0.9758112426897458,0.2968,0.2879251970936916,0.3058308655772727,2.0351,15,0.9997,0.9991182482825978,0.9998979696471224
3,5,15,16,monte_carlo,10000,20261220,5,0.6793686705451412,0.972,0.968580824467317,0.9750566677536713,0.2992,0.2903035130756,0.308250706335471,2.0302,15,0.9999,0.9994337165442557,0.999982347780473
3,5,15,17,monte_carlo,10000,20261220,5,0.679694954905039,0.9714,0.9679476740986299,0.9744902789373318,0.2944,0.2855471769203063,0.3034107290105512,2.0316,15,0.9996,0.9989718550532698,0.9998444396789459
3,5,15,18,monte_carlo,10000,20261220,5,0.6740665496968018,0.9699,0.9663664319419673,0.9730726731314278,0.2948,0.2859434929852188,0.3038141057356565,2.0213,15,1,0.9996159875222334,0.9999999999999999
3,5,15,19,monte_carlo,10000,20261220,5,0.6657155169760212,0.9641,0.9602717262112697,0.9675718334068673,0.2851,0.2763351822167427,0.2940298663462013,1.9894,15,0.9998,0.9992709889064336,0.9999451522207908
3,5,15,20,monte_carlo,10000,20261220,5,0.8771400868039524,0.9984,0.9974023404086676,0.9990148759534945,0.6705,0.6612234419205182,0.6796456098245635,2.6297,15,1,0.9996159875222334,0.9999999999999999
3,5,15,21,monte_carlo,10000,20261220,5,0.6033013205282113,0.9407,0.9358993291915453,0.9451622022105511,0.2198,0.21179186901372474,0.22802333157881563,1.8133,15,0.9997,0.9991182482825978,0.9998979696471224
3,5,15,22,monte_carlo,10000,20261220,5,0.5805768461230646,0.9307,0.9255551275541871,0.9355140840974647,0.1971,0.1894199005795251,0.20501273417950586,1.762,15,0.9999,0.9994337165442557,0.999982347780473
3,5,15,23,monte_carlo,10000,20261220,5,0.5608889709730046,0.9171,0.9115341648694244,0.9223454919216227,0.1788,0.17141335272403624,0.18643333689168096,1.6851,15,0.9998,0.9992709889064336,0.9999451522207908
3,5,15,24,monte_carlo,10000,20261220,5,0.5314202604118571,0.9004,0.8943758224009706,0.9061166604068338,0.1428,0.13607968602882314,0.14979465248529328,1.5923,15,1,0.9996159875222334,0.9999999999999999
3,5,15,25,monte_carlo,10000,20261220,5,0.5066657432203651,0.8887,0.882385846558617,0.8947156221411674,0.1267,0.12032335027635652,0.133363353439544,1.5309,15,0.9997,0.9991182482825978,0.9998979696471224
3,5,15,26,monte_carlo,10000,20261220,5,0.47395265798627145,0.8625,0.8556109171309132,0.8691106738227061,0.1062,0.1003118589002768,0.1123905893272121,1.424,15,0.9999,0.9994337165442557,0.999982347780473
3,5,15,27,monte_carlo,10000,20261220,5,0.44480099732200573,0.8314,0.8239348382949738,0.8386106382347625,0.0829,0.07765450807837722,0.08846583513057561,1.326,15,0.9996,0.9989718550532698,0.9998444396789459
3,5,15,28,monte_carlo,10000,20261220,5,0.40898513251454427,0.8011,0.7931612380931049,0.8088075095927841,0.0658,0.06110534059102204,0.0708281358446704,1.2327,15,1,0.9996159875222334,0.9999999999999999
3,5,15,29,monte_carlo,10000,20261220,5,0.378012743558962,0.7741,0.7657994368075208,0.7821900475521676,0.0495,0.04541886795081369,0.053927127291653956,1.144,15,0.9998,0.9992709889064336,0.9999451522207908
3,5,15,30,monte_carlo,10000,20261220,5,0.40494659402222427,0.8053,0.7974223618488578,0.8129431601322179,0.055,0.050700063435365754,0.05964170766984645,1.2166,15,1,0.9996159875222334,0.9999999999999999
3,5,15,31,monte_carlo,10000,20261220,5,0.2582663834764675,0.6057,0.5960826467832854,0.6152361729789149,0.0151,0.012889188038886227,0.017683227262051765,0.7932,15,0.9997,0.9991182482825978,0.9998979696471224
3,5,15,32,monte_carlo,10000,20261220,5,0.22681841967556254,0.5536,0.5438377389126863,0.5633210949496972,0.0123,0.0103192581835333,0.014655307587280184,0.7002,15,0.9998,0.9992709889064336,0.9999451522207908
3,5,15,33,monte_carlo,10000,20261220,5,0.20121125373226215,0.4974,0.4876030126948452,0.5071989841700391,0.0056,0.004315246513233419,0.007264465024782136,0.6064,15,0.9997,0.9991182482825978,0.9998979696471224
3,5,15,34,monte_carlo,10000,20261220,5,0.17321544002216271,0.4423,0.43258947435985023,0.452054840680084,0.0038,0.002769887157078455,0.005211206825857061,0.5265,15,0.9997,0.9991182482825978,0.9998979696471224
3,5,15,35,monte_carlo,10000,20261220,5,0.15106658047834517,0.4004,0.390836418801238,0.41004007648433294,0.0032,0.002267699638052522,0.004513855159856313,0.4635,15,0.9988,0.9979035066029937,0.9993134025491864
3,5,15,36,monte_carlo,10000,20261220,5,0.12641056422569028,0.3404,0.3311755332561436,0.34974704352675934,0.0021,0.0013739811491914563,0.0032084184761684647,0.3831,15,0.9992,0.9984220307843171,0.9995945711578805
3,5,15,37,monte_carlo,10000,20261220,5,0.10805399082710007,0.2983,0.28941161004840804,0.3073433005851229,0.0011,0.0006143442571264699,0.001968823393188985,0.3301,15,0.9987,0.9977768905034915,0.9992400954511841
3,5,15,38,monte_carlo,10000,20261220,5,0.0869701726844584,0.2411,0.23281652449758247,0.24958231716340504,0.0004,0.0001555603210541602,0.0010281449467301677,0.2608,15,0.9985,0.9975263931899461,0.9990907463697207
3,5,15,39,monte_carlo,10000,20261220,5,0.07214270323514022,0.209,0.20114324423673274,0.21708025102532735,0.0005,0.00021358527533545964,0.001170043189953315,0.2232,15,0.9973,0.9960743791787603,0.9981436820108529
3,5,15,40,monte_carlo,10000,20261220,5,0.06250038476929233,0.1798,0.17239659433354224,0.18744932725721944,0,0,0.00038401247776654115,0.1877,15,0.9962,0.9947887931741428,0.9972301128429215
3,5,15,41,monte_carlo,10000,20261220,5,0.031618801366700526,0.0954,0.08979655458531198,0.10131418831169668,0,0,0.00038401247776654115,0.0972,15,0.9925,0.9906096209104819,0.994012126798918
3,5,15,42,monte_carlo,10000,20261220,5,0.025214701265121434,0.0794,0.07426097556859747,0.08486205572769974,0,0,0.00038401247776654115,0.0809,15,0.9883,0.9859969395540515,0.9902280338601614
3,5,15,43,monte_carlo,10000,20261220,5,0.020221934927817282,0.0601,0.05560838748873656,0.06492946668920242,0,0,0.00038401247776654115,0.0614,15,0.9787,0.9756808539436552,0.981351492510131
3,5,15,44,monte_carlo,10000,20261220,5,0.015558531104749591,0.0451,0.04120425816217112,0.04934511639010088,0,0,0.00038401247776654115,0.0456,15,0.962,0.9580716615784507,0.965573510892093
3,5,15,45,monte_carlo,10000,20261220,5,0.012010958229445624,0.0362,0.032713442960445996,0.04004276701393024,0,0,0.00038401247776654115,0.0368,15,0.9317,0.9265880961910842,0.936480347435612
3,5,15,46,monte_carlo,10000,20261220,5,0.008655770000307815,0.0273,0.024283040171564765,0.030680005224915725,0.0001,0.00001765221952685649,0.0005662834557441313,0.0278,15,0.886,0.879622102806666,0.8920814395604981
3,5,15,47,monte_carlo,10000,20261220,5,0.006433342567796349,0.017,0.014645471212918428,0.019725484840604053,0,0,0.00038401247776654115,0.0171,15,0.8054,0.797523833996077,0.8130416111825033
3,5,15,48,monte_carlo,10000,20261220,5,0.004093945270415859,0.0094,0.007688059920403386,0.011488733122781144,0,0,0.00038401247776654115,0.0094,15,0.7013,0.6922534028634951,0.710191993712956
3,5,15,49,monte_carlo,10000,20261220,5,0.0028011204481792717,0.0092,0.00750806534356159,0.011268881304614047,0,0,0.00038401247776654115,0.0092,15,0.5674,0.5576653940167975,0.5770828411011997
3,5,15,50,monte_carlo,10000,20261220,5,0.0016806722689075631,0.005,0.003794881950804586,0.006585290402184288,0,0,0.00038401247776654115,0.005,15,0.5369,0.5271144203686643,0.5466572395104766
3,6,18,2,monte_carlo,10000,20261221,6,0.06079970449718349,0.1733,0.16600709470405167,0.180843819048921,0,0,0.00038401247776654115,0.1759,18,0.435,0.4253099574777996,0.44473996414431
3,6,18,3,monte_carlo,10000,20261221,6,0.14384493568294748,0.3937,0.3841666070442191,0.40331503400855395,0.001,0.0005432800768105723,0.0018399643760004356,0.4357,18,0.7034,0.6943708011431107,0.712272982580934
3,6,18,4,monte_carlo,10000,20261221,6,0.20990248800011002,0.5227,0.5129032638301618,0.5324793020033476,0.0044,0.003279423444651482,0.005901209723310713,0.6269,18,0.8613,0.8543867254977437,0.867935787085822
3,6,18,5,monte_carlo,10000,20261221,6,0.29227586288197765,0.6712,0.6619281584928076,0.6803403556348051,0.0166,0.014275004667175914,0.01929625859632878,0.8812,18,0.9361,0.931136863360677,0.9407282009562151
3,6,18,6,monte_carlo,10000,20261221,6,0.3578801405996114,0.7575,0.7490016840693717,0.7658005495045784,0.0336,0.030243376823726752,0.03731483001553386,1.0788,18,0.9724,0.9690031411032343,0.975434043907772
3,6,18,7,monte_carlo,10000,20261221,6,0.4383903152095535,0.8375,0.8301400088421504,0.8446007827353572,0.0777,0.07261377124325263,0.08311056569546899,1.3172,18,0.9891,0.9868688028733781,0.9909555561208705
3,6,18,8,monte_carlo,10000,20261221,6,0.5053174788737099,0.8979,0.8918118903338952,0.9036825125362982,0.1159,0.1097729127096401,0.12232208567578015,1.5189,18,0.997,0.9957205656925353,0.9978977259045646
3,6,18,9,monte_carlo,10000,20261221,6,0.5774150576760982,0.9419,0.9371429695996747,0.9463176401724751,0.1807,0.17328158570365873,0.18836364466464298,1.7548,18,0.999,0.9981600356239995,0.9994567199231894
3,6,18,10,monte_carlo,10000,20261221,6,0.6420841004159438,0.9627,0.9588046617408381,0.9662399731122366,0.2469,0.23854657958820802,0.2554478075280374,1.928,18,0.9998,0.9992709889064336,0.9999451522207908
3,6,18,11,monte_carlo,10000,20261221,6,0.7712622528553156,0.9903,0.988181889893125,0.9920415474711769,0.4473,0.4375766747117471,0.4570638002034093,2.3114,18,1,0.9996159875222334,0.9999999999999999
3,6,18,12,monte_carlo,10000,20261221,6,0.782078068543293,0.9926,0.9907207327826477,0.9941009381242567,0.4523,0.4425648710700147,0.4620717637203641,2.3306,18,1,0.9996159875222334,0.9999999999999999
3,6,18,13,monte_carlo,10000,20261221,6,0.7944039154123188,0.9944,0.9927355349752178,0.9956847534867665,0.4895,0.4797080738663013,0.4992999903957317,2.3835,18,1,0.9996159875222334,0.9999999999999999
3,6,18,14,monte_carlo,10000,20261221,6,0.8036914274711521,0.9948,0.9931878145647504,0.9960321666872518,0.4997,0.4899019988085485,0.509498231598938,2.4072,18,1,0.9996159875222334,0.9999999999999999
3,6,18,15,monte_carlo,10000,20261221,6,0.8093122682788336,0.9956,0.9940987902766892,0.9967205765553485,0.5231,0.5133034694672204,0.5328787891563068,2.4341,18,1,0.9996159875222334,0.9999999999999999
3,6,18,16,monte_carlo,10000,20261221,6,0.8174943954668611,0.9963,0.9949044615671903,0.9973143676473786,0.545,0.5352243490421709,0.5547410898348302,2.4621,18,1,0.9996159875222334,0.9999999999999999
3,6,18,17,monte_carlo,10000,20261221,6,0.82046818727491,0.9961,0.9946733274415094,0.9971456553780504,0.5468,0.5370269083840061,0.5565371480480749,2.4641,18,1,0.9996159875222334,0.9999999999999999
3,6,18,18,monte_carlo,10000,20261221,6,0.8244504020920971,0.9965,0.99513643900608,0.9974822366034979,0.5489,0.539130056855028,0.5586323867246464,2.4722,18,1,0.9996159875222334,0.9999999999999999
3,6,18,19,monte_carlo,10000,20261221,6,0.8210005442438841,0.9965,0.99513643900608,0.9974822366034979,0.5525,0.5427358621537595,0.5622238165360751,2.4794,18,1,0.9996159875222334,0.9999999999999999
3,6,18,20,monte_carlo,10000,20261221,6,0.9826152392217116,1,0.9996159875222334,0.9999999999999999,0.9462,0.9416039807851497,0.9504533264796915,2.945,18,1,0.9996159875222334,0.9999999999999999
3,6,18,21,monte_carlo,10000,20261221,6,0.8080990170208836,0.9939,0.9921727539295201,0.995247918544942,0.5168,0.5070009607107272,0.5265861364700198,2.4149,18,1,0.9996159875222334,0.9999999999999999
3,6,18,22,monte_carlo,10000,20261221,6,0.8039014623852815,0.9939,0.9921727539295201,0.995247918544942,0.5001,0.49030184363646045,0.509898079561044,2.4029,18,1,0.9996159875222334,0.9999999999999999
3,6,18,23,monte_carlo,10000,20261221,6,0.7960344858074162,0.9941,0.9923975441189612,0.9954229747505099,0.4956,0.4858039507415099,0.5053994285682942,2.3861,18,1,0.9996159875222334,0.9999999999999999
3,6,18,24,monte_carlo,10000,20261221,6,0.78768564709026,0.9922,0.9902767286560065,0.9937452494608799,0.4773,0.4675206979966523,0.4870967361698382,2.3568,18,1,0.9996159875222334,0.9999999999999999
3,6,18,25,monte_carlo,10000,20261221,6,0.7695247984627567,0.9888,0.9865415454391036,0.9906830439626317,0.4531,0.44336307471016756,0.46287294566024684,2.3126,18,1,0.9996159875222334,0.9999999999999999
3,6,18,26,monte_carlo,10000,20261221,6,0.7594312356693905,0.9873,0.9849105904325444,0.9893151510066243,0.4372,0.4275035595565268,0.44694467241068053,2.2863,18,1,0.9996159875222334,0.9999999999999999
3,6,18,27,monte_carlo,10000,20261221,6,0.7355249792224582,0.9835,0.9808111056767633,0.9858175542572364,0.3996,0.3900399248098697,0.40923718489566574,2.212,18,1,0.9996159875222334,0.9999999999999999
3,6,18,28,monte_carlo,10000,20261221,6,0.7144194175215094,0.9774,0.9742984276320175,0.9801349172542111,0.3607,0.3513431574153688,0.3701638284609369,2.139,18,1,0.9996159875222334,0.9999999999999999
3,6,18,29,monte_carlo,10000,20261221,6,0.6837666981686291,0.9716,0.9681586815360448,0.9746791178949257,0.3167,0.3076541577479945,0.32588662122635464,2.0623,18,1,0.9996159875222334,0.9999999999999999
3,6,18,30,monte_carlo,10000,20261221,6,0.7536184359177386,0.9891,0.9868688028733781,0.9909555561208705,0.4034,0.3938235083431204,0.41305068286758395,2.2513,18,1,0.9996159875222334,0.9999999999999999
3,6,18,31,monte_carlo,10000,20261221,6,0.5817586936574958,0.9252,0.9198789830031155,0.9301944527857917,0.1906,0.18302099874708486,0.19841662817415703,1.7309,18,1,0.9996159875222334,0.9999999999999999
3,6,18,32,monte_carlo,10000,20261221,6,0.5401919196483831,0.9034,0.8974540473894494,0.9090361313434885,0.1494,0.14254762583291594,0.156521643716494,1.6074,18,1,0.9996159875222334,0.9999999999999999
3,6,18,33,monte_carlo,10000,20261221,6,0.4984087251922045,0.8739,0.8672496269540229,0.8802632085151032,0.1217,0.11543685121721733,0.1282536926234608,1.4946,18,1,0.9996159875222334,0.9999999999999999
3,6,18,34,monte_carlo,10000,20261221,6,0.45139833347414254,0.8409,0.8336001929009289,0.8479379873917299,0.0805,0.07532719610086894,0.08599499036797717,1.3412,18,1,0.9996159875222334,0.9999999999999999
3,6,18,35,monte_carlo,10000,20261221,6,0.4084525790676336,0.8026,0.7946829104388956,0.8102846852095601,0.0623,0.05772869778443046,0.06720746673860635,1.2226,18,1,0.9996159875222334,0.9999999999999999
3,6,18,36,monte_carlo,10000,20261221,6,0.36202238669608594,0.7568,0.7482937304398065,0.7651090407516126,0.0398,0.036141799290523385,0.043811645794012935,1.0874,18,1,0.9996159875222334,0.9999999999999999
3,6,18,37,monte_carlo,10000,20261221,6,0.318672968369017,0.6971,0.6880192806540832,0.7060293416271812,0.0261,0.02315240678004198,0.029411560246385148,0.9521,18,0.9999,0.9994337165442557,0.999982347780473
3,6,18,38,monte_carlo,10000,20261221,6,0.27491634951853083,0.6284,0.6188810304022689,0.6378203551934405,0.0139,0.011784837996855143,0.016388498934029487,0.8194,18,0.9999,0.9994337165442557,0.999982347780473
3,6,18,39,monte_carlo,10000,20261221,6,0.23528311488261425,0.5662,0.5564626859704471,0.5758864707774967,0.0104,0.008591129016579109,0.012584896001649887,0.7106,18,1,0.9996159875222334,0.9999999999999999
3,6,18,40,monte_carlo,10000,20261221,6,0.2133721901199105,0.5274,0.5176060773740379,0.5371728787421806,0.0061,0.004752081455057901,0.007827246070479887,0.6417,18,1,0.9996159875222334,0.9999999999999999
3,6,18,41,monte_carlo,10000,20261221,6,0.13838068779066454,0.3527,0.34339311006924483,0.3621200200067051,0.0017,0.0010616983407886484,0.0027210084945534863,0.3989,18,0.9999,0.9994337165442557,0.999982347780473
3,6,18,42,monte_carlo,10000,20261221,6,0.11083890184551726,0.3004,0.2914927813527005,0.30946051642842376,0.0007,0.00033912200289172947,0.0014443528574059384,0.3302,18,0.999,0.9981600356239995,0.9994567199231894
3,6,18,43,monte_carlo,10000,20261221,6,0.08900548762876673,0.2518,0.2433890911751514,0.26040153261881194,0.0002,0.000054847779209068104,0.0007290110935663664,0.2716,18,0.996,0.9945580568371649,0.9970610027848906
3,6,18,44,monte_carlo,10000,20261221,6,0.0687420303637003,0.1951,0.1874506519495084,0.20298351885943358,0.0001,0.00001765221952685649,0.0005662834557441313,0.2059,18,0.9926,0.9907207327826477,0.9941009381242567
3,6,18,45,monte_carlo,10000,20261221,6,0.053308786689798666,0.1497,0.14284173691677082,0.1568273022251524,0.0002,0.000054847779209068104,0.0007290110935663664,0.1565,18,0.9845,0.9818860764120144,0.9867418154970299
3,6,18,46,monte_carlo,10000,20261221,6,0.038797712210907276,0.1181,0.11192072954338067,0.12457257918713738,0,0,0.00038401247776654115,0.1206,18,0.9652,0.9614254579340954,0.9686172568565904
3,6,18,47,monte_carlo,10000,20261221,6,0.0287816599634944,0.0864,0.0810508999571522,0.09206675516445628,0,0,0.00038401247776654115,0.088,18,0.9247,0.9193633857008598,0.9297104341005251
3,6,18,48,monte_carlo,10000,20261221,6,0.018765214760208503,0.0579,0.05348983985407527,0.06264970397876589,0,0,0.00038401247776654115,0.0586,18,0.8577,0.8507151674021941,0.8644101100712117
3,6,18,49,monte_carlo,10000,20261221,6,0.012837475415698194,0.0422,0.038432151873472424,0.046319449951170606,0,0,0.00038401247776654115,0.0424,18,0.741,0.7323221250626619,0.7494927809230545
3,6,18,50,monte_carlo,10000,20261221,6,0.008117289468979081,0.0247,0.021835532454724062,0.027929509806640808,0,0,0.00038401247776654115,0.0247,18,0.7361,0.7273719015019663,0.7446467678060323
3,7,21,2,monte_carlo,10000,20261222,7,0.08274078862314156,0.2399,0.23163125691981773,0.2483685063711164,0,0,0.00038401247776654115,0.2451,21,0.5308,0.5210086545473809,0.5405676902839889
3,7,21,3,monte_carlo,10000,20261222,7,0.1898816425452982,0.4946,0.48480452673266805,0.5043996206020916,0.0021,0.0013739811491914563,0.0032084184761684647,0.5659,21,0.7969,0.7889014722318589,0.8046705011588434
3,7,21,4,monte_carlo,10000,20261222,7,0.27680718911061186,0.6505,0.6410983053868878,0.6597861068573044,0.0104,0.008591129016579109,0.012584896001649887,0.8294,21,0.9287,0.9234900799009046,0.9335806678006583
3,7,21,5,monte_carlo,10000,20261222,7,0.37734668335419275,0.7838,0.775623446699481,0.7917585878181387,0.0402,0.036523271820358055,0.04422986605419604,1.1332,21,0.9714,0.9679476740986299,0.9744902789373318
3,7,21,6,monte_carlo,10000,20261222,7,0.4575877515312679,0.8619,0.8549987998622457,0.8685232519063468,0.0718,0.06690286738898596,0.07702600089697328,1.3621,21,0.9918,0.9898338558513933,0.9933884294754756
3,7,21,7,monte_carlo,10000,20261222,7,0.5493523617374083,0.9211,0.9156530132096964,0.9262235714815287,0.1368,0.1302040551491493,0.14367489151470036,1.6304,21,0.9979,0.9967915815238315,0.9986260188508085
3,7,21,8,monte_carlo,10000,20261222,7,0.6246667627415301,0.9605,0.9565020879296973,0.9641442365782797,0.2217,0.21366608246697907,0.2299476588781458,1.8714,21,0.9998,0.9992709889064336,0.9999451522207908
3,7,21,9,monte_carlo,10000,20261222,7,0.6977071793635977,0.9791,0.9761067547581996,0.9817252844856044,0.3212,0.3121181876746262,0.33041913518742305,2.0952,21,0.9999,0.9994337165442557,0.999982347780473
3,7,21,10,monte_carlo,10000,20261222,7,0.7623005524703299,0.9899,0.9877434351027417,0.9916803094715425,0.4195,0.40986056770574236,0.42920125830317796,2.2784,21,1,0.9996159875222334,0.9999999999999999
3,7,21,11,monte_carlo,10000,20261222,7,0.857283889859936,0.998,0.9969126251000202,0.9987048984721243,0.6218,0.612250154626677,0.6312562999337392,2.5734,21,1,0.9996159875222334,0.9999999999999999
3,7,21,12,monte_carlo,10000,20261222,7,0.8693605001952392,0.9989,0.9980311766068111,0.9993856557428735,0.6403,0.6308414919564468,0.6496507541422919,2.6,21,1,0.9996159875222334,0.9999999999999999
3,7,21,13,monte_carlo,10000,20261222,7,0.8784443586016204,0.9992,0.9984220307843171,0.9995945711578805,0.6718,0.662532219688151,0.6809358336244883,2.6364,21,1,0.9996159875222334,0.9999999999999999
3,7,21,14,monte_carlo,10000,20261222,7,0.8884044915197987,0.9996,0.9989718550532698,0.9998444396789459,0.6926,0.6834837088034437,0.7015683695901206,2.666,21,1,0.9996159875222334,0.9999999999999999
3,7,21,15,monte_carlo,10000,20261222,7,0.8922677773877643,0.9995,0.9988299568100467,0.9997864147246645,0.7078,0.698807991158848,0.7166324132553922,2.6817,21,1,0.9996159875222334,0.9999999999999999
3,7,21,16,monte_carlo,10000,20261222,7,0.9012101844936367,0.9996,0.9989718550532698,0.9998444396789459,0.7253,0.71646601967816,0.7339609442993582,2.7029,21,1,0.9996159875222334,0.9999999999999999
3,7,21,17,monte_carlo,10000,20261222,7,0.90223897286802,0.9998,0.9992709889064336,0.9999451522207908,0.7294,0.7206054462099949,0.7380183688652058,2.706,21,1,0.9996159875222334,0.9999999999999999
3,7,21,18,monte_carlo,10000,20261222,7,0.9085647850544188,1,0.9996159875222334,0.9999999999999999,0.7406,0.731917973111783,0.7490972400839159,2.7237,21,1,0.9996159875222334,0.9999999999999999
3,7,21,19,monte_carlo,10000,20261222,7,0.9052895790067255,0.9994,0.9986914580593471,0.9997249902778595,0.7373,0.7285840732372891,0.7458336744407627,2.7152,21,1,0.9996159875222334,0.9999999999999999
3,7,21,20,monte_carlo,10000,20261222,7,0.9975185477307695,1,0.9996159875222334,0.9999999999999999,0.993,0.9911659593504519,0.9944554043464701,2.993,21,1,0.9996159875222334,0.9999999999999999
3,7,21,21,monte_carlo,10000,20261222,7,0.9013365966894834,0.9992,0.9984220307843171,0.9995945711578805,0.7317,0.722927973664818,0.7402940749529849,2.708,21,1,0.9996159875222334,0.9999999999999999
3,7,21,22,monte_carlo,10000,20261222,7,0.9038197830900666,0.9996,0.9989718550532698,0.9998444396789459,0.7308,0.722019123242831,0.7394036165974318,2.7092,21,1,0.9996159875222334,0.9999999999999999
3,7,21,23,monte_carlo,10000,20261222,7,0.8996907266428951,0.9996,0.9989718550532698,0.9998444396789459,0.7244,0.7155574894063301,0.7330701657936483,2.7009,21,1,0.9996159875222334,0.9999999999999999
3,7,21,24,monte_carlo,10000,20261222,7,0.9010013412609048,0.9996,0.9989718550532698,0.9998444396789459,0.7274,0.7185860973142264,0.7360392538108855,2.7063,21,1,0.9996159875222334,0.9999999999999999
3,7,21,25,monte_carlo,10000,20261222,7,0.8920046977020367,0.999,0.9981600356239995,0.9994567199231894,0.7102,0.7012287005967268,0.7190098605576203,2.6809,21,1,0.9996159875222334,0.9999999999999999
3,7,21,26,monte_carlo,10000,20261222,7,0.8916413074872018,0.9994,0.9986914580593471,0.9997249902778595,0.7034,0.6943708011431107,0.712272982580934,2.6748,21,1,0.9996159875222334,0.9999999999999999
3,7,21,27,monte_carlo,10000,20261222,7,0.8812617539722073,0.9993,0.9985556471425939,0.9996608779971082,0.6848,0.6756244351039127,0.6938336338843047,2.6451,21,1,0.9996159875222334,0.9999999999999999
3,7,21,28,monte_carlo,10000,20261222,7,0.8736914932485482,0.9994,0.9986914580593471,0.9997249902778595,0.6632,0.6538756248615285,0.6723990334657286,2.6209,21,1,0.9996159875222334,0.9999999999999999
3,7,21,29,monte_carlo,10000,20261222,7,0.8576884208461724,0.9974,0.996192960451946,0.9982250239351717,0.6284,0.6188810304022689,0.6378203551934405,2.5728,21,1,0.9996159875222334,0.9999999999999999
3,7,21,30,monte_carlo,10000,20261222,7,0.9281919826921732,0.9999,0.9994337165442557,0.999982347780473,0.7951,0.787076266115509,0.8028970897201132,2.7854,21,1,0.9996159875222334,0.9999999999999999
3,7,21,31,monte_carlo,10000,20261222,7,0.8159328998802253,0.9958,0.9943280731304939,0.9968911400965529,0.5491,0.539330365847621,0.5588319241270625,2.4558,21,1,0.9996159875222334,0.9999999999999999
3,7,21,32,monte_carlo,10000,20261222,7,0.7893253152680698,0.9898,0.9876339440040968,0.9915898773726831,0.4891,0.4793083951890666,0.4988999762829485,2.3653,21,1,0.9996159875222334,0.9999999999999999
3,7,21,33,monte_carlo,10000,20261222,7,0.7537437802987131,0.9874,0.9850190631554693,0.9894066014812039,0.4278,0.41813225807155757,0.4375231933302319,2.2687,21,1,0.9996159875222334,0.9999999999999999
3,7,21,34,monte_carlo,10000,20261222,7,0.7157456734917692,0.9797,0.9767461070647412,0.9822854713640896,0.3628,0.35343051553755644,0.3722748574863426,2.1541,21,1,0.9996159875222334,0.9999999999999999
3,7,21,35,monte_carlo,10000,20261222,7,0.6675616080061855,0.9654,0.9616353291180876,0.9688072320676072,0.2886,0.2798015289269793,0.29756083154862034,2.0087,21,1,0.9996159875222334,0.9999999999999999
3,7,21,36,monte_carlo,10000,20261222,7,0.6240410104125618,0.9569,0.9527410315590287,0.9607080578387882,0.2275,0.21938888152860045,0.2358204052717823,1.8749,21,1,0.9996159875222334,0.9999999999999999
3,7,21,37,monte_carlo,10000,20261222,7,0.569301240741084,0.9358,0.9308265213974302,0.9404387733269485,0.1665,0.15932678135075762,0.1739293549719127,1.7158,21,1,0.9996159875222334,0.9999999999999999
3,7,21,38,monte_carlo,10000,20261222,7,0.5160523755506614,0.9019,0.8959147257592703,0.9075766050111009,0.1128,0.1067476733619847,0.1191497059007977,1.5431,21,1,0.9996159875222334,0.9999999999999999
3,7,21,39,monte_carlo,10000,20261222,7,0.4589045552042777,0.8615,0.8545907455332382,0.8681316134453365,0.0824,0.07716953880419779,0.0879511884172328,1.384,21,1,0.9996159875222334,0.9999999999999999
3,7,21,40,monte_carlo,10000,20261222,7,0.436716852826664,0.8525,0.8454144203156041,0.8593148508875704,0.0614,0.056861090790861935,0.06627576495463487,1.3161,21,1,0.9996159875222334,0.9999999999999999
3,7,21,41,monte_carlo,10000,20261222,7,0.3213866233891265,0.7079,0.6989088480500264,0.7167314795617182,0.0235,0.020708808996901244,0.02665715489441027,0.975,21,0.9999,0.9994337165442557,0.999982347780473
3,7,21,42,monte_carlo,10000,20261222,7,0.26419326714532676,0.62,0.610442059416969,0.629465777588367,0.0118,0.009863086938554545,0.014111862844736705,0.7976,21,0.9999,0.9994337165442557,0.999982347780473
3,7,21,43,monte_carlo,10000,20261222,7,0.21528950724956603,0.5425,0.5327210075371049,0.5522463514022848,0.006,0.004664501413809584,0.0077149029142237575,0.6524,21,0.9997,0.9991182482825978,0.9998979696471224
3,7,21,44,monte_carlo,10000,20261222,7,0.16954569346417853,0.444,0.43428501052665025,0.45375799887085955,0.0018,0.0011389185739970834,0.002843711458849498,0.5162,21,0.999,0.9981600356239995,0.9994567199231894
3,7,21,45,monte_carlo,10000,20261222,7,0.13364280601588105,0.3629,0.3535299183953815,0.37237537782602204,0.001,0.0005432800768105723,0.0018399643760004356,0.4035,21,0.997,0.9957205656925353,0.9978977259045646
3,7,21,46,monte_carlo,10000,20261222,7,0.09941069432825432,0.2758,0.26712779102810075,0.28464440016692966,0.0003,0.00010203035287762114,0.0008817517174022601,0.3002,21,0.9929,0.9910545326555612,0.9943669078438565
3,7,21,47,monte_carlo,10000,20261222,7,0.07423242263531755,0.217,0.20903032455586187,0.22518702650655395,0.0002,0.000054847779209068104,0.0007290110935663664,0.2282,21,0.9761,0.9729185098489028,0.9789158334697676
3,7,21,48,monte_carlo,10000,20261222,7,0.04980389366306545,0.1437,0.1369613909217665,0.15071225636988994,0,0,0.00038401247776654115,0.147,21,0.9414,0.9366247201920728,0.945836273592555
3,7,21,49,monte_carlo,10000,20261222,7,0.034271099744245526,0.098,0.0923260801259665,0.10398266590615778,0,0,0.00038401247776654115,0.0996,21,0.8535,0.846433560150089,0.8602949430281301
3,7,21,50,monte_carlo,10000,20261222,7,0.022809567860446675,0.0712,0.06632263374771734,0.07640669535321522,0,0,0.00038401247776654115,0.072,21,0.8881,0.8817715834547003,0.8941303460600573
3,8,24,2,monte_carlo,10000,20261223,8,0.10720103425985779,0.3158,0.3067614696082756,0.32498000058853355,0,0,0.00038401247776654115,0.3232,24,0.6397,0.6302382943947534,0.6490544125189587
3,8,24,3,monte_carlo,10000,20261223,8,0.2385959728420413,0.5982,0.5885549273292146,0.6077696526201519,0.0045,0.003364953436077257,0.006015602929389384,0.7225,24,0.8803,0.8737911418181286,0.8865167782912822
3,8,24,4,monte_carlo,10000,20261223,8,0.3459925838975738,0.7623,0.7538570489186487,0.770541498135515,0.0237,0.020896460091627395,0.02686935019469301,1.0452,24,0.968,0.964366665358679,0.9712738989621313
3,8,24,5,monte_carlo,10000,20261223,8,0.4610227880141359,0.8732,0.8665344878229928,0.8795788852636022,0.0679,0.06313323216241286,0.07299863142087297,1.383,24,0.9903,0.988181889893125,0.9920415474711769
3,8,24,6,monte_carlo,10000,20261223,8,0.5519477796574167,0.9358,0.9308265213974302,0.9404387733269485,0.1417,0.13500217249799806,0.14867301084356943,1.6603,24,0.9979,0.9967915815238315,0.9986260188508085
3,8,24,7,monte_carlo,10000,20261223,8,0.6483094790609619,0.9689,0.9653135029014666,0.9721263701968839,0.2453,0.23696566745367584,0.25382994850249835,1.9482,24,0.9993,0.9985556471425939,0.9996608779971082
3,8,24,8,monte_carlo,10000,20261223,8,0.7251665633164246,0.9863,0.9838276980299548,0.9883988114341692,0.3608,0.3514425510047271,0.3702643580690831,2.1834,24,1,0.9996159875222334,0.9999999999999999
3,8,24,9,monte_carlo,10000,20261223,8,0.7921921313889535,0.9933,0.9915007435870488,0.9947203897023865,0.4782,0.4684195670795859,0.4879971758644447,2.3735,24,1,0.9996159875222334,0.9999999999999999
3,8,24,10,monte_carlo,10000,20261223,8,0.8495350156002058,0.9979,0.9967915815238315,0.9986260188508085,0.6018,0.5921679395743924,0.6113538754851344,2.5471,24,1,0.9996159875222334,0.9999999999999999
3,8,24,11,monte_carlo,10000,20261223,8,0.9146073072840227,0.9998,0.9992709889064336,0.9999451522207908,0.7639,0.7554758273902983,0.7721214908239366,2.7485,24,1,0.9996159875222334,0.9999999999999999
3,8,24,12,monte_carlo,10000,20261223,8,0.9255976816590628,0.9998,0.9992709889064336,0.9999451522207908,0.7898,0.7817034401827353,0.7976739861851511,2.7793,24,1,0.9996159875222334,0.9999999999999999
3,8,24,13,monte_carlo,10000,20261223,8,0.9315108822057726,0.9999,0.9994337165442557,0.999982347780473,0.8068,0.7989445271106043,0.8144198428330381,2.7965,24,1,0.9996159875222334,0.9999999999999999
3,8,24,14,monte_carlo,10000,20261223,8,0.9400843718022801,0.9998,0.9992709889064336,0.9999451522207908,0.8317,0.8242399282153466,0.8389053179069029,2.8245,24,1,0.9996159875222334,0.9999999999999999
3,8,24,15,monte_carlo,10000,20261223,8,0.9423286008822277,1,0.9996159875222334,0.9999999999999999,0.8353,0.8279016686182089,0.8424408126142008,2.8287,24,1,0.9996159875222334,0.9999999999999999
3,8,24,16,monte_carlo,10000,20261223,8,0.9500030423706758,0.9999,0.9994337165442557,0.999982347780473,0.857,0.8500014275663172,0.8637243875245573,2.8518,24,1,0.9996159875222334,0.9999999999999999
3,8,24,17,monte_carlo,10000,20261223,8,0.9493920155410062,0.9999,0.9994337165442557,0.999982347780473,0.8529,0.8458220630255403,0.859706900967652,2.848,24,1,0.9996159875222334,0.9999999999999999
3,8,24,18,monte_carlo,10000,20261223,8,0.9556674355977833,1,0.9996159875222334,0.9999999999999999,0.8676,0.8608156801978565,0.8741019938284896,2.8632,24,1,0.9996159875222334,0.9999999999999999
3,8,24,19,monte_carlo,10000,20261223,8,0.9522686883050381,1,0.9996159875222334,0.9999999999999999,0.8644,0.8575495742259983,0.8709705574802052,2.8602,24,1,0.9996159875222334,0.9999999999999999
3,8,24,20,monte_carlo,10000,20261223,8,0.9996730212282261,1,0.9996159875222334,0.9999999999999999,0.9991,0.9982902504013439,0.9995264283433495,2.9991,24,1,0.9996159875222334,0.9999999999999999
3,8,24,21,monte_carlo,10000,20261223,8,0.950479831487613,1,0.9996159875222334,0.9999999999999999,0.8596,0.8526527457600005,0.8662710724659898,2.8545,24,1,0.9996159875222334,0.9999999999999999
3,8,24,22,monte_carlo,10000,20261223,8,0.9540765076162584,0.9999,0.9994337165442557,0.999982347780473,0.8625,0.8556109171309132,0.8691106738227061,2.8593,24,1,0.9996159875222334,0.9999999999999999
3,8,24,23,monte_carlo,10000,20261223,8,0.95074394168588,0.9999,0.9994337165442557,0.999982347780473,0.858,0.8510210731004741,0.864703973965445,2.8526,24,1,0.9996159875222334,0.9999999999999999
3,8,24,24,monte_carlo,10000,20261223,8,0.9541597817997666,0.9999,0.9994337165442557,0.999982347780473,0.8691,0.8623471081115489,0.8755694138773636,2.8655,24,1,0.9996159875222334,0.9999999999999999
3,8,24,25,monte_carlo,10000,20261223,8,0.9483716260763657,1,0.9996159875222334,0.9999999999999999,0.8512,0.8440897024962021,0.8580405671394146,2.846,24,1,0.9996159875222334,0.9999999999999999
3,8,24,26,monte_carlo,10000,20261223,8,0.9515272016441957,1,0.9996159875222334,0.9999999999999999,0.8612,0.854284717258476,0.8678378721275852,2.8554,24,1,0.9996159875222334,0.9999999999999999
3,8,24,27,monte_carlo,10000,20261223,8,0.9452060098215619,0.9999,0.9994337165442557,0.999982347780473,0.839,0.8316664199910091,0.846073219549065,2.8316,24,1,0.9996159875222334,0.9999999999999999
3,8,24,28,monte_carlo,10000,20261223,8,0.9448026043596593,0.9998,0.9992709889064336,0.9999451522207908,0.8368,0.8294277588600086,0.8439135703349677,2.8272,24,1,0.9996159875222334,0.9999999999999999
3,8,24,29,monte_carlo,10000,20261223,8,0.9362519322110114,0.9999,0.9994337165442557,0.999982347780473,0.8176,0.8099095009363316,0.8250465743377909,2.8071,24,1,0.9996159875222334,0.9999999999999999
3,8,24,30,monte_carlo,10000,20261223,8,0.9776544378514233,1,0.9996159875222334,0.9999999999999999,0.9298,0.9246257111636802,0.9346441917104316,2.9292,24,1,0.9996159875222334,0.9999999999999999
3,8,24,31,monte_carlo,10000,20261223,8,0.921167702926423,0.9993,0.9985556471425939,0.9996608779971082,0.7811,0.7728882786043535,0.7890958295806462,2.7614,24,1,0.9996159875222334,0.9999999999999999
3,8,24,32,monte_carlo,10000,20261223,8,0.9111576389848143,0.9994,0.9986914580593471,0.9997249902778595,0.7515,0.7429344897767074,0.7598723519469759,2.7279,24,1,0.9996159875222334,0.9999999999999999
3,8,24,33,monte_carlo,10000,20261223,8,0.8888642562506631,0.9991,0.9982902504013439,0.9995264283433495,0.7025,0.6934633170703361,0.7113811578761684,2.6663,24,1,0.9996159875222334,0.9999999999999999
3,8,24,34,monte_carlo,10000,20261223,8,0.8687516586368412,0.9992,0.9984220307843171,0.9995945711578805,0.6499,0.6404948342284993,0.6591900388306664,2.6065,24,1,0.9996159875222334,0.9999999999999999
3,8,24,35,monte_carlo,10000,20261223,8,0.8354316801081779,0.9963,0.9949044615671903,0.9973143676473786,0.5783,0.5685926550739726,0.5879472085720092,2.5073,24,1,0.9996159875222334,0.9999999999999999
3,8,24,36,monte_carlo,10000,20261223,8,0.8039566671802619,0.9945,0.9928484245901574,0.9957717870693314,0.5128,0.503000176422336,0.5225899928582334,2.4154,24,1,0.9996159875222334,0.9999999999999999
3,8,24,37,monte_carlo,10000,20261223,8,0.7601193706923696,0.9914,0.9893920340981358,0.993030558438715,0.4315,0.4218205370418119,0.441232072667642,2.2883,24,1,0.9996159875222334,0.9999999999999999
3,8,24,38,monte_carlo,10000,20261223,8,0.7141944405077669,0.9851,0.9825322804322467,0.9872951506618242,0.3398,0.3305797305868339,0.34914330701104246,2.1409,24,1,0.9996159875222334,0.9999999999999999
3,8,24,39,monte_carlo,10000,20261223,8,0.6599974233864423,0.9725,0.9691087478304513,0.9755283603780592,0.2642,0.25564997173420995,0.2729311285503047,1.9813,24,1,0.9996159875222334,0.9999999999999999
3,8,24,40,monte_carlo,10000,20261223,8,0.6440404051276337,0.9752,0.9719645471821389,0.9780704873589917,0.2294,0.2212640806714924,0.23774374688147482,1.942,24,1,0.9996159875222334,0.9999999999999999
3,8,24,41,monte_carlo,10000,20261223,8,0.5273106260460018,0.9208,0.9153439643934915,0.92593285070522,0.123,0.11670701151524088,0.12958253389299507,1.5908,24,1,0.9996159875222334,0.9999999999999999
3,8,24,42,monte_carlo,10000,20261223,8,0.4517489963797849,0.863,0.8561210477989234,0.869600159142218,0.0707,0.06583918472774619,0.07589052838566415,1.3646,24,1,0.9996159875222334,0.9999999999999999
3,8,24,43,monte_carlo,10000,20261223,8,0.3791304746476973,0.789,0.780892625596327,0.796885415191524,0.039,0.03537916940892624,0.042974890095574494,1.1437,24,0.9999,0.9994337165442557,0.999982347780473
3,8,24,44,monte_carlo,10000,20261223,8,0.3080873561028102,0.6904,0.6812666862558864,0.6993870817925801,0.0166,0.014275004667175914,0.01929625859632878,0.9203,24,1,0.9996159875222334,0.9999999999999999
3,8,24,45,monte_carlo,10000,20261223,8,0.24896006667568946,0.6022,0.5925694187305576,0.6117520891189868,0.0078,0.006254750539120007,0.009723271343993376,0.7431,24,0.9997,0.9991182482825978,0.9998979696471224
3,8,24,46,monte_carlo,10000,20261223,8,0.1908155380561105,0.4891,0.4793083951890666,0.4988999762829485,0.0019,0.001216734354204272,0.0029658188761467565,0.5707,24,0.9985,0.9975263931899461,0.9990907463697207
3,8,24,47,monte_carlo,10000,20261223,8,0.1445528416067677,0.3828,0.373319755029346,0.3923702574954423,0.0011,0.0006143442571264699,0.001968823393188985,0.4271,24,0.9905,0.988401421946202,0.992221861813109
3,8,24,48,monte_carlo,10000,20261223,8,0.10009897305538597,0.2799,0.2711863873128227,0.28878265497989003,0.0001,0.00001765221952685649,0.0005662834557441313,0.2994,24,0.9725,0.9691087478304513,0.9755283603780592
3,8,24,49,monte_carlo,10000,20261223,8,0.06963231299303564,0.2054,0.19759556747873344,0.21343069267316658,0.0001,0.00001765221952685649,0.0005662834557441313,0.2105,24,0.9143,0.9086532078301676,0.919628599430755
3,8,24,50,monte_carlo,10000,20261223,8,0.048711510506145105,0.142,0.13529602603455504,0.1489789268995258,0,0,0.00038401247776654115,0.1442,24,0.9623,0.9583857620715049,0.965859179991552
3,9,27,2,monte_carlo,10000,20261224,9,0.13388493859082096,0.3774,0.36794795699283367,0.38694620286671466,0,0,0.00038401247776654115,0.3899,27,0.7165,0.707584505858234,0.7252492167388931
3,9,27,3,monte_carlo,10000,20261224,9,0.2889625050902735,0.6848,0.6756244351039127,0.6938336338843047,0.0088,0.00714874867320408,0.010828505184953773,0.859,27,0.9261,0.9208072277782461,0.9310655167882013
3,9,27,4,monte_carlo,10000,20261224,9,0.4153445194409443,0.8473,0.8401166422575247,0.8542166226754188,0.0417,0.037954699971994854,0.04579728586512595,1.2452,27,0.9875,0.9851275707843379,0.9894980170498398
3,9,27,5,monte_carlo,10000,20261224,9,0.5404810121586527,0.9342,0.9291718641553296,0.9388946594089779,0.1247,0.11836834209736188,0.13131989766844968,1.6336,27,0.9974,0.996192960451946,0.9982250239351717
3,9,27,6,monte_carlo,10000,20261224,9,0.6375605664401441,0.9686,0.9649978080107344,0.9718422954951027,0.2233,0.21524455883484325,0.23156795367035274,1.9091,27,0.9996,0.9989718550532698,0.9998444396789459
3,9,27,7,monte_carlo,10000,20261224,9,0.7323675693083105,0.9899,0.9877434351027417,0.9916803094715425,0.3655,0.35611454708238915,0.3749887522741299,2.1962,27,1,0.9996159875222334,0.9999999999999999
3,9,27,8,monte_carlo,10000,20261224,9,0.8050872488234408,0.9976,0.9964311979663745,0.9983866328157522,0.5078,0.49800007839416754,0.5175939310111792,2.4213,27,1,0.9996159875222334,0.9999999999999999
3,9,27,9,monte_carlo,10000,20261224,9,0.8620314038684829,0.9988,0.9979035066029937,0.9993134025491864,0.6199,0.6103416137547314,0.6293663000531001,2.5749,27,1,0.9996159875222334,0.9999999999999999
3,9,27,10,monte_carlo,10000,20261224,9,0.9086047054104952,0.9997,0.9991182482825978,0.9998979696471224,0.7453,0.7366673499251639,0.7537442535532437,2.7277,27,1,0.9996159875222334,0.9999999999999999
3,9,27,11,monte_carlo,10000,20261224,9,0.9508797628882517,1,0.9996159875222334,0.9999999999999999,0.8541,0.8470450971255763,0.8608829452376694,2.8511,27,1,0.9996159875222334,0.9999999999999999
3,9,27,12,monte_carlo,10000,20261224,9,0.9596480115629051,1,0.9996159875222334,0.9999999999999999,0.8839,0.8774732944341835,0.8900318607853873,2.8816,27,1,0.9996159875222334,0.9999999999999999
3,9,27,13,monte_carlo,10000,20261224,9,0.9631280772337528,1,0.9996159875222334,0.9999999999999999,0.8857,0.8793150893988609,0.8917886833757899,2.8826,27,1,0.9996159875222334,0.9999999999999999
3,9,27,14,monte_carlo,10000,20261224,9,0.969549039413544,1,0.9996159875222334,0.9999999999999999,0.9088,0.9029992065864447,0.9142868248117333,2.9071,27,1,0.9996159875222334,0.9999999999999999
3,9,27,15,monte_carlo,10000,20261224,9,0.970700164503288,1,0.9996159875222334,0.9999999999999999,0.9127,0.9070077367590588,0.9180752993417927,2.911,27,1,0.9996159875222334,0.9999999999999999
3,9,27,16,monte_carlo,10000,20261224,9,0.9763634395750628,1,0.9996159875222334,0.9999999999999999,0.9311,0.9259682788538728,0.9359006255877969,2.9305,27,1,0.9996159875222334,0.9999999999999999
3,9,27,17,monte_carlo,10000,20261224,9,0.9750773240472321,1,0.9996159875222334,0.9999999999999999,0.9286,0.9233868580245143,0.9334839664795441,2.9274,27,1,0.9996159875222334,0.9999999999999999
3,9,27,18,monte_carlo,10000,20261224,9,0.9801033226989585,1,0.9996159875222334,0.9999999999999999,0.9395,0.934656223016341,0.944006230015702,2.9392,27,1,0.9996159875222334,0.9999999999999999
3,9,27,19,monte_carlo,10000,20261224,9,0.9771643973374398,1,0.9996159875222334,0.9999999999999999,0.927,0.9217356937774429,0.9319363595665445,2.9258,27,1,0.9996159875222334,0.9999999999999999
3,9,27,20,monte_carlo,10000,20261224,9,0.9999587363716438,1,0.9996159875222334,0.9999999999999999,1,0.9996159875222334,0.9999999999999999,3,27,1,0.9996159875222334,0.9999999999999999
3,9,27,21,monte_carlo,10000,20261224,9,0.9762099466621423,1,0.9996159875222334,0.9999999999999999,0.9255,0.9201883735758042,0.9304848318056164,2.9249,27,1,0.9996159875222334,0.9999999999999999
3,9,27,22,monte_carlo,10000,20261224,9,0.9793131187254276,1,0.9996159875222334,0.9999999999999999,0.9389,0.9340348656129889,0.9434280482340276,2.9384,27,1,0.9996159875222334,0.9999999999999999
3,9,27,23,monte_carlo,10000,20261224,9,0.9765830567103898,1,0.9996159875222334,0.9999999999999999,0.9276,0.9223547958697432,0.9325167966592708,2.9265,27,1,0.9996159875222334,0.9999999999999999
3,9,27,24,monte_carlo,10000,20261224,9,0.9797945353335243,1,0.9996159875222334,0.9999999999999999,0.937,0.9320680704770544,0.9415963026173776,2.9366,27,1,0.9996159875222334,0.9999999999999999
3,9,27,25,monte_carlo,10000,20261224,9,0.9758769282086472,1,0.9996159875222334,0.9999999999999999,0.9285,0.9232836390120583,0.9333872622944958,2.9274,27,1,0.9996159875222334,0.9999999999999999
3,9,27,26,monte_carlo,10000,20261224,9,0.9790905040978503,1,0.9996159875222334,0.9999999999999999,0.9412,0.9364174468957246,0.9456437004938941,2.9405,27,1,0.9996159875222334,0.9999999999999999
3,9,27,27,monte_carlo,10000,20261224,9,0.9750310298071087,1,0.9996159875222334,0.9999999999999999,0.9266,0.9213230146719024,0.9315493458820671,2.9253,27,1,0.9996159875222334,0.9999999999999999
3,9,27,28,monte_carlo,10000,20261224,9,0.976608786000961,1,0.9996159875222334,0.9999999999999999,0.9296,0.9244192065885453,0.9344508498905577,2.9287,27,1,0.9996159875222334,0.9999999999999999
3,9,27,29,monte_carlo,10000,20261224,9,0.9718447129406481,1,0.9996159875222334,0.9999999999999999,0.913,0.9073162197566379,0.918366585936727,2.9111,27,1,0.9996159875222334,0.9999999999999999
3,9,27,30,monte_carlo,10000,20261224,9,0.9930472324649829,1,0.9996159875222334,0.9999999999999999,0.9816,0.9787749798037654,0.9840551393776499,2.9816,27,1,0.9996159875222334,0.9999999999999999
3,9,27,31,monte_carlo,10000,20261224,9,0.9666975642847657,1,0.9996159875222334,0.9999999999999999,0.9026,0.8966330232798142,0.9082577698730879,2.8996,27,1,0.9996159875222334,0.9999999999999999
3,9,27,32,monte_carlo,10000,20261224,9,0.9643774509215005,1,0.9996159875222334,0.9999999999999999,0.9032,0.8972487800290176,0.9088415523089113,2.8995,27,1,0.9996159875222334,0.9999999999999999
3,9,27,33,monte_carlo,10000,20261224,9,0.9520535599786838,0.9998,0.9992709889064336,0.9999451522207908,0.8665,0.8596928130490392,0.873025705804758,2.8587,27,1,0.9996159875222334,0.9999999999999999
3,9,27,34,monte_carlo,10000,20261224,9,0.9434406035820848,0.9999,0.9994337165442557,0.999982347780473,0.8422,0.8349235084205537,0.8492136734396627,2.8341,27,1,0.9996159875222334,0.9999999999999999
3,9,27,35,monte_carlo,10000,20261224,9,0.9241557245605785,0.9998,0.9992709889064336,0.9999451522207908,0.7917,0.7836293108288619,0.7995466562916089,2.7779,27,1,0.9996159875222334,0.9999999999999999
3,9,27,36,monte_carlo,10000,20261224,9,0.9058265410923625,0.9997,0.9991182482825978,0.9998979696471224,0.7465,0.7378801654066772,0.754930516441784,2.7255,27,1,0.9996159875222334,0.9999999999999999
3,9,27,37,monte_carlo,10000,20261224,9,0.8771030319193784,0.9984,0.9974023404086676,0.9990148759534945,0.6686,0.6593107561624142,0.6777597548300828,2.6312,27,1,0.9996159875222334,0.9999999999999999
3,9,27,38,monte_carlo,10000,20261224,9,0.845868372254616,0.998,0.9969126251000202,0.9987048984721243,0.5918,0.5821331228250347,0.6013963724840473,2.5399,27,1,0.9996159875222334,0.9999999999999999
3,9,27,39,monte_carlo,10000,20261224,9,0.8040636188103131,0.9952,0.9936421476540959,0.9963775263879241,0.5008,0.491001587168622,0.5105977984114136,2.4104,27,1,0.9996159875222334,0.9999999999999999
3,9,27,40,monte_carlo,10000,20261224,9,0.7928230924541531,0.9983,0.9972789915054465,0.9989383016592113,0.4642,0.45444076741100203,0.4739867278824059,2.3827,27,1,0.9996159875222334,0.9999999999999999
3,9,27,41,monte_carlo,10000,20261224,9,0.701434141849879,0.9826,0.9798456487903832,0.9849837023660765,0.3173,0.3082493050692835,0.3264910130900923,2.1132,27,1,0.9996159875222334,0.9999999999999999
3,9,27,42,monte_carlo,10000,20261224,9,0.6279649077048,0.9653,0.9615303895467214,0.9687122484414691,0.2206,0.2125809813190013,0.2288336048535746,1.8903,27,1,0.9996159875222334,0.9999999999999999
3,9,27,43,monte_carlo,10000,20261224,9,0.547086540275853,0.9304,0.9252452954407544,0.9352241466183842,0.1399,0.13323927033676675,0.14683729544972068,1.6505,27,1,0.9996159875222334,0.9999999999999999
3,9,27,44,monte_carlo,10000,20261224,9,0.4617328712534676,0.8649,0.858059820003741,0.8714599276899848,0.0746,0.0696119585068448,0.07991475930923896,1.378,27,1,0.9996159875222334,0.9999999999999999
3,9,27,45,monte_carlo,10000,20261224,9,0.3845020170013368,0.8,0.7920454551909221,0.8077241373224181,0.035,0.031572750057802544,0.03878438154652033,1.1513,27,0.9999,0.9994337165442557,0.999982347780473
3,9,27,46,monte_carlo,10000,20261224,9,0.305034794339904,0.6941,0.6849954533197112,0.7030554730364199,0.0157,0.013442838237481967,0.018329116248482703,0.9098,27,0.9998,0.9992709889064336,0.9999451522207908
3,9,27,47,monte_carlo,10000,20261224,9,0.23592536102956738,0.582,0.5723030047252233,0.5916340172284229,0.0042,0.0031088599034471516,0.005671926869506149,0.7064,27,0.9969,0.9956032190146442,0.9978151493849514
3,9,27,48,monte_carlo,10000,20261224,9,0.16893469049316032,0.4455,0.43578116767736486,0.4552606896827116,0.0013,0.0007599045488158861,0.002223109496508462,0.5041,27,0.9901,0.9879625629673356,0.9918610280019575
3,9,27,49,monte_carlo,10000,20261224,9,0.11929267880728946,0.3381,0.3288917131929939,0.3474326300473069,0.0001,0.00001765221952685649,0.0005662834557441313,0.3623,27,0.9516,0.9472174581846083,0.9556357017454727
3,9,27,50,monte_carlo,10000,20261224,9,0.08756442447469275,0.2567,0.248233040509281,0.26535381996240015,0,0,0.00038401247776654115,0.2666,27,0.99,0.987852974519736,0.9917706932520527
3,10,30,2,monte_carlo,10000,20261225,10,0.16250808015513898,0.4553,0.4455582656964499,0.46507606501906223,0,0,0.00038401247776654115,0.4784,30,0.8001,0.7921468861668998,0.8078226295439447
3,10,30,3,monte_carlo,10000,20261225,10,0.34008737630112174,0.7695,0.7611428483800894,0.7776501688943943,0.0161,0.013812447111435729,0.018759200164546727,1.0254,30,0.9619,0.9579669754157291,0.9654782738573101
3,10,30,4,monte_carlo,10000,20261225,10,0.48311004292507964,0.9095,0.9037184514160451,0.914967042364664,0.0754,0.07038637764015934,0.08073972575595997,1.4482,30,0.9955,0.9939843970706107,0.9966350465639228
3,10,30,5,monte_carlo,10000,20261225,10,0.6137794244160771,0.9651,0.9613205342472552,0.9685222573459263,0.183,0.17554354561356703,0.19069991829733693,1.8299,30,0.9993,0.9985556471425939,0.9996608779971082
3,10,30,6,monte_carlo,10000,20261225,10,0.7125533826774382,0.9886,0.9863235822756817,0.9905011607310448,0.3229,0.3138048530499162,0.3321311641697087,2.132,30,0.9998,0.9992709889064336,0.9999451522207908
3,10,30,7,monte_carlo,10000,20261225,10,0.8009582710992841,0.9968,0.9954861448401436,0.9977323003619475,0.487,0.47721018505565815,0.4967997992687636,2.3992,30,1,0.9996159875222334,0.9999999999999999
3,10,30,8,monte_carlo,10000,20261225,10,0.8657233399608537,0.9995,0.9988299568100467,0.9997864147246645,0.63,0.6204887993557002,0.6394113574000804,2.5925,30,1,0.9996159875222334,0.9999999999999999
3,10,30,9,monte_carlo,10000,20261225,10,0.9111883737684948,0.9999,0.9994337165442557,0.999982347780473,0.7467,0.7380823096363298,0.7551282186071402,2.731,30,1,0.9996159875222334,0.9999999999999999
3,10,30,10,monte_carlo,10000,20261225,10,0.9464672473175265,1,0.9996159875222334,0.9999999999999999,0.846,0.8387926468503476,0.8529416165150377,2.84,30,1,0.9996159875222334,0.9999999999999999
3,10,30,11,monte_carlo,10000,20261225,10,0.9727640982081884,1,0.9996159875222334,0.9999999999999999,0.9155,0.9098876850020481,0.9207932006289279,2.9149,30,1,0.9996159875222334,0.9999999999999999
3,10,30,12,monte_carlo,10000,20261225,10,0.9790945189842446,1,0.9996159875222334,0.9999999999999999,0.9376,0.9326890282543215,0.942174884025137,2.9368,30,1,0.9996159875222334,0.9999999999999999
3,10,30,13,monte_carlo,10000,20261225,10,0.9809644157422156,1,0.9996159875222334,0.9999999999999999,0.9444,0.939735671955224,0.948723017754537,2.9433,30,1,0.9996159875222334,0.9999999999999999
3,10,30,14,monte_carlo,10000,20261225,10,0.985296240336603,1,0.9996159875222334,0.9999999999999999,0.9555,0.951280492009862,0.9593696726228927,2.9553,30,1,0.9996159875222334,0.9999999999999999
3,10,30,15,monte_carlo,10000,20261225,10,0.9858067429684377,1,0.9996159875222334,0.9999999999999999,0.9588,0.954725031024827,0.9625225991255744,2.9584,30,1,0.9996159875222334,0.9999999999999999
3,10,30,16,monte_carlo,10000,20261225,10,0.9895407505261076,1,0.9996159875222334,0.9999999999999999,0.9693,0.9657345601546962,0.9725050057336723,2.9693,30,1,0.9996159875222334,0.9999999999999999
3,10,30,17,monte_carlo,10000,20261225,10,0.9882526877699053,1,0.9996159875222334,0.9999999999999999,0.9681,0.9644718331963945,0.9713686543219203,2.968,30,1,0.9996159875222334,0.9999999999999999
3,10,30,18,monte_carlo,10000,20261225,10,0.9917367410958363,1,0.9996159875222334,0.9999999999999999,0.9738,0.9704826714320574,0.9767534383440111,2.9738,30,1,0.9996159875222334,0.9999999999999999
3,10,30,19,monte_carlo,10000,20261225,10,0.9895662193872419,1,0.9996159875222334,0.9999999999999999,0.9699,0.9663664319419673,0.9730726731314278,2.9699,30,1,0.9996159875222334,0.9999999999999999
3,10,30,20,monte_carlo,10000,20261225,10,0.9999950289583058,1,0.9996159875222334,0.9999999999999999,1,0.9996159875222334,0.9999999999999999,3,30,1,0.9996159875222334,0.9999999999999999
3,10,30,21,monte_carlo,10000,20261225,10,0.9890624498677285,1,0.9996159875222334,0.9999999999999999,0.9675,0.9638409595636264,0.9707999887696619,2.9675,30,1,0.9996159875222334,0.9999999999999999
3,10,30,22,monte_carlo,10000,20261225,10,0.9912862211787435,1,0.9996159875222334,0.9999999999999999,0.9748,0.9715409038929176,0.9776944378581952,2.9747,30,1,0.9996159875222334,0.9999999999999999
3,10,30,23,monte_carlo,10000,20261225,10,0.9892795831636217,1,0.9996159875222334,0.9999999999999999,0.9703,0.9667878746906087,0.9734509231728041,2.9698,30,1,0.9996159875222334,0.9999999999999999
3,10,30,24,monte_carlo,10000,20261225,10,0.9916367963689502,1,0.9996159875222334,0.9999999999999999,0.9741,0.9708000125327206,0.9770358668358611,2.9741,30,1,0.9996159875222334,0.9999999999999999
3,10,30,25,monte_carlo,10000,20261225,10,0.9890833039445246,1,0.9996159875222334,0.9999999999999999,0.9681,0.9644718331963945,0.9713686543219203,2.9679,30,1,0.9996159875222334,0.9999999999999999
3,10,30,26,monte_carlo,10000,20261225,10,0.991458643038664,1,0.9996159875222334,0.9999999999999999,0.9752,0.9719645471821389,0.9780704873589917,2.9752,30,1,0.9996159875222334,0.9999999999999999
3,10,30,27,monte_carlo,10000,20261225,10,0.9888718738004562,1,0.9996159875222334,0.9999999999999999,0.97,0.9664717778479998,0.9731672504228995,2.9699,30,1,0.9996159875222334,0.9999999999999999
3,10,30,28,monte_carlo,10000,20261225,10,0.9905407933692785,1,0.9996159875222334,0.9999999999999999,0.9708,0.9673149027494662,0.9739235111014687,2.9706,30,1,0.9996159875222334,0.9999999999999999
3,10,30,29,monte_carlo,10000,20261225,10,0.9877905655949748,1,0.9996159875222334,0.9999999999999999,0.9654,0.9616353291180876,0.9688072320676072,2.9652,30,1,0.9996159875222334,0.9999999999999999
3,10,30,30,monte_carlo,10000,20261225,10,0.9978820418013241,1,0.9996159875222334,0.9999999999999999,0.9936,0.9918363233131382,0.9949845795688106,2.9936,30,1,0.9996159875222334,0.9999999999999999
3,10,30,31,monte_carlo,10000,20261225,10,0.9861634281366479,1,0.9996159875222334,0.9999999999999999,0.9593,0.9552475033807162,0.9629997427572075,2.9585,30,1,0.9996159875222334,0.9999999999999999
3,10,30,32,monte_carlo,10000,20261225,10,0.9863579023016186,1,0.9996159875222334,0.9999999999999999,0.9592,0.9551429963417847,0.9629043265986347,2.9586,30,1,0.9996159875222334,0.9999999999999999
3,10,30,33,monte_carlo,10000,20261225,10,0.9798797368718567,0.9999,0.9994337165442557,0.999982347780473,0.9415,0.9367283624935278,0.9459325544886042,2.9393,30,1,0.9996159875222334,0.9999999999999999
3,10,30,34,monte_carlo,10000,20261225,10,0.9768241530542991,1,0.9996159875222334,0.9999999999999999,0.9298,0.9246257111636802,0.9346441917104316,2.928,30,1,0.9996159875222334,0.9999999999999999
3,10,30,35,monte_carlo,10000,20261225,10,0.9666835990469804,1,0.9996159875222334,0.9999999999999999,0.9044,0.8984804984681516,0.9100089122398307,2.9006,30,1,0.9996159875222334,0.9999999999999999
3,10,30,36,monte_carlo,10000,20261225,10,0.9573523537879893,1,0.9996159875222334,0.9999999999999999,0.8714,0.8646958563914362,0.8778188991400786,2.8665,30,1,0.9996159875222334,0.9999999999999999
3,10,30,37,monte_carlo,10000,20261225,10,0.9406990332660818,1,0.9996159875222334,0.9999999999999999,0.8294,0.8219011191616082,0.8366458934180391,2.8212,30,1,0.9996159875222334,0.9999999999999999
3,10,30,38,monte_carlo,10000,20261225,10,0.9223067009944186,0.9996,0.9989718550532698,0.9998444396789459,0.7816,0.7733947529267458,0.789588971245776,2.7682,30,1,0.9996159875222334,0.9999999999999999
3,10,30,39,monte_carlo,10000,20261225,10,0.8943956167976082,0.9995,0.9988299568100467,0.9997864147246645,0.709,0.7000183082578447,0.7178211745264488,2.6848,30,1,0.9996159875222334,0.9999999999999999
3,10,30,40,monte_carlo,10000,20261225,10,0.8868241672009274,0.9998,0.9992709889064336,0.9999451522207908,0.6818,0.6726024318899909,0.690857941173093,2.6643,30,1,0.9996159875222334,0.9999999999999999
3,10,30,41,monte_carlo,10000,20261225,10,0.8249123147044082,0.9971,0.995838198145148,0.9979800166494565,0.5394,0.5296172078159752,0.5491525320007767,2.473,30,1,0.9996159875222334,0.9999999999999999
3,10,30,42,monte_carlo,10000,20261225,10,0.7661622591371734,0.994,0.9922850970857762,0.9953354985861904,0.4246,0.41494284152119737,0.43431506756044963,2.303,30,1,0.9996159875222334,0.9999999999999999
3,10,30,43,monte_carlo,10000,20261225,10,0.6924716847241338,0.9841,0.9814557921792701,0.9863724069397561,0.297,0.28812337882251504,0.3060325302434581,2.0823,30,1,0.9996159875222334,0.9999999999999999
3,10,30,44,monte_carlo,10000,20261225,10,0.6074351082124955,0.9617,0.957757623934544,0.9652877789434864,0.1894,0.18184003239928462,0.19719851615190395,1.8362,30,1,0.9996159875222334,0.9999999999999999
3,10,30,45,monte_carlo,10000,20261225,10,0.5223002023950125,0.9199,0.9144169515751407,0.925060554746031,0.1045,0.09865530639258452,0.1106484474773288,1.5671,30,1,0.9996159875222334,0.9999999999999999
3,10,30,46,monte_carlo,10000,20261225,10,0.4295597413440622,0.852,0.8449048916187486,0.8588247635969036,0.0526,0.048393896302291316,0.05714971806281418,1.2857,30,1,0.9996159875222334,0.9999999999999999
3,10,30,47,monte_carlo,10000,20261225,10,0.3407577966400863,0.7558,0.74728242079573,0.7641211184206447,0.0215,0.018835500937287007,0.02453199900393557,1.0276,30,0.9997,0.9991182482825978,0.9998979696471224
3,10,30,48,monte_carlo,10000,20261225,10,0.25252979442025153,0.6211,0.6115469899785825,0.6305600021993024,0.0064,0.005015420431189329,0.0081636766868618,0.7629,30,0.996,0.9945580568371649,0.9970610027848906
3,10,30,49,monte_carlo,10000,20261225,10,0.18162145316867284,0.4846,0.47481244239457093,0.4943993851897441,0.0011,0.0006143442571264699,0.001968823393188985,0.5448,30,0.9743,0.9710116339451282,0.9772240918184625
3,10,30,50,monte_carlo,10000,20261225,10,0.1396092580697705,0.3973,0.38775015323653245,0.40692872292640064,0,0,0.00038401247776654115,0.4228,30,0.9984,0.9974023404086676,0.9990148759534945
3,11,33,2,monte_carlo,10000,20261226,11,0.19279711884753903,0.5437,0.5339225805471736,0.5534438567622696,0,0,0.00038401247776654115,0.5766,33,0.8675,0.8607135951050634,0.8740041557237782
3,11,33,3,monte_carlo,10000,20261226,11,0.3911996621035093,0.8292,0.8216977675667193,0.8364493986179192,0.0249,0.02202350577814466,0.0281413828782291,1.1632,33,0.9813,0.9784541771680915,0.9837761724208103
3,11,33,4,monte_carlo,10000,20261226,11,0.5479040287672412,0.9494,0.944928866500499,0.9535259830844843,0.1095,0.10352889097131121,0.11577102277382442,1.6367,33,0.9991,0.9982902504013439,0.9995264283433495
3,11,33,5,monte_carlo,10000,20261226,11,0.6797497659914334,0.9845,0.9818860764120144,0.9867418154970299,0.2742,0.2655441980145223,0.28302922202043707,2.0388,33,0.9997,0.9991182482825978,0.9998979696471224
3,11,33,6,monte_carlo,10000,20261226,11,0.7762834280016943,0.9956,0.9940987902766892,0.9967205765553485,0.4349,0.4252102529118914,0.4446397455127137,2.3257,33,0.9999,0.9994337165442557,0.999982347780473
3,11,33,7,monte_carlo,10000,20261226,11,0.85505590128068,0.9994,0.9986914580593471,0.9997249902778595,0.613,0.6034118935455535,0.6225013196344713,2.5703,33,1,0.9996159875222334,0.9999999999999999
3,11,33,8,monte_carlo,10000,20261226,11,0.9099340541308211,0.9999,0.9994337165442557,0.999982347780473,0.7472,0.7385876806312721,0.75562246359972,2.7324,33,1,0.9996159875222334,0.9999999999999999
3,11,33,9,monte_carlo,10000,20261226,11,0.9444102965084432,1,0.9996159875222334,0.9999999999999999,0.8393,0.8319717287615852,0.8463676803710024,2.8346,33,1,0.9996159875222334,0.9999999999999999
3,11,33,10,monte_carlo,10000,20261226,11,0.9696633509356043,1,0.9996159875222334,0.9999999999999999,0.9114,0.9056712021122744,0.9168128324210192,2.9105,33,1,0.9996159875222334,0.9999999999999999
3,11,33,11,monte_carlo,10000,20261226,11,0.9854119247781193,1,0.9996159875222334,0.9999999999999999,0.9583,0.9542027141348741,0.9620453000280051,2.9579,33,1,0.9996159875222334,0.9999999999999999
3,11,33,12,monte_carlo,10000,20261226,11,0.9896257036438945,1,0.9996159875222334,0.9999999999999999,0.9697,0.9661557694081178,0.9728834892702682,2.9697,33,1,0.9996159875222334,0.9999999999999999
3,11,33,13,monte_carlo,10000,20261226,11,0.9905454352741578,1,0.9996159875222334,0.9999999999999999,0.9715,0.9680531725270355,0.9745847037064307,2.9715,33,1,0.9996159875222334,0.9999999999999999
3,11,33,14,monte_carlo,10000,20261226,11,0.9932323485345942,1,0.9996159875222334,0.9999999999999999,0.9805,0.9775995531647055,0.9830314108441609,2.9804,33,1,0.9996159875222334,0.9999999999999999
3,11,33,15,monte_carlo,10000,20261226,11,0.9934096769910604,1,0.9996159875222334,0.9999999999999999,0.9805,0.9775995531647055,0.9830314108441609,2.9805,33,1,0.9996159875222334,0.9999999999999999
3,11,33,16,monte_carlo,10000,20261226,11,0.995659607626303,1,0.9996159875222334,0.9999999999999999,0.9862,0.9837195842784241,0.9883070019881957,2.986,33,1,0.9996159875222334,0.9999999999999999
3,11,33,17,monte_carlo,10000,20261226,11,0.9946606288354433,1,0.9996159875222334,0.9999999999999999,0.9839,0.9812407998354532,0.9861875528885643,2.9839,33,1,0.9996159875222334,0.9999999999999999
3,11,33,18,monte_carlo,10000,20261226,11,0.9968246898050276,1,0.9996159875222334,0.9999999999999999,0.9901,0.9879625629673356,0.9918610280019575,2.9901,33,1,0.9996159875222334,0.9999999999999999
3,11,33,19,monte_carlo,10000,20261226,11,0.995401231259484,1,0.9996159875222334,0.9999999999999999,0.9872,0.9848021522124131,0.989223666029251,2.9872,33,1,0.9996159875222334,0.9999999999999999
3,11,33,20,monte_carlo,10000,20261226,11,0.9999994557951863,1,0.9996159875222334,0.9999999999999999,1,0.9996159875222334,0.9999999999999999,3,33,1,0.9996159875222334,0.9999999999999999
3,11,33,21,monte_carlo,10000,20261226,11,0.9951531512106563,1,0.9996159875222334,0.9999999999999999,0.9859,0.9833954249754898,0.9880313916986166,2.9859,33,1,0.9996159875222334,0.9999999999999999
3,11,33,22,monte_carlo,10000,20261226,11,0.9965756704764388,1,0.9996159875222334,0.9999999999999999,0.9911,0.9890613144323928,0.9927615085119448,2.9911,33,1,0.9996159875222334,0.9999999999999999
3,11,33,23,monte_carlo,10000,20261226,11,0.9952517390977679,1,0.9996159875222334,0.9999999999999999,0.9863,0.9838276980299548,0.9883988114341692,2.9863,33,1,0.9996159875222334,0.9999999999999999
3,11,33,24,monte_carlo,10000,20261226,11,0.9967657237102451,1,0.9996159875222334,0.9999999999999999,0.9911,0.9890613144323928,0.9927615085119448,2.9911,33,1,0.9996159875222334,0.9999999999999999
3,11,33,25,monte_carlo,10000,20261226,11,0.9952050615820889,1,0.9996159875222334,0.9999999999999999,0.986,0.9835034480704709,0.9881232918011399,2.986,33,1,0.9996159875222334,0.9999999999999999
3,11,33,26,monte_carlo,10000,20261226,11,0.9967235926688529,1,0.9996159875222334,0.9999999999999999,0.9895,0.9873057537505475,0.9913182980337191,2.9894,33,1,0.9996159875222334,0.9999999999999999
3,11,33,27,monte_carlo,10000,20261226,11,0.9951516069351324,1,0.9996159875222334,0.9999999999999999,0.986,0.9835034480704709,0.9881232918011399,2.986,33,1,0.9996159875222334,0.9999999999999999
3,11,33,28,monte_carlo,10000,20261226,11,0.996382257648715,1,0.9996159875222334,0.9999999999999999,0.9889,0.9866505890076314,0.9907739235916084,2.9889,33,1,0.9996159875222334,0.9999999999999999
3,11,33,29,monte_carlo,10000,20261226,11,0.9948025346443164,1,0.9996159875222334,0.9999999999999999,0.9849,0.9823167727379482,0.9871108119611137,2.9849,33,1,0.9996159875222334,0.9999999999999999
3,11,33,30,monte_carlo,10000,20261226,11,0.9993808206096172,1,0.9996159875222334,0.9999999999999999,0.9985,0.9975263931899461,0.9990907463697207,2.9985,33,1,0.9996159875222334,0.9999999999999999
3,11,33,31,monte_carlo,10000,20261226,11,0.9943406586552712,1,0.9996159875222334,0.9999999999999999,0.9836,0.9809184934445287,0.9859100896869755,2.9835,33,1,0.9996159875222334,0.9999999999999999
3,11,33,32,monte_carlo,10000,20261226,11,0.995051010099197,1,0.9996159875222334,0.9999999999999999,0.9877,0.9853446924127197,0.9896807418164667,2.9876,33,1,0.9996159875222334,0.9999999999999999
3,11,33,33,monte_carlo,10000,20261226,11,0.9917346832457571,1,0.9996159875222334,0.9999999999999999,0.9745,0.9712233045423899,0.9774122676162096,2.9742,33,1,0.9996159875222334,0.9999999999999999
3,11,33,34,monte_carlo,10000,20261226,11,0.9909407259699234,1,0.9996159875222334,0.9999999999999999,0.9746,0.971329158460631,0.9775063368954731,2.9743,33,1,0.9996159875222334,0.9999999999999999
3,11,33,35,monte_carlo,10000,20261226,11,0.9858977151186086,1,0.9996159875222334,0.9999999999999999,0.9593,0.9552475033807162,0.9629997427572075,2.9588,33,1,0.9996159875222334,0.9999999999999999
3,11,33,36,monte_carlo,10000,20261226,11,0.9815822306774,1,0.9996159875222334,0.9999999999999999,0.9468,0.9422270535594948,0.951029792890373,2.9456,33,1,0.9996159875222334,0.9999999999999999
3,11,33,37,monte_carlo,10000,20261226,11,0.9726981053708075,1,0.9996159875222334,0.9999999999999999,0.924,0.9186416611210301,0.9290326962978238,2.9225,33,1,0.9996159875222334,0.9999999999999999
3,11,33,38,monte_carlo,10000,20261226,11,0.9628682754016549,1,0.9996159875222334,0.9999999999999999,0.8954,0.8892490600207862,0.9012472629117959,2.8931,33,1,0.9996159875222334,0.9999999999999999
3,11,33,39,monte_carlo,10000,20261226,11,0.9460673553344824,1,0.9996159875222334,0.9999999999999999,0.8495,0.8423576557740245,0.8563739195040166,2.8437,33,1,0.9996159875222334,0.9999999999999999
3,11,33,40,monte_carlo,10000,20261226,11,0.9412106309958728,1,0.9996159875222334,0.9999999999999999,0.8327,0.8252569554733367,0.8398875226239575,2.8294,33,1,0.9996159875222334,0.9999999999999999
3,11,33,41,monte_carlo,10000,20261226,11,0.9031937845511326,1,0.9996159875222334,0.9999999999999999,0.7321,0.7233319218130217,0.740689819594799,2.714,33,1,0.9996159875222334,0.9999999999999999
3,11,33,42,monte_carlo,10000,20261226,11,0.8618150604226836,0.9991,0.9982902504013439,0.9995264283433495,0.6236,0.6140583889657177,0.6330466831497784,2.5872,33,1,0.9996159875222334,0.9999999999999999
3,11,33,43,monte_carlo,10000,20261226,11,0.803569368980036,0.9974,0.996192960451946,0.9982250239351717,0.4864,0.4766107282096511,0.4961997169297441,2.4003,33,1,0.9996159875222334,0.9999999999999999
3,11,33,44,monte_carlo,10000,20261226,11,0.7299739729114378,0.9896,0.9874151039983502,0.9914088709834209,0.3594,0.35005108102593135,0.36885690328281645,2.1921,33,1,0.9996159875222334,0.9999999999999999
3,11,33,45,monte_carlo,10000,20261226,11,0.6475981388436416,0.9722,0.9687919608460431,0.9752453777699539,0.2366,0.22837223936636722,0.2450300584069202,1.9415,33,1,0.9996159875222334,0.9999999999999999
3,11,33,46,monte_carlo,10000,20261226,11,0.5517316094222768,0.9327,0.9276213694035487,0.9374463061981921,0.1289,0.12247447317879456,0.13561054088220376,1.6507,33,1,0.9996159875222334,0.9999999999999999
3,11,33,47,monte_carlo,10000,20261226,11,0.45012853123721164,0.8669,0.8601011108783151,0.8734171007654997,0.0633,0.058693034199255,0.06824236229882627,1.3531,33,0.9999,0.9994337165442557,0.999982347780473
3,11,33,48,monte_carlo,10000,20261226,11,0.34524513212154867,0.763,0.7545652444377827,0.771232764998912,0.0219,0.019209678366773557,0.024957514364466804,1.0397,33,0.9991,0.9982902504013439,0.9995264283433495
3,11,33,49,monte_carlo,10000,20261226,11,0.2535451716990391,0.6242,0.6146611647306934,0.6336434465698293,0.0042,0.0031088599034471516,0.005671926869506149,0.7617,33,0.9843,0.9816708837515171,0.986557161762518
3,11,33,50,monte_carlo,10000,20261226,11,0.20363266447641382,0.5507,0.5409328950455459,0.5604281660892085,0.0001,0.00001765221952685649,0.0005662834557441313,0.6096,33,0.9998,0.9992709889064336,0.9999451522207908
3,12,36,2,monte_carlo,10000,20261227,12,0.22448979591836735,0.6269,0.6173738479125075,0.6363286897206353,0,0,0.00038401247776654115,0.6732,36,0.9196,0.9141079914647783,0.9247697452638799
3,12,36,3,monte_carlo,10000,20261227,12,0.44164278107172567,0.8859,0.8795197634820929,0.8919838556875669,0.0414,0.037668302008397436,0.045483914236210024,1.3285,36,0.9909,0.9888411273081713,0.9925818492411574
3,12,36,4,monte_carlo,10000,20261227,12,0.6086938456613077,0.9736,0.9702711705915451,0.9765650927895143,0.1611,0.15402493603112152,0.1684353476263086,1.8198,36,0.9998,0.9992709889064336,0.9999451522207908
3,12,36,5,monte_carlo,10000,20261227,12,0.7378609555163705,0.9939,0.9921727539295201,0.995247918544942,0.362,0.3526353085419306,0.37147067890193286,2.2176,36,0.9998,0.9992709889064336,0.9999451522207908
3,12,36,6,monte_carlo,10000,20261227,12,0.829009926081294,0.9993,0.9985556471425939,0.9996608779971082,0.5454,0.5356249066760514,0.5551402249909674,2.4904,36,1,0.9996159875222334,0.9999999999999999
3,12,36,7,monte_carlo,10000,20261227,12,0.8964870078027858,0.9997,0.9991182482825978,0.9998979696471224,0.7041,0.6950766508586154,0.7129665952479601,2.6848,36,1,0.9996159875222334,0.9999999999999999
3,12,36,8,monte_carlo,10000,20261227,12,0.9410752407159488,1,0.9996159875222334,0.9999999999999999,0.8241,0.816513529251542,0.8314375538603698,2.8187,36,1,0.9996159875222334,0.9999999999999999
3,12,36,9,monte_carlo,10000,20261227,12,0.9660960978805045,1,0.9996159875222334,0.9999999999999999,0.9005,0.8944784031150342,0.9062140028902747,2.8992,36,1,0.9996159875222334,0.9999999999999999
3,12,36,10,monte_carlo,10000,20261227,12,0.9833329666018146,1,0.9996159875222334,0.9999999999999999,0.9533,0.9489875464099764,0.9572643078776804,2.9531,36,1,0.9996159875222334,0.9999999999999999
3,12,36,11,monte_carlo,10000,20261227,12,0.9924409319822172,1,0.9996159875222334,0.9999999999999999,0.9745,0.9712233045423899,0.9774122676162096,2.9745,36,1,0.9996159875222334,0.9999999999999999
3,12,36,12,monte_carlo,10000,20261227,12,0.995058829102836,1,0.9996159875222334,0.9999999999999999,0.985,0.9824245130749553,0.9872029948216111,2.985,36,1,0.9996159875222334,0.9999999999999999
3,12,36,13,monte_carlo,10000,20261227,12,0.9954710761253968,1,0.9996159875222334,0.9999999999999999,0.9867,0.984260465076617,0.988765737177525,2.9865,36,1,0.9996159875222334,0.9999999999999999
3,12,36,14,monte_carlo,10000,20261227,12,0.9970240920530077,1,0.9996159875222334,0.9999999999999999,0.9914,0.9893920340981358,0.993030558438715,2.9914,36,1,0.9996159875222334,0.9999999999999999
3,12,36,15,monte_carlo,10000,20261227,12,0.997051216784515,1,0.9996159875222334,0.9999999999999999,0.9913,0.9892817343693361,0.9929409349700105,2.9913,36,1,0.9996159875222334,0.9999999999999999
3,12,36,16,monte_carlo,10000,20261227,12,0.9983090287577974,1,0.9996159875222334,0.9999999999999999,0.9958,0.9943280731304939,0.9968911400965529,2.9958,36,1,0.9996159875222334,0.9999999999999999
3,12,36,17,monte_carlo,10000,20261227,12,0.997642213434083,1,0.9996159875222334,0.9999999999999999,0.9915,0.9895023950331853,0.9931201207011703,2.9915,36,1,0.9996159875222334,0.9999999999999999
3,12,36,18,monte_carlo,10000,20261227,12,0.9988722979461483,1,0.9996159875222334,0.9999999999999999,0.9976,0.9964311979663745,0.9983866328157522,2.9976,36,1,0.9996159875222334,0.9999999999999999
3,12,36,19,monte_carlo,10000,20261227,12,0.9980213301162493,1,0.9996159875222334,0.9999999999999999,0.9944,0.9927355349752178,0.9956847534867665,2.9944,36,1,0.9996159875222334,0.9999999999999999
3,12,36,20,monte_carlo,10000,20261227,12,0.9999999477709517,1,0.9996159875222334,0.9999999999999999,1,0.9996159875222334,0.9999999999999999,3,36,1,0.9996159875222334,0.9999999999999999
3,12,36,21,monte_carlo,10000,20261227,12,0.9979085775826855,1,0.9996159875222334,0.9999999999999999,0.9933,0.9915007435870488,0.9947203897023865,2.9933,36,1,0.9996159875222334,0.9999999999999999
3,12,36,22,monte_carlo,10000,20261227,12,0.9987453225303476,1,0.9996159875222334,0.9999999999999999,0.997,0.9957205656925353,0.9978977259045646,2.997,36,1,0.9996159875222334,0.9999999999999999
3,12,36,23,monte_carlo,10000,20261227,12,0.9979472404905841,1,0.9996159875222334,0.9999999999999999,0.9939,0.9921727539295201,0.995247918544942,2.9939,36,1,0.9996159875222334,0.9999999999999999
3,12,36,24,monte_carlo,10000,20261227,12,0.9988339623238108,1,0.9996159875222334,0.9999999999999999,0.998,0.9969126251000202,0.9987048984721243,2.998,36,1,0.9996159875222334,0.9999999999999999
3,12,36,25,monte_carlo,10000,20261227,12,0.9979395546123075,1,0.9996159875222334,0.9999999999999999,0.9932,0.9913890630143011,0.9946321470776299,2.9932,36,1,0.9996159875222334,0.9999999999999999
3,12,36,26,monte_carlo,10000,20261227,12,0.9988247392427444,1,0.9996159875222334,0.9999999999999999,0.9961,0.9946733274415094,0.9971456553780504,2.9961,36,1,0.9996159875222334,0.9999999999999999
3,12,36,27,monte_carlo,10000,20261227,12,0.997924354403878,1,0.9996159875222334,0.9999999999999999,0.9929,0.9910545326555612,0.9943669078438565,2.9929,36,1,0.9996159875222334,0.9999999999999999
3,12,36,28,monte_carlo,10000,20261227,12,0.9986982981728927,1,0.9996159875222334,0.9999999999999999,0.9969,0.9956032190146442,0.9978151493849514,2.9969,36,1,0.9996159875222334,0.9999999999999999
3,12,36,29,monte_carlo,10000,20261227,12,0.9978175102408172,1,0.9996159875222334,0.9999999999999999,0.9936,0.9918363233131382,0.9949845795688106,2.9936,36,1,0.9996159875222334,0.9999999999999999
3,12,36,30,monte_carlo,10000,20261227,12,0.9998280797123216,1,0.9996159875222334,0.9999999999999999,0.9995,0.9988299568100467,0.9997864147246645,2.9995,36,1,0.9996159875222334,0.9999999999999999
3,12,36,31,monte_carlo,10000,20261227,12,0.9977066244051271,1,0.9996159875222334,0.9999999999999999,0.9927,0.9908319209941793,0.9941896731102297,2.9927,36,1,0.9996159875222334,0.9999999999999999
3,12,36,32,monte_carlo,10000,20261227,12,0.998312732547878,1,0.9996159875222334,0.9999999999999999,0.9957,0.9942133470999059,0.9968059429296363,2.9957,36,1,0.9996159875222334,0.9999999999999999
3,12,36,33,monte_carlo,10000,20261227,12,0.9966620258171691,1,0.9996159875222334,0.9999999999999999,0.9897,0.9875245005287644,0.991499397650511,2.9897,36,1,0.9996159875222334,0.9999999999999999
3,12,36,34,monte_carlo,10000,20261227,12,0.996629221924074,1,0.9996159875222334,0.9999999999999999,0.9904,0.9882916298874999,0.9921317306743066,2.9903,36,1,0.9996159875222334,0.9999999999999999
3,12,36,35,monte_carlo,10000,20261227,12,0.9942208689128015,1,0.9996159875222334,0.9999999999999999,0.9821,0.9793100535939311,0.9845196815750062,2.9821,36,1,0.9996159875222334,0.9999999999999999
3,12,36,36,monte_carlo,10000,20261227,12,0.9923786233381765,1,0.9996159875222334,0.9999999999999999,0.9785,0.9754680009960645,0.981164499062713,2.9784,36,1,0.9996159875222334,0.9999999999999999
3,12,36,37,monte_carlo,10000,20261227,12,0.9879219943026092,1,0.9996159875222334,0.9999999999999999,0.9652,0.9614254579340954,0.9686172568565904,2.9649,36,1,0.9996159875222334,0.9999999999999999
3,12,36,38,monte_carlo,10000,20261227,12,0.9830421081682605,1,0.9996159875222334,0.9999999999999999,0.9512,0.9468011770983101,0.9552522900417534,2.9504,36,1,0.9996159875222334,0.9999999999999999
3,12,36,39,monte_carlo,10000,20261227,12,0.9736756955337983,1,0.9996159875222334,0.9999999999999999,0.9181,0.912563517104964,0.9233153716611275,2.9167,36,1,0.9996159875222334,0.9999999999999999
3,12,36,40,monte_carlo,10000,20261227,12,0.9707487038723652,1,0.9996159875222334,0.9999999999999999,0.9113,0.9055684067680502,0.9167157045677391,2.911,36,1,0.9996159875222334,0.9999999999999999
3,12,36,41,monte_carlo,10000,20261227,12,0.9490280671335277,1,0.9996159875222334,0.9999999999999999,0.8492,0.8420520327140563,0.8560797729714714,2.8444,36,1,0.9996159875222334,0.9999999999999999
3,12,36,42,monte_carlo,10000,20261227,12,0.9223795985367346,1,0.9996159875222334,0.9999999999999999,0.7774,0.7691409038707953,0.7854460460065398,2.7685,36,1,0.9996159875222334,0.9999999999999999
3,12,36,43,monte_carlo,10000,20261227,12,0.8808645739616472,0.9995,0.9988299568100467,0.9997864147246645,0.6692,0.6599147438458041,0.6783553063317197,2.6421,36,1,0.9996159875222334,0.9999999999999999
3,12,36,44,monte_carlo,10000,20261227,12,0.8236967589895273,0.9973,0.9960743791787603,0.9981436820108529,0.5369,0.5271144203686643,0.5466572395104766,2.4736,36,1,0.9996159875222334,0.9999999999999999
3,12,36,45,monte_carlo,10000,20261227,12,0.7518077879918271,0.9926,0.9907207327826477,0.9941009381242567,0.3993,0.3897412464374225,0.4089360936755996,2.2629,36,1,0.9996159875222334,0.9999999999999999
3,12,36,46,monte_carlo,10000,20261227,12,0.6618310639686935,0.9792,0.9762132712302493,0.981818691211059,0.2531,0.24467408160847062,0.2617155437530504,1.9969,36,1,0.9996159875222334,0.9999999999999999
3,12,36,47,monte_carlo,10000,20261227,12,0.5558791570724122,0.9412,0.9364174468957246,0.9456437004938941,0.1357,0.129127320224968,0.14255247126633266,1.6788,36,1,0.9996159875222334,0.9999999999999999
3,12,36,48,monte_carlo,10000,20261227,12,0.44091584886334645,0.8689,0.862142901234111,0.8753737743597928,0.0508,0.046665923012702865,0.05527907379732258,1.3189,36,0.9999,0.9994337165442557,0.999982347780473
3,12,36,49,monte_carlo,10000,20261227,12,0.3312473507061785,0.7531,0.7445521924719625,0.761453420411792,0.0141,0.011968608301383373,0.016604575024510147,1.0007,36,0.9918,0.9898338558513933,0.9933884294754756
3,12,36,50,monte_carlo,10000,20261227,12,0.2772484279404984,0.7028,0.693765807143356,0.7116784373956618,0.0005,0.00021358527533545964,0.001170043189953315,0.8272,36,1,0.9996159875222334,0.9999999999999999
4,4,16,2,monte_carlo,10000,20261319,4,0.025712438821682518,0.1034,0.09758368201751749,0.10952091667984692,0,0,0.00038401247776654115,0.1039,16,0.3686,0.35919660703553613,0.3781043114436208
4,4,16,3,monte_carlo,10000,20261319,4,0.06461538461538462,0.2475,0.23913946199730396,0.2560544643039681,0,0,0.00038401247776654115,0.2648,16,0.6308,0.6212927255859311,0.6402068167498853
4,4,16,4,monte_carlo,10000,20261319,4,0.09292824822236587,0.3339,0.32472189143006547,0.3432056775150485,0,0,0.00038401247776654115,0.3755,16,0.8036,0.7956974556158534,0.8112693720076467
4,4,16,5,monte_carlo,10000,20261319,4,0.13380367531628035,0.4473,0.4375766747117471,0.4570638002034093,0.0002,0.000054847779209068104,0.0007290110935663664,0.5389,16,0.8979,0.8918118903338952,0.9036825125362982
4,4,16,6,monte_carlo,10000,20261319,4,0.16448425524055776,0.5288,0.51900708343668,0.5385707974446008,0.0002,0.000054847779209068104,0.0007290110935663664,0.6617,16,0.9511,0.9466971190734924,0.9551564248690664
4,4,16,7,monte_carlo,10000,20261319,4,0.207354326345923,0.6215,0.6119487957737958,0.6309578891941071,0.0013,0.0007599045488158861,0.002223109496508462,0.8363,16,0.9774,0.9742984276320175,0.9801349172542111
4,4,16,8,monte_carlo,10000,20261319,4,0.24093083387201034,0.6842,0.6750199994114664,0.6932385303917245,0.0022,0.0014533386585013621,0.003328984164363006,0.9692,16,0.9916,0.9896128182362675,0.9932096206955924
4,4,16,9,monte_carlo,10000,20261319,4,0.2855628405208237,0.7421,0.7334335910148222,0.7505804701434431,0.0049,0.003708607890717938,0.00647164126476649,1.1302,16,0.9961,0.9946733274415094,0.9971456553780504
4,4,16,10,monte_carlo,10000,20261319,4,0.32236771631729616,0.8027,0.7947843614558643,0.8103831573900957,0.0085,0.006879879298829788,0.010497604966814723,1.293,16,0.9994,0.9986914580593471,0.9997249902778595
4,4,16,11,monte_carlo,10000,20261319,4,0.4798522485917444,0.9375,0.9325855267012678,0.9420784623806865,0.0493,0.04522708438335564,0.0537190644641031,1.931,16,0.9997,0.9991182482825978,0.9998979696471224
4,4,16,12,monte_carlo,10000,20261319,4,0.4745147289685105,0.9303,0.9251420240114383,0.9351274948501958,0.0422,0.038432151873472424,0.046319449951170606,1.8972,16,1,0.9996159875222334,0.9999999999999999
4,4,16,13,monte_carlo,10000,20261319,4,0.48042847908394126,0.9385,0.933620698599507,0.9430425224574916,0.0459,0.0419698045937483,0.050178955538559264,1.9302,16,0.9998,0.9992709889064336,0.9999451522207908
4,4,16,14,monte_carlo,10000,20261319,4,0.47057715393849847,0.9289,0.9236965322677295,0.9337740618288422,0.0435,0.0396742236093285,0.04767637978287234,1.8898,16,0.9999,0.9994337165442557,0.999982347780473
4,4,16,15,monte_carlo,10000,20261319,4,0.46982362175639486,0.9299,0.924728967846205,0.9347408582254113,0.0463,0.042352706247467634,0.05059574667485771,1.8891,16,1,0.9996159875222334,0.9999999999999999
4,4,16,16,monte_carlo,10000,20261319,4,0.4559534583063995,0.9216,0.916168144550027,0.9267080561287201,0.0346,0.031192767932392697,0.03836467088191238,1.8191,16,1,0.9996159875222334,0.9999999999999999
4,4,16,17,monte_carlo,10000,20261319,4,0.4504940437713547,0.9203,0.9148289326393417,0.9254482664718477,0.0357,0.03223802018920703,0.03951857379764698,1.8164,16,1,0.9996159875222334,0.9999999999999999
4,4,16,18,monte_carlo,10000,20261319,4,0.4300674115800166,0.9045,0.8985831541147881,0.9101061797906987,0.0292,0.026076488898531276,0.0326850972505337,1.73,16,1,0.9996159875222334,0.9999999999999999
4,4,16,19,monte_carlo,10000,20261319,4,0.4183285621941084,0.8898,0.8835121429359003,0.8957884809364329,0.0238,0.020990306435379698,0.026975427048445154,1.6609,16,1,0.9996159875222334,0.9999999999999999
4,4,16,20,monte_carlo,10000,20261319,4,0.5854981992797119,0.9767,0.9735550964376862,0.979478786066011,0.1042,0.09836302456870906,0.11034095970869091,2.3441,16,1,0.9996159875222334,0.9999999999999999
4,4,16,21,monte_carlo,10000,20261319,4,0.3004561824729892,0.7623,0.7538570489186487,0.770541498135515,0.0096,0.007868269325693327,0.011708370112500095,1.2089,16,1,0.9996159875222334,0.9999999999999999
4,4,16,22,monte_carlo,10000,20261319,4,0.27379813463847075,0.725,0.7161631713057329,0.733664023079272,0.0057,0.004402395036688564,0.007377239698831437,1.0858,16,1,0.9996159875222334,0.9999999999999999
4,4,16,23,monte_carlo,10000,20261319,4,0.25470865269184595,0.6925,0.6833829298283696,0.7014692253676902,0.004,0.0029389972151094013,0.005441943162835007,1.0199,16,1,0.9996159875222334,0.9999999999999999
4,4,16,24,monte_carlo,10000,20261319,4,0.22843106473358574,0.6556,0.6462284688036833,0.6648520265132357,0.0028,0.0019379927682506323,0.004043869239640415,0.9278,16,1,0.9996159875222334,0.9999999999999999
4,4,16,25,monte_carlo,10000,20261319,4,0.20983655000461723,0.6191,0.6095380638649454,0.6285704643628506,0.002,0.0012951015278757226,0.003087374899979752,0.8476,16,1,0.9996159875222334,0.9999999999999999
4,4,16,26,monte_carlo,10000,20261319,4,0.18403915412318775,0.5625,0.5527547006063847,0.5721972978338945,0.0007,0.00033912200289172947,0.0014443528574059384,0.7334,16,1,0.9996159875222334,0.9999999999999999
4,4,16,27,monte_carlo,10000,20261319,4,0.1665490811709299,0.5234,0.5136036278218066,0.5331784003942339,0.0006,0.0002750097221404114,0.0013085419406528096,0.6668,16,1,0.9996159875222334,0.9999999999999999
4,4,16,28,monte_carlo,10000,20261319,4,0.1419336965555453,0.4632,0.4534425773259379,0.4729856859924256,0.0001,0.00001765221952685649,0.0005662834557441313,0.5702,16,1,0.9996159875222334,0.9999999999999999
4,4,16,29,monte_carlo,10000,20261319,4,0.12564779758057068,0.4202,0.4105580720616215,0.42990321632983003,0.0001,0.00001765221952685649,0.0005662834557441313,0.4943,16,1,0.9996159875222334,0.9999999999999999
4,4,16,30,monte_carlo,10000,20261319,4,0.13547326622956876,0.4491,0.43937231082555617,0.4588667816446803,0,0,0.00038401247776654115,0.5363,16,1,0.9996159875222334,0.9999999999999999
4,4,16,31,monte_carlo,10000,20261319,4,0.05401791485825099,0.2022,0.19444288432374895,0.2101858335080088,0,0,0.00038401247776654115,0.2185,16,1,0.9996159875222334,0.9999999999999999
4,4,16,32,monte_carlo,10000,20261319,4,0.04493489703573737,0.165,0.15785376490618433,0.17240352345391927,0,0,0.00038401247776654115,0.1735,16,1,0.9996159875222334,0.9999999999999999
4,4,16,33,monte_carlo,10000,20261319,4,0.03806076276664512,0.1476,0.14078316437891822,0.15468748761541165,0,0,0.00038401247776654115,0.156,16,0.9999,0.9994337165442557,0.999982347780473
4,4,16,34,monte_carlo,10000,20261319,4,0.03074706805799243,0.1198,0.11358088969539161,0.12631111339270207,0,0,0.00038401247776654115,0.1253,16,1,0.9996159875222334,0.9999999999999999
4,4,16,35,monte_carlo,10000,20261319,4,0.025354141656662665,0.0978,0.09213145598684366,0.10377744365027172,0,0,0.00038401247776654115,0.1006,16,1,0.9996159875222334,0.9999999999999999
4,4,16,36,monte_carlo,10000,20261319,4,0.019447779111644657,0.074,0.06903125724417641,0.07929592138688066,0,0,0.00038401247776654115,0.0754,16,1,0.9996159875222334,0.9999999999999999
4,4,16,37,monte_carlo,10000,20261319,4,0.015602548711792409,0.0579,0.05348983985407527,0.06264970397876589,0,0,0.00038401247776654115,0.059,16,1,0.9996159875222334,0.9999999999999999
4,4,16,38,monte_carlo,10000,20261319,4,0.010933604210915136,0.043,0.03919638632603847,0.04715460107864013,0,0,0.00038401247776654115,0.0434,16,0.9998,0.9992709889064336,0.9999451522207908
4,4,16,39,monte_carlo,10000,20261319,4,0.008274078862314157,0.0336,0.030243376823726752,0.03731483001553386,0,0,0.00038401247776654115,0.0338,16,0.9995,0.9988299568100467,0.9997864147246645
4,4,16,40,monte_carlo,10000,20261319,4,0.0067226890756302525,0.0255,0.022587732383790353,0.028776695457610087,0,0,0.00038401247776654115,0.0256,16,0.9996,0.9989718550532698,0.9998444396789459
4,4,16,41,monte_carlo,10000,20261319,4,0,0,0,0.00038401247776654115,0,0,0.00038401247776654115,0,16,0.9981,0.9970341811238531,0.9987832656457957
4,4,16,42,monte_carlo,10000,20261319,4,0,0,0,0.00038401247776654115,0,0,0.00038401247776654115,0,16,0.9956,0.9940987902766892,0.9967205765553485
4,4,16,43,monte_carlo,10000,20261319,4,0,0,0,0.00038401247776654115,0,0,0.00038401247776654115,0,16,0.9907,0.988621165509827,0.9924019646444929
4,4,16,44,monte_carlo,10000,20261319,4,0,0,0,0.00038401247776654115,0,0,0.00038401247776654115,0,16,0.98,0.9770660157347101,0.982565332286634
4,4,16,45,monte_carlo,10000,20261319,4,0,0,0,0.00038401247776654115,0,0,0.00038401247776654115,0,16,0.9586,0.95451608576379,0.9623316979916026
4,4,16,46,monte_carlo,10000,20261319,4,0,0,0,0.00038401247776654115,0,0,0.00038401247776654115,0,16,0.9214,0.9159620844907947,0.9265142697929436
4,4,16,47,monte_carlo,10000,20261319,4,0,0,0,0.00038401247776654115,0,0,0.00038401247776654115,0,16,0.8548,0.847758607569313,0.8615688971764638
4,4,16,48,monte_carlo,10000,20261319,4,0,0,0,0.00038401247776654115,0,0,0.00038401247776654115,0,16,0.7592,0.7507211270713844,0.7674798008601414
4,4,16,49,monte_carlo,10000,20261319,4,0,0,0,0.00038401247776654115,0,0,0.00038401247776654115,0,16,0.6273,0.6177757537093288,0.6367264767138318
4,4,16,50,monte_carlo,10000,20261319,4,0,0,0,0.00038401247776654115,0,0,0.00038401247776654115,0,16,0.609,0.5993955896736971,0.6185206956061498
4,5,20,2,monte_carlo,10000,20261320,5,0.04168436605411395,0.1627,0.15559555880088008,0.17006349601662127,0,0,0.00038401247776654115,0.1654,20,0.4944,0.4846046466329355,0.5041996543068155
4,5,20,3,monte_carlo,10000,20261320,5,0.1016514298026903,0.3613,0.3519395255821742,0.3707669994791582,0,0,0.00038401247776654115,0.4021,20,0.7753,0.7670144307781913,0.7833741319515503
4,5,20,4,monte_carlo,10000,20261320,5,0.14771600948071537,0.4874,0.47760983079651326,0.4971998463179263,0.0002,0.000054847779209068104,0.0007290110935663664,0.5823,20,0.9142,0.9085503493120821,0.919531534751336
4,5,20,5,monte_carlo,10000,20261320,5,0.20955920829870409,0.6337,0.6242071922067851,0.6430901228566601,0.0008,0.0004054288421193391,0.0015779692156827755,0.8334,20,0.9666,0.9628952370813959,0.9699464024743523
4,5,20,6,monte_carlo,10000,20261320,5,0.25793086465355375,0.718,0.7090981041407101,0.7267344664189836,0.0027,0.0018563179891469945,0.003925620821239607,1.0425,20,0.9908,0.9887311186953859,0.9924919346564384
4,5,20,7,monte_carlo,10000,20261320,5,0.3213316095669037,0.806,0.7981326834641108,0.813632300899496,0.0061,0.004752081455057901,0.007827246070479887,1.2777,20,0.9964,0.9950203406518698,0.9973984117602033
4,5,20,8,monte_carlo,10000,20261320,5,0.37344322344322345,0.8591,0.8521428161523262,0.8657813860861417,0.0122,0.010227949832736751,0.014546692740572287,1.4751,20,0.9991,0.9982902504013439,0.9995264283433495
4,5,20,9,monte_carlo,10000,20261320,5,0.4357712315695509,0.9092,0.9034101912650879,0.9146755329231079,0.0264,0.02343490721048568,0.029728829408454786,1.7351,20,0.9997,0.9991182482825978,0.9998979696471224
4,5,20,10,monte_carlo,10000,20261320,5,0.4907563025210084,0.94,0.9351741199644085,0.9444879490551569,0.0469,0.04292721632143491,0.051220775785917105,1.9544,20,1,0.9996159875222334,0.9999999999999999
4,5,20,11,monte_carlo,10000,20261320,5,0.6486840890202235,0.9912,0.9891714948150462,0.9928512513267959,0.1531,0.14617566806734494,0.1602907597897295,2.5902,20,1,0.9996159875222334,0.9999999999999999
4,5,20,12,monte_carlo,10000,20261320,5,0.654440237633515,0.9909,0.9888411273081713,0.9925818492411574,0.1621,0.15500654589729698,0.16945296973517762,2.6142,20,1,0.9996159875222334,0.9999999999999999
4,5,20,13,monte_carlo,10000,20261320,5,0.6679333271770247,0.9925,0.9906096209104819,0.994012126798918,0.1836,0.17613369604890558,0.19130930704702512,2.6699,20,1,0.9996159875222334,0.9999999999999999
4,5,20,14,monte_carlo,10000,20261320,5,0.6722058053990827,0.9919,0.9899444725487254,0.9934777359756477,0.188,0.18046238649704077,0.19577723728908553,2.7036,20,1,0.9996159875222334,0.9999999999999999
4,5,20,15,monte_carlo,10000,20261320,5,0.6768399667559332,0.9921,0.9901659076997292,0.9936561472196529,0.1933,0.18567859712935184,0.20115695612451015,2.7144,20,1,0.9996159875222334,0.9999999999999999
4,5,20,16,monte_carlo,10000,20261320,5,0.6793686705451412,0.9919,0.9899444725487254,0.9934777359756477,0.1984,0.1907000792194071,0.20633155710718168,2.7141,20,1,0.9996159875222334,0.9999999999999999
4,5,20,17,monte_carlo,10000,20261320,5,0.679694954905039,0.9931,0.9912774688801183,0.9945438180143082,0.199,0.19129097495562383,0.20694020055599163,2.722,20,1,0.9996159875222334,0.9999999999999999
4,5,20,18,monte_carlo,10000,20261320,5,0.6740665496968018,0.9919,0.9899444725487254,0.9934777359756477,0.1892,0.1816432160446792,0.19699548611150047,2.6922,20,1,0.9996159875222334,0.9999999999999999
4,5,20,19,monte_carlo,10000,20261320,5,0.6657155169760212,0.9905,0.988401421946202,0.992221861813109,0.178,0.17062682205322208,0.18562048198245953,2.6615,20,1,0.9996159875222334,0.9999999999999999
4,5,20,20,monte_carlo,10000,20261320,5,0.8771400868039524,0.9999,0.9994337165442557,0.999982347780473,0.5889,0.5792237996004708,0.5985079229809822,3.5142,20,1,0.9996159875222334,0.9999999999999999
4,5,20,21,monte_carlo,10000,20261320,5,0.6033013205282113,0.9774,0.9742984276320175,0.9801349172542111,0.1297,0.12325685649665269,0.1364275431443812,2.4141,20,1,0.9996159875222334,0.9999999999999999
4,5,20,22,monte_carlo,10000,20261320,5,0.5805768461230646,0.9701,0.9665771335762963,0.9732618178921075,0.1142,0.10811372970791601,0.12058257431992862,2.3305,20,1,0.9996159875222334,0.9999999999999999
4,5,20,23,monte_carlo,10000,20261320,5,0.5608889709730046,0.9659,0.9621601475261009,0.9692820296471162,0.1008,0.09505159078852715,0.10685500477372165,2.2495,20,1,0.9996159875222334,0.9999999999999999
4,5,20,24,monte_carlo,10000,20261320,5,0.5314202604118571,0.9552,0.950967662984527,0.9590827320557145,0.0826,0.07736351948401547,0.08815705413242404,2.1464,20,1,0.9996159875222334,0.9999999999999999
4,5,20,25,monte_carlo,10000,20261320,5,0.5066657432203651,0.9448,0.9401507358217788,0.9491076466780001,0.0685,0.06371288106368032,0.07361852170463219,2.0421,20,1,0.9996159875222334,0.9999999999999999
4,5,20,26,monte_carlo,10000,20261320,5,0.47395265798627145,0.9306,0.9254518472062006,0.9354174412479468,0.049,0.04493944517385872,0.05340693408108669,1.8986,20,1,0.9996159875222334,0.9999999999999999
4,5,20,27,monte_carlo,10000,20261320,5,0.44480099732200573,0.9091,0.9033074420098338,0.9145783589808575,0.0373,0.03376002688776326,0.04119533825916189,1.7862,20,1,0.9996159875222334,0.9999999999999999
4,5,20,28,monte_carlo,10000,20261320,5,0.40898513251454427,0.8808,0.8743024393621736,0.8870050967347595,0.0254,0.022493663104526926,0.028670841539369073,1.6357,20,1,0.9996159875222334,0.9999999999999999
4,5,20,29,monte_carlo,10000,20261320,5,0.378012743558962,0.8629,0.8560190192620555,0.8695022644815814,0.0177,0.015294646336769066,0.020475772099284542,1.5203,20,1,0.9996159875222334,0.9999999999999999
4,5,20,30,monte_carlo,10000,20261320,5,0.40494659402222427,0.8867,0.8803385208570973,0.8927644838925981,0.0207,0.01808791880259837,0.023680195558588635,1.6154,20,1,0.9996159875222334,0.9999999999999999
4,5,20,31,monte_carlo,10000,20261320,5,0.2582663834764675,0.697,0.6879184791128872,0.7059302199708728,0.0044,0.003279423444651482,0.005901209723310713,1.0304,20,1,0.9996159875222334,0.9999999999999999
4,5,20,32,monte_carlo,10000,20261320,5,0.22681841967556254,0.6507,0.6412994660525715,0.6599847925866296,0.003,0.002102274095435337,0.0042794343074646045,0.916,20,1,0.9996159875222334,0.9999999999999999
4,5,20,33,monte_carlo,10000,20261320,5,0.20121125373226215,0.6043,0.5946772940171345,0.6138426009800033,0.0012,0.0006865974508135608,0.0020964933970063406,0.8076,20,1,0.9996159875222334,0.9999999999999999
4,5,20,34,monte_carlo,10000,20261320,5,0.17321544002216271,0.5463,0.5365261845594875,0.5560382558850714,0.0004,0.0001555603210541602,0.0010281449467301677,0.7053,20,1,0.9996159875222334,0.9999999999999999
4,5,20,35,monte_carlo,10000,20261320,5,0.15106658047834517,0.4935,0.4837052055809278,0.503299786581283,0.0002,0.000054847779209068104,0.0007290110935663664,0.6126,20,1,0.9996159875222334,0.9999999999999999
4,5,20,36,monte_carlo,10000,20261320,5,0.12641056422569028,0.4202,0.4105580720616215,0.42990321632983003,0,0,0.00038401247776654115,0.4976,20,1,0.9996159875222334,0.9999999999999999
4,5,20,37,monte_carlo,10000,20261320,5,0.10805399082710007,0.3709,0.3614835676537142,0.38041558436804507,0.0001,0.00001765221952685649,0.0005662834557441313,0.4277,20,1,0.9996159875222334,0.9999999999999999
4,5,20,38,monte_carlo,10000,20261320,5,0.0869701726844584,0.3187,0.30963805010295564,0.32790119282148233,0,0,0.00038401247776654115,0.3574,20,1,0.9996159875222334,0.9999999999999999
4,5,20,39,monte_carlo,10000,20261320,5,0.07214270323514022,0.2677,0.2591123114658075,0.2764661007313628,0,0,0.00038401247776654115,0.294,20,0.9999,0.9994337165442557,0.999982347780473
4,5,20,40,monte_carlo,10000,20261320,5,0.06250038476929233,0.2314,0.22323823137645754,0.23976806012659863,0,0,0.00038401247776654115,0.2482,20,0.9999,0.9994337165442557,0.999982347780473
4,5,20,41,monte_carlo,10000,20261320,5,0.031618801366700526,0.124,0.11768421690760952,0.1306045604756709,0,0,0.00038401247776654115,0.1278,20,0.9999,0.9994337165442557,0.999982347780473
4,5,20,42,monte_carlo,10000,20261320,5,0.025214701265121434,0.0956,0.08999108776016924,0.10151950153184831,0,0,0.00038401247776654115,0.0976,20,0.9998,0.9992709889064336,0.9999451522207908
4,5,20,43,monte_carlo,10000,20261320,5,0.020221934927817282,0.0782,0.07309816760722566,0.0836257853190182,0,0,0.00038401247776654115,0.0807,20,0.9994,0.9986914580593471,0.9997249902778595
4,5,20,44,monte_carlo,10000,20261320,5,0.015558531104749591,0.0631,0.05850013959007455,0.06803541051299786,0,0,0.00038401247776654115,0.0638,20,0.9989,0.9980311766068111,0.9993856557428735
4,5,20,45,monte_carlo,10000,20261320,5,0.012010958229445624,0.0457,0.04177838567624322,0.049970528061055446,0,0,0.00038401247776654115,0.0459,20,0.9954,0.993870162193674,0.9965493582433548
4,5,20,46,monte_carlo,10000,20261320,5,0.008655770000307815,0.0324,0.029105211538729973,0.03605391693047728,0,0,0.00038401247776654115,0.0325,20,0.9867,0.984260465076617,0.988765737177525
4,5,20,47,monte_carlo,10000,20261320,5,0.006433342567796349,0.0267,0.02371751406726394,0.03004599214418987,0,0,0.00038401247776654115,0.0271,20,0.9674,0.9637358448057368,0.9707051803300469
4,5,20,48,monte_carlo,10000,20261320,5,0.004093945270415859,0.0171,0.014738144562923597,0.01983273468810333,0,0,0.00038401247776654115,0.0172,20,0.9263,0.9210135343067454,0.9312590566547108
4,5,20,49,monte_carlo,10000,20261320,5,0.0028011204481792717,0.0109,0.009044443879129442,0.013131197126621787,0,0,0.00038401247776654115,0.0109,20,0.8195,0.8118395309516666,0.8269150850750406
4,5,20,50,monte_carlo,10000,20261320,5,0.0016806722689075631,0.006,0.004664501413809584,0.0077149029142237575,0,0,0.00038401247776654115,0.006,20,0.8467,0.8395055454800634,0.8536281802678533
4,6,24,2,monte_carlo,10000,20261321,6,0.06079970449718349,0.2354,0.22718731376478432,0.2438159056384497,0,0,0.00038401247776654115,0.24,24,0.6372,0.6277251425136573,0.6465694844624436
4,6,24,3,monte_carlo,10000,20261321,6,0.14384493568294748,0.4916,0.4818064898235936,0.5013999615860328,0,0,0.00038401247776654115,0.573,24,0.8705,0.8637766996532072,0.8769387471007677
4,6,24,4,monte_carlo,10000,20261321,6,0.20990248800011002,0.6458,0.6363715483799071,0.6551164735815762,0.0005,0.00021358527533545964,0.001170043189953315,0.8429,24,0.9662,0.9624751362372743,0.9695668105284561
4,6,24,5,monte_carlo,10000,20261321,6,0.29227586288197765,0.7756,0.7673181943993223,0.7836701379229326,0.0034,0.0024341670009014214,0.004747234192016306,1.1524,24,0.9902,0.9880722011756203,0.9919513129911771
4,6,24,6,monte_carlo,10000,20261321,6,0.3578801405996114,0.8575,0.8505112360107855,0.8642141950676115,0.0084,0.0067903793044075565,0.010387181763732508,1.4273,24,0.9984,0.9974023404086676,0.9990148759534945
4,6,24,7,monte_carlo,10000,20261321,6,0.4383903152095535,0.9173,0.911740016528771,0.9225394866572849,0.0241,0.021271927639023674,0.027293575437314515,1.7392,24,0.9997,0.9991182482825978,0.9998979696471224
4,6,24,8,monte_carlo,10000,20261321,6,0.5053174788737099,0.9524,0.9480502585087108,0.9564022870014061,0.0521,0.04791375797210714,0.056630240405476116,2.0115,24,0.9999,0.9994337165442557,0.999982347780473
4,6,24,9,monte_carlo,10000,20261321,6,0.5774150576760982,0.9778,0.9747235125067026,0.9805095251695435,0.0906,0.08513012538191758,0.09638430403487763,2.3053,24,1,0.9996159875222334,0.9999999999999999
4,6,24,10,monte_carlo,10000,20261321,6,0.6420841004159438,0.9901,0.9879625629673356,0.9918610280019575,0.1567,0.14970703319483009,0.16395662977240444,2.5803,24,1,0.9996159875222334,0.9999999999999999
4,6,24,11,monte_carlo,10000,20261321,6,0.7712622528553156,0.9985,0.9975263931899461,0.9990907463697207,0.3274,0.3182702222137388,0.3366623388935862,3.0766,24,1,0.9996159875222334,0.9999999999999999
4,6,24,12,monte_carlo,10000,20261321,6,0.782078068543293,0.9989,0.9980311766068111,0.9993856557428735,0.3503,0.3410086541220497,0.3597063192137935,3.1241,24,1,0.9996159875222334,0.9999999999999999
4,6,24,13,monte_carlo,10000,20261321,6,0.7944039154123188,0.9996,0.9989718550532698,0.9998444396789459,0.3814,0.3719269468438045,0.39096414091592163,3.18,24,1,0.9996159875222334,0.9999999999999999
4,6,24,14,monte_carlo,10000,20261321,6,0.8036914274711521,0.9994,0.9986914580593471,0.9997249902778595,0.3967,0.3871528578554956,0.40632647912241093,3.2247,24,1,0.9996159875222334,0.9999999999999999
4,6,24,15,monte_carlo,10000,20261321,6,0.8093122682788336,0.9997,0.9991182482825978,0.9998979696471224,0.3987,0.38914390094941914,0.4083338999785762,3.2251,24,1,0.9996159875222334,0.9999999999999999
4,6,24,16,monte_carlo,10000,20261321,6,0.8174943954668611,0.9996,0.9989718550532698,0.9998444396789459,0.4218,0.4121524426402956,0.43150761691122697,3.2637,24,1,0.9996159875222334,0.9999999999999999
4,6,24,17,monte_carlo,10000,20261321,6,0.82046818727491,0.9994,0.9986914580593471,0.9997249902778595,0.4309,0.4212224002186968,0.4406306703057305,3.2749,24,1,0.9996159875222334,0.9999999999999999
4,6,24,18,monte_carlo,10000,20261321,6,0.8244504020920971,0.9998,0.9992709889064336,0.9999451522207908,0.4446,0.43488346261200256,0.4543590859705338,3.3007,24,1,0.9996159875222334,0.9999999999999999
4,6,24,19,monte_carlo,10000,20261321,6,0.8210005442438841,0.9997,0.9991182482825978,0.9998979696471224,0.4351,0.4254096624456234,0.4448401823739906,3.2866,24,1,0.9996159875222334,0.9999999999999999
4,6,24,20,monte_carlo,10000,20261321,6,0.9826152392217116,1,0.9996159875222334,0.9999999999999999,0.9309,0.9257616972104873,0.9357073608361733,3.9291,24,1,0.9996159875222334,0.9999999999999999
4,6,24,21,monte_carlo,10000,20261321,6,0.8080990170208836,0.9992,0.9984220307843171,0.9995945711578805,0.4092,0.3995996054612383,0.41887013120472405,3.2258,24,1,0.9996159875222334,0.9999999999999999
4,6,24,22,monte_carlo,10000,20261321,6,0.8039014623852815,0.9989,0.9980311766068111,0.9993856557428735,0.4065,0.39691055969033234,0.41616125064300985,3.2153,24,1,0.9996159875222334,0.9999999999999999
4,6,24,23,monte_carlo,10000,20261321,6,0.7960344858074162,0.9983,0.9972789915054465,0.9989383016592113,0.3927,0.383171274014795,0.4023111350629336,3.1833,24,1,0.9996159875222334,0.9999999999999999
4,6,24,24,monte_carlo,10000,20261321,6,0.78768564709026,0.9985,0.9975263931899461,0.9990907463697207,0.374,0.3645663563321988,0.3835304148121983,3.164,24,1,0.9996159875222334,0.9999999999999999
4,6,24,25,monte_carlo,10000,20261321,6,0.7695247984627567,0.9985,0.9975263931899461,0.9990907463697207,0.3295,0.32035439017543654,0.3387765580794818,3.0627,24,1,0.9996159875222334,0.9999999999999999
4,6,24,26,monte_carlo,10000,20261321,6,0.7594312356693905,0.9974,0.996192960451946,0.9982250239351717,0.3238,0.3146978496213766,0.3330374763757882,3.0394,24,1,0.9996159875222334,0.9999999999999999
4,6,24,27,monte_carlo,10000,20261321,6,0.7355249792224582,0.9967,0.9953693308965443,0.9976491911080423,0.2876,0.2788110780511116,0.29655205044944355,2.9397,24,1,0.9996159875222334,0.9999999999999999
4,6,24,28,monte_carlo,10000,20261321,6,0.7144194175215094,0.9954,0.993870162193674,0.9965493582433548,0.2539,0.24546489502439267,0.262524115917164,2.8675,24,1,0.9996159875222334,0.9999999999999999
4,6,24,29,monte_carlo,10000,20261321,6,0.6837666981686291,0.9907,0.988621165509827,0.9924019646444929,0.2139,0.2059735399444138,0.22204619199536418,2.7526,24,1,0.9996159875222334,0.9999999999999999
4,6,24,30,monte_carlo,10000,20261321,6,0.7536184359177386,0.9989,0.9980311766068111,0.9993856557428735,0.3096,0.30061291820741975,0.3187333137441136,3.0332,24,1,0.9996159875222334,0.9999999999999999
4,6,24,31,monte_carlo,10000,20261321,6,0.5817586936574958,0.972,0.968580824467317,0.9750566677536713,0.1109,0.10489422523732633,0.11720461327287157,2.329,24,1,0.9996159875222334,0.9999999999999999
4,6,24,32,monte_carlo,10000,20261321,6,0.5401919196483831,0.9561,0.9519063009336641,0.9599434028841172,0.0804,0.07523025473612002,0.08589200853522164,2.1672,24,1,0.9996159875222334,0.9999999999999999
4,6,24,33,monte_carlo,10000,20261321,6,0.4984087251922045,0.9433,0.9385945794227111,0.9476649551145011,0.0553,0.05098850442475616,0.05995303627296939,2.0042,24,1,0.9996159875222334,0.9999999999999999
4,6,24,34,monte_carlo,10000,20261321,6,0.45139833347414254,0.9203,0.9148289326393417,0.9254482664718477,0.0359,0.032428166593132614,0.03972827378873028,1.8194,24,1,0.9996159875222334,0.9999999999999999
4,6,24,35,monte_carlo,10000,20261321,6,0.4084525790676336,0.8901,0.8838193480326973,0.8960810454321492,0.0226,0.01986508274578893,0.02570157236798256,1.6366,24,1,0.9996159875222334,0.9999999999999999
4,6,24,36,monte_carlo,10000,20261321,6,0.36202238669608594,0.8487,0.8415426822968044,0.8555895074012012,0.0108,0.008953692118353259,0.013022025689893526,1.4481,24,1,0.9996159875222334,0.9999999999999999
4,6,24,37,monte_carlo,10000,20261321,6,0.318672968369017,0.8042,0.7963062201707379,0.8118601466377889,0.0068,0.005367852922370069,0.008610936985698845,1.2884,24,1,0.9996159875222334,0.9999999999999999
4,6,24,38,monte_carlo,10000,20261321,6,0.27491634951853083,0.7493,0.7407104019724335,0.757698129406152,0.0022,0.0014533386585013621,0.003328984164363006,1.1119,24,1,0.9996159875222334,0.9999999999999999
4,6,24,39,monte_carlo,10000,20261321,6,0.23528311488261425,0.6855,0.6763296322977296,0.6945278990730189,0.0006,0.0002750097221404114,0.0013085419406528096,0.9504,24,1,0.9996159875222334,0.9999999999999999
4,6,24,40,monte_carlo,10000,20261321,6,0.2133721901199105,0.6531,0.6437135352434641,0.6623688801358437,0.0011,0.0006143442571264699,0.001968823393188985,0.8669,24,1,0.9996159875222334,0.9999999999999999
4,6,24,41,monte_carlo,10000,20261321,6,0.13838068779066454,0.4622,0.4524444267387159,0.4719846046046031,0,0,0.00038401247776654115,0.5532,24,1,0.9996159875222334,0.9999999999999999
4,6,24,42,monte_carlo,10000,20261321,6,0.11083890184551726,0.3902,0.38068312552315914,0.3998012036169583,0,0,0.00038401247776654115,0.4502,24,1,0.9996159875222334,0.9999999999999999
4,6,24,43,monte_carlo,10000,20261321,6,0.08900548762876673,0.31,0.30100954179674216,0.319136382944809,0,0,0.00038401247776654115,0.3445,24,1,0.9996159875222334,0.9999999999999999
4,6,24,44,monte_carlo,10000,20261321,6,0.0687420303637003,0.2574,0.24892514903932444,0.26606117381488786,0,0,0.00038401247776654115,0.2814,24,0.9999,0.9994337165442557,0.999982347780473
4,6,24,45,monte_carlo,10000,20261321,6,0.053308786689798666,0.1932,0.18558015716696186,0.20105547288939568,0,0,0.00038401247776654115,0.2057,24,0.9998,0.9992709889064336,0.9999451522207908
4,6,24,46,monte_carlo,10000,20261321,6,0.038797712210907276,0.149,0.14215549285108997,0.15611408390830211,0,0,0.00038401247776654115,0.1553,24,0.9982,0.9971562885411505,0.9988610814260028
4,6,24,47,monte_carlo,10000,20261321,6,0.0287816599634944,0.1086,0.10265134207075997,0.11484926289683565,0,0,0.00038401247776654115,0.1116,24,0.9933,0.9915007435870488,0.9947203897023865
4,6,24,48,monte_carlo,10000,20261321,6,0.018765214760208503,0.0757,0.07067682878193793,0.08104904420669476,0,0,0.00038401247776654115,0.0762,24,0.9742,0.970905817125538,0.977129985440548
4,6,24,49,monte_carlo,10000,20261321,6,0.012837475415698194,0.0532,0.04897020710962691,0.05777294644050524,0,0,0.00038401247776654115,0.0533,24,0.9155,0.9098876850020481,0.9207932006289279
4,6,24,50,monte_carlo,10000,20261321,6,0.008117289468979081,0.0309,0.027684293213190804,0.034475987293449764,0,0,0.00038401247776654115,0.031,24,0.9647,0.9609009181067916,0.9681421806963721
4,7,28,2,monte_carlo,10000,20261322,7,0.08274078862314156,0.3188,0.3097372498105905,0.328001916311352,0,0,0.00038401247776654115,0.33,28,0.7537,0.7451588712316626,0.7620462808371187
4,7,28,3,monte_carlo,10000,20261322,7,0.1898816425452982,0.6133,0.6037131436243257,0.6227998391482124,0,0,0.00038401247776654115,0.7672,28,0.9385,0.933620698599507,0.9430425224574916
4,7,28,4,monte_carlo,10000,20261322,7,0.27680718911061186,0.7708,0.7624586988954555,0.7789333199465861,0.0017,0.0010616983407886484,0.0027210084945534863,1.1049,28,0.9912,0.9891714948150462,0.9928512513267959
4,7,28,5,monte_carlo,10000,20261322,7,0.37734668335419275,0.8898,0.8835121429359003,0.8957884809364329,0.0086,0.0069694415612848925,0.010607965901864063,1.5181,28,0.9972,0.9959561307603596,0.9980620072317493
4,7,28,6,monte_carlo,10000,20261322,7,0.4575877515312679,0.939,0.9341384162392196,0.9435244208053012,0.0257,0.022775908181537578,0.028988366054871765,1.8185,28,1,0.9996159875222334,0.9999999999999999
4,7,28,7,monte_carlo,10000,20261322,7,0.5493523617374083,0.9743,0.9710116339451282,0.9772240918184625,0.0647,0.060043672350753724,0.0696906489123898,2.1995,28,0.9999,0.9994337165442557,0.999982347780473
4,7,28,8,monte_carlo,10000,20261322,7,0.6246667627415301,0.9891,0.9868688028733781,0.9909555561208705,0.1235,0.1171955970362195,0.13009356435953867,2.4962,28,1,0.9996159875222334,0.9999999999999999
4,7,28,9,monte_carlo,10000,20261322,7,0.6977071793635977,0.9954,0.993870162193674,0.9965493582433548,0.2141,0.20617073137775646,0.22224884695703048,2.7905,28,1,0.9996159875222334,0.9999999999999999
4,7,28,10,monte_carlo,10000,20261322,7,0.7623005524703299,0.998,0.9969126251000202,0.9987048984721243,0.3207,0.31162213605144107,0.32991557082308587,3.0562,28,1,0.9996159875222334,0.9999999999999999
4,7,28,11,monte_carlo,10000,20261322,7,0.857283889859936,0.9999,0.9994337165442557,0.999982347780473,0.5239,0.5141038996075534,0.5336777445960094,3.4312,28,1,0.9996159875222334,0.9999999999999999
4,7,28,12,monte_carlo,10000,20261322,7,0.8693605001952392,1,0.9996159875222334,0.9999999999999999,0.5526,0.5428360307759917,0.5623235711113471,3.4756,28,1,0.9996159875222334,0.9999999999999999
4,7,28,13,monte_carlo,10000,20261322,7,0.8784443586016204,0.9999,0.9994337165442557,0.999982347780473,0.5819,0.5722027176680077,0.591534381088134,3.5175,28,1,0.9996159875222334,0.9999999999999999
4,7,28,14,monte_carlo,10000,20261322,7,0.8884044915197987,1,0.9996159875222334,0.9999999999999999,0.6097,0.6000983940682956,0.6192173535940824,3.5582,28,1,0.9996159875222334,0.9999999999999999
4,7,28,15,monte_carlo,10000,20261322,7,0.8922677773877643,0.9999,0.9994337165442557,0.999982347780473,0.6193,0.609738948770284,0.6287694258525207,3.5664,28,1,0.9996159875222334,0.9999999999999999
4,7,28,16,monte_carlo,10000,20261322,7,0.9012101844936367,1,0.9996159875222334,0.9999999999999999,0.6438,0.6343604628441912,0.6531290951672031,3.6043,28,1,0.9996159875222334,0.9999999999999999
4,7,28,17,monte_carlo,10000,20261322,7,0.90223897286802,0.9999,0.9994337165442557,0.999982347780473,0.6477,0.6382822454699113,0.6570043172441566,3.6113,28,1,0.9996159875222334,0.9999999999999999
4,7,28,18,monte_carlo,10000,20261322,7,0.9085647850544188,1,0.9996159875222334,0.9999999999999999,0.6671,0.6578008608497821,0.6762708021801485,3.6337,28,1,0.9996159875222334,0.9999999999999999
4,7,28,19,monte_carlo,10000,20261322,7,0.9052895790067255,1,0.9996159875222334,0.9999999999999999,0.6607,0.6513598194248039,0.6699167589648417,3.6254,28,1,0.9996159875222334,0.9999999999999999
4,7,28,20,monte_carlo,10000,20261322,7,0.9975185477307695,1,0.9996159875222334,0.9999999999999999,0.9901,0.9879625629673356,0.9918610280019575,3.9901,28,1,0.9996159875222334,0.9999999999999999
4,7,28,21,monte_carlo,10000,20261322,7,0.9013365966894834,1,0.9996159875222334,0.9999999999999999,0.6511,0.6417017928075769,0.660382158621642,3.6068,28,1,0.9996159875222334,0.9999999999999999
4,7,28,22,monte_carlo,10000,20261322,7,0.9038197830900666,1,0.9996159875222334,0.9999999999999999,0.6528,0.6434117623166296,0.662070883470165,3.611,28,1,0.9996159875222334,0.9999999999999999
4,7,28,23,monte_carlo,10000,20261322,7,0.8996907266428951,0.9998,0.9992709889064336,0.9999451522207908,0.6459,0.6364721073509687,0.6552158378080191,3.5997,28,1,0.9996159875222334,0.9999999999999999
4,7,28,24,monte_carlo,10000,20261322,7,0.9010013412609048,1,0.9996159875222334,0.9999999999999999,0.6465,0.6370754705820125,0.6558120137620018,3.6032,28,1,0.9996159875222334,0.9999999999999999
4,7,28,25,monte_carlo,10000,20261322,7,0.8920046977020367,1,0.9996159875222334,0.9999999999999999,0.622,0.6124510626755346,0.6314552382798904,3.5651,28,1,0.9996159875222334,0.9999999999999999
4,7,28,26,monte_carlo,10000,20261322,7,0.8916413074872018,1,0.9996159875222334,0.9999999999999999,0.623,0.6134556287031344,0.6324499042273349,3.5673,28,1,0.9996159875222334,0.9999999999999999
4,7,28,27,monte_carlo,10000,20261322,7,0.8812617539722073,0.9999,0.9994337165442557,0.999982347780473,0.5932,0.5835377477679824,0.6027906723061618,3.5255,28,1,0.9996159875222334,0.9999999999999999
4,7,28,28,monte_carlo,10000,20261322,7,0.8736914932485482,1,0.9996159875222334,0.9999999999999999,0.5693,0.5595698003740187,0.5789769754965629,3.4893,28,1,0.9996159875222334,0.9999999999999999
4,7,28,29,monte_carlo,10000,20261322,7,0.8576884208461724,0.9997,0.9991182482825978,0.9998979696471224,0.5369,0.5271144203686643,0.5466572395104766,3.4397,28,1,0.9996159875222334,0.9999999999999999
4,7,28,30,monte_carlo,10000,20261322,7,0.9281919826921732,1,0.9996159875222334,0.9999999999999999,0.7313,0.7225240345233427,0.7398983213044424,3.7142,28,1,0.9996159875222334,0.9999999999999999
4,7,28,31,monte_carlo,10000,20261322,7,0.8159328998802253,0.9988,0.9979035066029937,0.9993134025491864,0.4497,0.43997088485577973,0.45946774679948343,3.2766,28,1,0.9996159875222334,0.9999999999999999
4,7,28,32,monte_carlo,10000,20261322,7,0.7893253152680698,0.9987,0.9977768905034915,0.9992400954511841,0.3851,0.37560812126607074,0.3946801248013199,3.1527,28,1,0.9996159875222334,0.9999999999999999
4,7,28,33,monte_carlo,10000,20261322,7,0.7537437802987131,0.9975,0.9963118932274996,0.9983060143571229,0.3142,0.3051745660383447,0.3233681329983932,3.0182,28,1,0.9996159875222334,0.9999999999999999
4,7,28,34,monte_carlo,10000,20261322,7,0.7157456734917692,0.9958,0.9943280731304939,0.9968911400965529,0.2492,0.24081941440569754,0.25777320625315014,2.8709,28,1,0.9996159875222334,0.9999999999999999
4,7,28,35,monte_carlo,10000,20261322,7,0.6675616080061855,0.9903,0.988181889893125,0.9920415474711769,0.1787,0.1713150333389923,0.18633173307922044,2.6639,28,1,0.9996159875222334,0.9999999999999999
4,7,28,36,monte_carlo,10000,20261322,7,0.6240410104125618,0.9862,0.9837195842784241,0.9883070019881957,0.1279,0.1214966111681104,0.13458917091784348,2.4901,28,1,0.9996159875222334,0.9999999999999999
4,7,28,37,monte_carlo,10000,20261322,7,0.569301240741084,0.9767,0.9735550964376862,0.979478786066011,0.0809,0.0757149858033104,0.0864068934555535,2.2715,28,1,0.9996159875222334,0.9999999999999999
4,7,28,38,monte_carlo,10000,20261322,7,0.5160523755506614,0.9596,0.9555610625556126,0.9632859531748243,0.0521,0.04791375797210714,0.056630240405476116,2.068,28,1,0.9996159875222334,0.9999999999999999
4,7,28,39,monte_carlo,10000,20261322,7,0.4589045552042777,0.9382,0.933310110379466,0.9427533410850194,0.0301,0.026927326868572278,0.03363356805803271,1.8508,28,1,0.9996159875222334,0.9999999999999999
4,7,28,40,monte_carlo,10000,20261322,7,0.436716852826664,0.9329,0.9278280611457773,0.9376394608509723,0.0178,0.015387471869214952,0.0205828697643431,1.7432,28,1,0.9996159875222334,0.9999999999999999
4,7,28,41,monte_carlo,10000,20261322,7,0.3213866233891265,0.8063,0.7984371188805699,0.8139276350755502,0.0057,0.004402395036688564,0.007377239698831437,1.2728,28,1,0.9996159875222334,0.9999999999999999
4,7,28,42,monte_carlo,10000,20261322,7,0.26419326714532676,0.727,0.7181822542020115,0.7356434041330824,0.0019,0.001216734354204272,0.0029658188761467565,1.0499,28,1,0.9996159875222334,0.9999999999999999
4,7,28,43,monte_carlo,10000,20261322,7,0.21528950724956603,0.6405,0.6310425613537674,0.6498495311399801,0.0011,0.0006143442571264699,0.001968823393188985,0.8603,28,1,0.9996159875222334,0.9999999999999999
4,7,28,44,monte_carlo,10000,20261322,7,0.16954569346417853,0.5345,0.5247119766815268,0.5442615264575071,0.0003,0.00010203035287762114,0.0008817517174022601,0.6634,28,1,0.9996159875222334,0.9999999999999999
4,7,28,45,monte_carlo,10000,20261322,7,0.13364280601588105,0.4494,0.43967159605026035,0.45916726601248953,0,0,0.00038401247776654115,0.5249,28,1,0.9996159875222334,0.9999999999999999
4,7,28,46,monte_carlo,10000,20261322,7,0.09941069432825432,0.3467,0.33743245769067803,0.35608528053500516,0,0,0.00038401247776654115,0.3854,28,0.9999,0.9994337165442557,0.999982347780473
4,7,28,47,monte_carlo,10000,20261322,7,0.07423242263531755,0.2697,0.26109110213797676,0.27848577400928237,0,0,0.00038401247776654115,0.2903,28,0.9985,0.9975263931899461,0.9990907463697207
4,7,28,48,monte_carlo,10000,20261322,7,0.04980389366306545,0.1861,0.17859298177695176,0.19384810125659002,0,0,0.00038401247776654115,0.1947,28,0.9936,0.9918363233131382,0.9949845795688106
4,7,28,49,monte_carlo,10000,20261322,7,0.034271099744245526,0.1311,0.12462622564020717,0.13785709876588895,0,0,0.00038401247776654115,0.1347,28,0.9571,0.9529497721330408,0.9608991636597849
4,7,28,50,monte_carlo,10000,20261322,7,0.022809567860446675,0.0931,0.08755998336942661,0.09895252598497978,0,0,0.00038401247776654115,0.0937,28,0.9932,0.9913890630143011,0.9946321470776299
4,8,32,2,monte_carlo,10000,20261323,8,0.10720103425985779,0.417,0.4073696438222326,0.42669410224907645,0,0,0.00038401247776654115,0.4358,32,0.8519,0.8448029891622557,0.858726742855892
4,8,32,3,monte_carlo,10000,20261323,8,0.2385959728420413,0.7171,0.7081899306977572,0.7258433310843965,0.0001,0.00001765221952685649,0.0005662834557441313,0.9515,32,0.9744,0.9711174630607641,0.9773181859003311
4,8,32,4,monte_carlo,10000,20261323,8,0.3459925838975738,0.8709,0.8641852007740668,0.8773299387699259,0.0028,0.0019379927682506323,0.004043869239640415,1.3845,32,0.997,0.9957205656925353,0.9978977259045646
4,8,32,5,monte_carlo,10000,20261323,8,0.4610227880141359,0.9482,0.9436814995142168,0.9523742717007134,0.0215,0.018835500937287007,0.02453199900393557,1.8408,32,0.9996,0.9989718550532698,0.9998444396789459
4,8,32,6,monte_carlo,10000,20261323,8,0.5519477796574167,0.9786,0.9755744194408907,0.9812580038153912,0.0616,0.05705386781907458,0.06648283432143111,2.2173,32,1,0.9996159875222334,0.9999999999999999
4,8,32,7,monte_carlo,10000,20261323,8,0.6483094790609619,0.9945,0.9928484245901574,0.9957717870693314,0.1363,0.12971461200319415,0.14316471867313327,2.5891,32,1,0.9996159875222334,0.9999999999999999
4,8,32,8,monte_carlo,10000,20261323,8,0.7251665633164246,0.9982,0.9971562885411505,0.9988610814260028,0.2398,0.23153248870237952,0.24826735139105022,2.8964,32,1,0.9996159875222334,0.9999999999999999
4,8,32,9,monte_carlo,10000,20261323,8,0.7921921313889535,0.9995,0.9988299568100467,0.9997864147246645,0.3552,0.3458771932874869,0.3646340167260742,3.158,32,1,0.9996159875222334,0.9999999999999999
4,8,32,10,monte_carlo,10000,20261323,8,0.8495350156002058,0.9999,0.9994337165442557,0.999982347780473,0.5036,0.4938007532698862,0.513396481840274,3.4077,32,1,0.9996159875222334,0.9999999999999999
4,8,32,11,monte_carlo,10000,20261323,8,0.9146073072840227,1,0.9996159875222334,0.9999999999999999,0.6904,0.6812666862558864,0.6993870817925801,3.6571,32,1,0.9996159875222334,0.9999999999999999
4,8,32,12,monte_carlo,10000,20261323,8,0.9255976816590628,1,0.9996159875222334,0.9999999999999999,0.7265,0.717677462770321,0.7351485795772509,3.7048,32,1,0.9996159875222334,0.9999999999999999
4,8,32,13,monte_carlo,10000,20261323,8,0.9315108822057726,1,0.9996159875222334,0.9999999999999999,0.7439,0.7352525062480468,0.7523601724652986,3.7255,32,1,0.9996159875222334,0.9999999999999999
4,8,32,14,monte_carlo,10000,20261323,8,0.9400843718022801,1,0.9996159875222334,0.9999999999999999,0.7755,0.7672169391850834,0.7835714699396672,3.7632,32,1,0.9996159875222334,0.9999999999999999
4,8,32,15,monte_carlo,10000,20261323,8,0.9423286008822277,1,0.9996159875222334,0.9999999999999999,0.782,0.7737999448779039,0.7899834720846358,3.7671,32,1,0.9996159875222334,0.9999999999999999
4,8,32,16,monte_carlo,10000,20261323,8,0.9500030423706758,1,0.9996159875222334,0.9999999999999999,0.8081,0.8002638817283872,0.815699489782813,3.8005,32,1,0.9996159875222334,0.9999999999999999
4,8,32,17,monte_carlo,10000,20261323,8,0.9493920155410062,1,0.9996159875222334,0.9999999999999999,0.8065,0.7986400797898584,0.8141245205612707,3.7968,32,1,0.9996159875222334,0.9999999999999999
4,8,32,18,monte_carlo,10000,20261323,8,0.9556674355977833,1,0.9996159875222334,0.9999999999999999,0.8232,0.8155989054317947,0.830552868902577,3.818,32,1,0.9996159875222334,0.9999999999999999
4,8,32,19,monte_carlo,10000,20261323,8,0.9522686883050381,1,0.9996159875222334,0.9999999999999999,0.8157,0.807979777785615,0.8231777567359231,3.8083,32,1,0.9996159875222334,0.9999999999999999
4,8,32,20,monte_carlo,10000,20261323,8,0.9996730212282261,1,0.9996159875222334,0.9999999999999999,0.9989,0.9980311766068111,0.9993856557428735,3.9989,32,1,0.9996159875222334,0.9999999999999999
4,8,32,21,monte_carlo,10000,20261323,8,0.950479831487613,1,0.9996159875222334,0.9999999999999999,0.8148,0.8070658044423696,0.8222924213016284,3.8053,32,1,0.9996159875222334,0.9999999999999999
4,8,32,22,monte_carlo,10000,20261323,8,0.9540765076162584,1,0.9996159875222334,0.9999999999999999,0.8226,0.8149891959184581,0.829963039230887,3.8145,32,1,0.9996159875222334,0.9999999999999999
4,8,32,23,monte_carlo,10000,20261323,8,0.95074394168588,1,0.9996159875222334,0.9999999999999999,0.8099,0.8020909043150146,0.8174710847512656,3.8002,32,1,0.9996159875222334,0.9999999999999999
4,8,32,24,monte_carlo,10000,20261323,8,0.9541597817997666,1,0.9996159875222334,0.9999999999999999,0.825,0.8174282249141821,0.8323221669752695,3.8171,32,1,0.9996159875222334,0.9999999999999999
4,8,32,25,monte_carlo,10000,20261323,8,0.9483716260763657,1,0.9996159875222334,0.9999999999999999,0.8032,0.7952916282008586,0.8108755066326236,3.7902,32,1,0.9996159875222334,0.9999999999999999
4,8,32,26,monte_carlo,10000,20261323,8,0.9515272016441957,1,0.9996159875222334,0.9999999999999999,0.8195,0.8118395309516666,0.8269150850750406,3.8118,32,1,0.9996159875222334,0.9999999999999999
4,8,32,27,monte_carlo,10000,20261323,8,0.9452060098215619,1,0.9996159875222334,0.9999999999999999,0.7935,0.7854540632602892,0.8013205214152618,3.7806,32,1,0.9996159875222334,0.9999999999999999
4,8,32,28,monte_carlo,10000,20261323,8,0.9448026043596593,1,0.9996159875222334,0.9999999999999999,0.7886,0.780487235613033,0.7964911123848,3.7759,32,1,0.9996159875222334,0.9999999999999999
4,8,32,29,monte_carlo,10000,20261323,8,0.9362519322110114,1,0.9996159875222334,0.9999999999999999,0.7646,0.7561840943615501,0.7728126862352156,3.7466,32,1,0.9996159875222334,0.9999999999999999
4,8,32,30,monte_carlo,10000,20261323,8,0.9776544378514233,1,0.9996159875222334,0.9999999999999999,0.9152,0.9095790352671305,0.9205020807713322,3.9143,32,1,0.9996159875222334,0.9999999999999999
4,8,32,31,monte_carlo,10000,20261323,8,0.921167702926423,0.9999,0.9994337165442557,0.999982347780473,0.7228,0.7139424341736706,0.7314864498662366,3.6889,32,1,0.9996159875222334,0.9999999999999999
4,8,32,32,monte_carlo,10000,20261323,8,0.9111576389848143,0.9999,0.9994337165442557,0.999982347780473,0.6925,0.6833829298283696,0.7014692253676902,3.6492,32,1,0.9996159875222334,0.9999999999999999
4,8,32,33,monte_carlo,10000,20261323,8,0.8888642562506631,0.9998,0.9992709889064336,0.9999451522207908,0.6224,0.612852883928303,0.6318531098171396,3.5567,32,1,0.9996159875222334,0.9999999999999999
4,8,32,34,monte_carlo,10000,20261323,8,0.8687516586368412,0.9997,0.9991182482825978,0.9998979696471224,0.5674,0.5576653940167975,0.5770828411011997,3.476,32,1,0.9996159875222334,0.9999999999999999
4,8,32,35,monte_carlo,10000,20261323,8,0.8354316801081779,0.9998,0.9992709889064336,0.9999451522207908,0.4853,0.47551176066456613,0.4950995293022801,3.3457,32,1,0.9996159875222334,0.9999999999999999
4,8,32,36,monte_carlo,10000,20261323,8,0.8039566671802619,0.9989,0.9980311766068111,0.9993856557428735,0.3993,0.3897412464374225,0.4089360936755996,3.2218,32,1,0.9996159875222334,0.9999999999999999
4,8,32,37,monte_carlo,10000,20261323,8,0.7601193706923696,0.9985,0.9975263931899461,0.9990907463697207,0.3144,0.30537292214142603,0.32356962329032085,3.0396,32,1,0.9996159875222334,0.9999999999999999
4,8,32,38,monte_carlo,10000,20261323,8,0.7141944405077669,0.9963,0.9949044615671903,0.9973143676473786,0.2301,0.2219550035689812,0.23845228636651714,2.8569,32,1,0.9996159875222334,0.9999999999999999
4,8,32,39,monte_carlo,10000,20261323,8,0.6599974233864423,0.9939,0.9921727539295201,0.995247918544942,0.153,0.14607759380703622,0.16018891085253373,2.6351,32,1,0.9996159875222334,0.9999999999999999
4,8,32,40,monte_carlo,10000,20261323,8,0.6440404051276337,0.9965,0.99513643900608,0.9974822366034979,0.1214,0.11514377079069572,0.12794700345746904,2.5847,32,1,0.9996159875222334,0.9999999999999999
4,8,32,41,monte_carlo,10000,20261323,8,0.5273106260460018,0.9655,0.9617402766813848,0.9689022077018145,0.0498,0.04570657916787368,0.0542391856671073,2.1171,32,1,0.9996159875222334,0.9999999999999999
4,8,32,42,monte_carlo,10000,20261323,8,0.4517489963797849,0.9326,0.9275180281985496,0.9373497242056867,0.0214,0.018741996184608804,0.024425580559109324,1.8014,32,1,0.9996159875222334,0.9999999999999999
4,8,32,43,monte_carlo,10000,20261323,8,0.3791304746476973,0.8798,0.8732798800390115,0.886028424082877,0.0091,0.007418150758842581,0.011158872691828609,1.5119,32,1,0.9996159875222334,0.9999999999999999
4,8,32,44,monte_carlo,10000,20261323,8,0.3080873561028102,0.7999,0.7919440249798805,0.8076256443359552,0.003,0.002102274095435337,0.0042794343074646045,1.2235,32,1,0.9996159875222334,0.9999999999999999
4,8,32,45,monte_carlo,10000,20261323,8,0.24896006667568946,0.7138,0.704860331828007,0.7225754644365,0.0007,0.00033912200289172947,0.0014443528574059384,0.9981,32,1,0.9996159875222334,0.9999999999999999
4,8,32,46,monte_carlo,10000,20261323,8,0.1908155380561105,0.6092,0.5995963888211951,0.6187197428536605,0,0,0.00038401247776654115,0.7741,32,1,0.9996159875222334,0.9999999999999999
4,8,32,47,monte_carlo,10000,20261323,8,0.1445528416067677,0.4927,0.48290572907093726,0.5024998775112381,0,0,0.00038401247776654115,0.5783,32,0.9998,0.9992709889064336,0.9999451522207908
4,8,32,48,monte_carlo,10000,20261323,8,0.10009897305538597,0.3586,0.3492559943180917,0.36805260441062054,0,0,0.00038401247776654115,0.3978,32,0.998,0.9969126251000202,0.9987048984721243
4,8,32,49,monte_carlo,10000,20261323,8,0.06963231299303564,0.2665,0.2579251452717645,0.2752541885553524,0,0,0.00038401247776654115,0.2806,32,0.9839,0.9812407998354532,0.9861875528885643
4,8,32,50,monte_carlo,10000,20261323,8,0.048711510506145105,0.1886,0.1810527865512636,0.19638637641988937,0,0,0.00038401247776654115,0.1925,32,0.9995,0.9988299568100467,0.9997864147246645
4,9,36,2,monte_carlo,10000,20261324,9,0.13388493859082096,0.5044,0.49460057143170555,0.5141960492584899,0,0,0.00038401247776654115,0.5343,36,0.9189,0.913387169489392,0.9240911048567353
4,9,36,3,monte_carlo,10000,20261324,9,0.2889625050902735,0.813,0.8052380603102803,0.8205215478786377,0.0003,0.00010203035287762114,0.0008817517174022601,1.1665,36,0.9926,0.9907207327826477,0.9941009381242567
4,9,36,4,monte_carlo,10000,20261324,9,0.4153445194409443,0.9372,0.932275042689145,0.9417891768002961,0.0084,0.0067903793044075565,0.010387181763732508,1.6822,36,0.9998,0.9992709889064336,0.9999451522207908
4,9,36,5,monte_carlo,10000,20261324,9,0.5404810121586527,0.9793,0.9763198044414113,0.9819120811974015,0.0486,0.044555994280372054,0.052990692184555564,2.1585,36,1,0.9996159875222334,0.9999999999999999
4,9,36,6,monte_carlo,10000,20261324,9,0.6375605664401441,0.9939,0.9921727539295201,0.995247918544942,0.1255,0.11915028085143753,0.13213734449440961,2.5707,36,1,0.9996159875222334,0.9999999999999999
4,9,36,7,monte_carlo,10000,20261324,9,0.7323675693083105,0.999,0.9981600356239995,0.9994567199231894,0.2361,0.22787850917606348,0.2445241726097017,2.9117,36,1,0.9996159875222334,0.9999999999999999
4,9,36,8,monte_carlo,10000,20261324,9,0.8050872488234408,0.9999,0.9994337165442557,0.999982347780473,0.3821,0.37262334047843,0.39166720966382723,3.2176,36,1,0.9996159875222334,0.9999999999999999
4,9,36,9,monte_carlo,10000,20261324,9,0.8620314038684829,1,0.9996159875222334,0.9999999999999999,0.5323,0.5225099363030052,0.542065256490931,3.4538,36,1,0.9996159875222334,0.9999999999999999
4,9,36,10,monte_carlo,10000,20261324,9,0.9086047054104952,1,0.9996159875222334,0.9999999999999999,0.6735,0.6642438189558636,0.6826229287143514,3.6422,36,1,0.9996159875222334,0.9999999999999999
4,9,36,11,monte_carlo,10000,20261324,9,0.9508797628882517,1,0.9996159875222334,0.9999999999999999,0.8031,0.7951901732956856,0.8107770383402924,3.7939,36,1,0.9996159875222334,0.9999999999999999
4,9,36,12,monte_carlo,10000,20261324,9,0.9596480115629051,1,0.9996159875222334,0.9999999999999999,0.8472,0.8400147901702497,0.854118551565189,3.8422,36,1,0.9996159875222334,0.9999999999999999
4,9,36,13,monte_carlo,10000,20261324,9,0.9631280772337528,1,0.9996159875222334,0.9999999999999999,0.8617,0.8547947703185246,0.8683274350550592,3.8567,36,1,0.9996159875222334,0.9999999999999999
4,9,36,14,monte_carlo,10000,20261324,9,0.969549039413544,1,0.9996159875222334,0.9999999999999999,0.8796,0.873075385298369,0.8858330724285106,3.8762,36,1,0.9996159875222334,0.9999999999999999
4,9,36,15,monte_carlo,10000,20261324,9,0.970700164503288,1,0.9996159875222334,0.9999999999999999,0.8816,0.8751205903097985,0.8877863313671701,3.8787,36,1,0.9996159875222334,0.9999999999999999
4,9,36,16,monte_carlo,10000,20261324,9,0.9763634395750628,1,0.9996159875222334,0.9999999999999999,0.9029,0.8969408931741754,0.9085496695712403,3.9019,36,1,0.9996159875222334,0.9999999999999999
4,9,36,17,monte_carlo,10000,20261324,9,0.9750773240472321,1,0.9996159875222334,0.9999999999999999,0.8995,0.8934526776562345,0.9052404963740298,3.898,36,1,0.9996159875222334,0.9999999999999999
4,9,36,18,monte_carlo,10000,20261324,9,0.9801033226989585,1,0.9996159875222334,0.9999999999999999,0.9248,0.919466499819046,0.9298072431798434,3.9239,36,1,0.9996159875222334,0.9999999999999999
4,9,36,19,monte_carlo,10000,20261324,9,0.9771643973374398,1,0.9996159875222334,0.9999999999999999,0.91,0.9042322598033204,0.9154528499649109,3.9094,36,1,0.9996159875222334,0.9999999999999999
4,9,36,20,monte_carlo,10000,20261324,9,0.9999587363716438,1,0.9996159875222334,0.9999999999999999,0.9997,0.9991182482825978,0.9998979696471224,3.9997,36,1,0.9996159875222334,0.9999999999999999
4,9,36,21,monte_carlo,10000,20261324,9,0.9762099466621423,1,0.9996159875222334,0.9999999999999999,0.9016,0.8956069118986554,0.9072846492792024,3.8991,36,1,0.9996159875222334,0.9999999999999999
4,9,36,22,monte_carlo,10000,20261324,9,0.9793131187254276,1,0.9996159875222334,0.9999999999999999,0.92,0.9145199431631448,0.9251574863555314,3.9188,36,1,0.9996159875222334,0.9999999999999999
4,9,36,23,monte_carlo,10000,20261324,9,0.9765830567103898,1,0.9996159875222334,0.9999999999999999,0.9134,0.9077275610241651,0.9187549374592174,3.9117,36,1,0.9996159875222334,0.9999999999999999
4,9,36,24,monte_carlo,10000,20261324,9,0.9797945353335243,1,0.9996159875222334,0.9999999999999999,0.9192,0.913696078688033,0.9243819652506076,3.9181,36,1,0.9996159875222334,0.9999999999999999
4,9,36,25,monte_carlo,10000,20261324,9,0.9758769282086472,1,0.9996159875222334,0.9999999999999999,0.9025,0.8965304037386093,0.9081604662167886,3.9008,36,1,0.9996159875222334,0.9999999999999999
4,9,36,26,monte_carlo,10000,20261324,9,0.9790905040978503,1,0.9996159875222334,0.9999999999999999,0.912,0.9062880190558067,0.9173955546625137,3.9108,36,1,0.9996159875222334,0.9999999999999999
4,9,36,27,monte_carlo,10000,20261324,9,0.9750310298071087,1,0.9996159875222334,0.9999999999999999,0.9023,0.8963251702761289,0.9079658532842602,3.9003,36,1,0.9996159875222334,0.9999999999999999
4,9,36,28,monte_carlo,10000,20261324,9,0.976608786000961,1,0.9996159875222334,0.9999999999999999,0.9148,0.9091675339406676,0.920113889307777,3.913,36,1,0.9996159875222334,0.9999999999999999
4,9,36,29,monte_carlo,10000,20261324,9,0.9718447129406481,1,0.9996159875222334,0.9999999999999999,0.8933,0.8870971084875521,0.8992008272974366,3.8906,36,1,0.9996159875222334,0.9999999999999999
4,9,36,30,monte_carlo,10000,20261324,9,0.9930472324649829,1,0.9996159875222334,0.9999999999999999,0.9736,0.9702711705915451,0.9765650927895143,3.9736,36,1,0.9996159875222334,0.9999999999999999
4,9,36,31,monte_carlo,10000,20261324,9,0.9666975642847657,1,0.9996159875222334,0.9999999999999999,0.8712,0.8644915902399803,0.8776233188965257,3.8639,36,1,0.9996159875222334,0.9999999999999999
4,9,36,32,monte_carlo,10000,20261324,9,0.9643774509215005,1,0.9996159875222334,0.9999999999999999,0.8693,0.862551320090424,0.8757650482934975,3.8624,36,1,0.9996159875222334,0.9999999999999999
4,9,36,33,monte_carlo,10000,20261324,9,0.9520535599786838,1,0.9996159875222334,0.9999999999999999,0.8278,0.8202744089785186,0.8350738324410576,3.816,36,1,0.9996159875222334,0.9999999999999999
4,9,36,34,monte_carlo,10000,20261324,9,0.9434406035820848,1,0.9996159875222334,0.9999999999999999,0.7922,0.7841361626482439,0.8000394204597492,3.7737,36,1,0.9996159875222334,0.9999999999999999
4,9,36,35,monte_carlo,10000,20261324,9,0.9241557245605785,1,0.9996159875222334,0.9999999999999999,0.7218,0.712933095676763,0.7304965563880996,3.6907,36,1,0.9996159875222334,0.9999999999999999
4,9,36,36,monte_carlo,10000,20261324,9,0.9058265410923625,1,0.9996159875222334,0.9999999999999999,0.6568,0.6474357381481874,0.666043835538785,3.6124,36,1,0.9996159875222334,0.9999999999999999
4,9,36,37,monte_carlo,10000,20261324,9,0.8771030319193784,0.9999,0.9994337165442557,0.999982347780473,0.5648,0.5550595997982126,0.5744906321846688,3.4936,36,1,0.9996159875222334,0.9999999999999999
4,9,36,38,monte_carlo,10000,20261324,9,0.845868372254616,1,0.9996159875222334,0.9999999999999999,0.4868,0.4770103645382364,0.49659977339117656,3.3798,36,1,0.9996159875222334,0.9999999999999999
4,9,36,39,monte_carlo,10000,20261324,9,0.8040636188103131,0.9997,0.9991182482825978,0.9998979696471224,0.3755,0.36605817753814335,0.3850374415688204,3.2062,36,1,0.9996159875222334,0.9999999999999999
4,9,36,40,monte_carlo,10000,20261324,9,0.7928230924541531,1,0.9996159875222334,0.9999999999999999,0.3234,0.31430095747177367,0.3326346757353734,3.1507,36,1,0.9996159875222334,0.9999999999999999
4,9,36,41,monte_carlo,10000,20261324,9,0.701434141849879,0.996,0.9945580568371649,0.9970610027848906,0.1891,0.1815448090892872,0.19689396986938804,2.7858,36,1,0.9996159875222334,0.9999999999999999
4,9,36,42,monte_carlo,10000,20261324,9,0.6279649077048,0.9906,0.9885112668772189,0.9923119400795966,0.1121,0.10606475848105384,0.11843315839919744,2.5084,36,1,0.9996159875222334,0.9999999999999999
4,9,36,43,monte_carlo,10000,20261324,9,0.547086540275853,0.9742,0.970905817125538,0.977129985440548,0.0534,0.049162345412768274,0.05798065453237279,2.1723,36,1,0.9996159875222334,0.9999999999999999
4,9,36,44,monte_carlo,10000,20261324,9,0.4617328712534676,0.9425,0.9377649949721846,0.946895153984992,0.0214,0.018741996184608804,0.024425580559109324,1.841,36,1,0.9996159875222334,0.9999999999999999
4,9,36,45,monte_carlo,10000,20261324,9,0.3845020170013368,0.8942,0.8880192825222357,0.900077962040293,0.007,0.005544595653529791,0.008834040649548016,1.54,36,1,0.9996159875222334,0.9999999999999999
4,9,36,46,monte_carlo,10000,20261324,9,0.305034794339904,0.8087,0.8008728602595935,0.8162900504366334,0.0006,0.0002750097221404114,0.0013085419406528096,1.2192,36,1,0.9996159875222334,0.9999999999999999
4,9,36,47,monte_carlo,10000,20261324,9,0.23592536102956738,0.7071,0.6981020074887423,0.7159389345429668,0.0006,0.0002750097221404114,0.0013085419406528096,0.9518,36,1,0.9996159875222334,0.9999999999999999
4,9,36,48,monte_carlo,10000,20261324,9,0.16893469049316032,0.5701,0.560371699229196,0.5797744622214211,0,0,0.00038401247776654115,0.6867,36,0.9999,0.9994337165442557,0.999982347780473
4,9,36,49,monte_carlo,10000,20261324,9,0.11929267880728946,0.4274,0.4177335583348214,0.43712220027695026,0,0,0.00038401247776654115,0.4785,36,0.9936,0.9918363233131382,0.9949845795688106
4,9,36,50,monte_carlo,10000,20261324,9,0.08756442447469275,0.3328,0.32362993103056775,0.3420984827419972,0,0,0.00038401247776654115,0.3483,36,1,0.9996159875222334,0.9999999999999999
4,10,40,2,monte_carlo,10000,20261325,10,0.16250808015513898,0.5977,0.5880531627241022,0.6072718012377422,0,0,0.00038401247776654115,0.6423,40,0.9663,0.9625801489600304,0.9696617210032045
4,10,40,3,monte_carlo,10000,20261325,10,0.34008737630112174,0.8853,0.8789057594474581,0.8913983205371749,0.0023,0.0015331432202735716,0.0034491028000952426,1.354,40,0.9978,0.9966710158356369,0.9985466613414986
4,10,40,4,monte_carlo,10000,20261325,10,0.48311004292507964,0.9747,0.971435024886802,0.9776003936668063,0.0182,0.01575898252601672,0.02101105189755912,1.93,40,1,0.9996159875222334,0.9999999999999999
4,10,40,5,monte_carlo,10000,20261325,10,0.6137794244160771,0.9931,0.9912774688801183,0.9945438180143082,0.0924,0.08687949555090838,0.09823355142096687,2.4489,40,1,0.9996159875222334,0.9999999999999999
4,10,40,6,monte_carlo,10000,20261325,10,0.7125533826774382,0.9992,0.9984220307843171,0.9995945711578805,0.2088,0.2009461261525895,0.21687752271446176,2.8567,40,1,0.9996159875222334,0.9999999999999999
4,10,40,7,monte_carlo,10000,20261325,10,0.8009582710992841,0.9996,0.9989718550532698,0.9998444396789459,0.3798,0.3703352686258271,0.389357047973828,3.2175,40,1,0.9996159875222334,0.9999999999999999
4,10,40,8,monte_carlo,10000,20261325,10,0.8657233399608537,1,0.9996159875222334,0.9999999999999999,0.5286,0.518806934989532,0.5383710994967396,3.4548,40,1,0.9996159875222334,0.9999999999999999
4,10,40,9,monte_carlo,10000,20261325,10,0.9111883737684948,1,0.9996159875222334,0.9999999999999999,0.6846,0.6754229545879232,0.6936352680052854,3.6585,40,1,0.9996159875222334,0.9999999999999999
4,10,40,10,monte_carlo,10000,20261325,10,0.9464672473175265,1,0.9996159875222334,0.9999999999999999,0.7908,0.7827170235771637,0.7986596347657671,3.7808,40,1,0.9996159875222334,0.9999999999999999
4,10,40,11,monte_carlo,10000,20261325,10,0.9727640982081884,1,0.9996159875222334,0.9999999999999999,0.8933,0.8870971084875521,0.8992008272974366,3.8909,40,1,0.9996159875222334,0.9999999999999999
4,10,40,12,monte_carlo,10000,20261325,10,0.9790945189842446,1,0.9996159875222334,0.9999999999999999,0.9187,0.9131812420501094,0.9238971859010087,3.9177,40,1,0.9996159875222334,0.9999999999999999
4,10,40,13,monte_carlo,10000,20261325,10,0.9809644157422156,1,0.9996159875222334,0.9999999999999999,0.9229,0.9175077820232178,0.9279674202230872,3.9218,40,1,0.9996159875222334,0.9999999999999999
4,10,40,14,monte_carlo,10000,20261325,10,0.985296240336603,1,0.9996159875222334,0.9999999999999999,0.9467,0.9421231973582078,0.9509337258941555,3.9461,40,1,0.9996159875222334,0.9999999999999999
4,10,40,15,monte_carlo,10000,20261325,10,0.9858067429684377,1,0.9996159875222334,0.9999999999999999,0.9468,0.9422270535594948,0.951029792890373,3.9463,40,1,0.9996159875222334,0.9999999999999999
4,10,40,16,monte_carlo,10000,20261325,10,0.9895407505261076,1,0.9996159875222334,0.9999999999999999,0.9574,0.9532629270597345,0.9611857783256047,3.9574,40,1,0.9996159875222334,0.9999999999999999
4,10,40,17,monte_carlo,10000,20261325,10,0.9882526877699053,1,0.9996159875222334,0.9999999999999999,0.9544,0.9501336937130102,0.9583173157471957,3.9543,40,1,0.9996159875222334,0.9999999999999999
4,10,40,18,monte_carlo,10000,20261325,10,0.9917367410958363,1,0.9996159875222334,0.9999999999999999,0.9689,0.9653135029014666,0.9721263701968839,3.9688,40,1,0.9996159875222334,0.9999999999999999
4,10,40,19,monte_carlo,10000,20261325,10,0.9895662193872419,1,0.9996159875222334,0.9999999999999999,0.9612,0.9572343656144804,0.9648114212760277,3.9611,40,1,0.9996159875222334,0.9999999999999999
4,10,40,20,monte_carlo,10000,20261325,10,0.9999950289583058,1,0.9996159875222334,0.9999999999999999,0.9999,0.9994337165442557,0.999982347780473,3.9999,40,1,0.9996159875222334,0.9999999999999999
4,10,40,21,monte_carlo,10000,20261325,10,0.9890624498677285,1,0.9996159875222334,0.9999999999999999,0.9557,0.9514890725129838,0.9595609385147797,3.9553,40,1,0.9996159875222334,0.9999999999999999
4,10,40,22,monte_carlo,10000,20261325,10,0.9912862211787435,1,0.9996159875222334,0.9999999999999999,0.9664,0.9626851699844662,0.9697566231762732,3.9661,40,1,0.9996159875222334,0.9999999999999999
4,10,40,23,monte_carlo,10000,20261325,10,0.9892795831636217,1,0.9996159875222334,0.9999999999999999,0.9571,0.9529497721330408,0.9608991636597849,3.9566,40,1,0.9996159875222334,0.9999999999999999
4,10,40,24,monte_carlo,10000,20261325,10,0.9916367963689502,1,0.9996159875222334,0.9999999999999999,0.9703,0.9667878746906087,0.9734509231728041,3.9702,40,1,0.9996159875222334,0.9999999999999999
4,10,40,25,monte_carlo,10000,20261325,10,0.9890833039445246,1,0.9996159875222334,0.9999999999999999,0.9585,0.9544116224070925,0.9622362381507955,3.9583,40,1,0.9996159875222334,0.9999999999999999
4,10,40,26,monte_carlo,10000,20261325,10,0.991458643038664,1,0.9996159875222334,0.9999999999999999,0.9658,0.9620551676583639,0.9691870863173487,3.9657,40,1,0.9996159875222334,0.9999999999999999
4,10,40,27,monte_carlo,10000,20261325,10,0.9888718738004562,1,0.9996159875222334,0.9999999999999999,0.9575,0.9533673238649347,0.961281304717909,3.9573,40,1,0.9996159875222334,0.9999999999999999
4,10,40,28,monte_carlo,10000,20261325,10,0.9905407933692785,1,0.9996159875222334,0.9999999999999999,0.9643,0.960481426202353,0.9677619798107929,3.964,40,1,0.9996159875222334,0.9999999999999999
4,10,40,29,monte_carlo,10000,20261325,10,0.9877905655949748,1,0.9996159875222334,0.9999999999999999,0.9536,0.9493000687410417,0.9575515551391284,3.9535,40,1,0.9996159875222334,0.9999999999999999
4,10,40,30,monte_carlo,10000,20261325,10,0.9978820418013241,1,0.9996159875222334,0.9999999999999999,0.993,0.9911659593504519,0.9944554043464701,3.993,40,1,0.9996159875222334,0.9999999999999999
4,10,40,31,monte_carlo,10000,20261325,10,0.9861634281366479,1,0.9996159875222334,0.9999999999999999,0.9465,0.9419154978763524,0.9507415789810021,3.9452,40,1,0.9996159875222334,0.9999999999999999
4,10,40,32,monte_carlo,10000,20261325,10,0.9863579023016186,1,0.9996159875222334,0.9999999999999999,0.9464,0.9418116545730361,0.950645499086814,3.9453,40,1,0.9996159875222334,0.9999999999999999
4,10,40,33,monte_carlo,10000,20261325,10,0.9798797368718567,1,0.9996159875222334,0.9999999999999999,0.9224,0.9169924858585595,0.9274831004002232,3.919,40,1,0.9996159875222334,0.9999999999999999
4,10,40,34,monte_carlo,10000,20261325,10,0.9768241530542991,1,0.9996159875222334,0.9999999999999999,0.9157,0.9100934628513413,0.9209872691746435,3.9125,40,1,0.9996159875222334,0.9999999999999999
4,10,40,35,monte_carlo,10000,20261325,10,0.9666835990469804,1,0.9996159875222334,0.9999999999999999,0.8743,0.8676583072860036,0.8806542209731403,3.867,40,1,0.9996159875222334,0.9999999999999999
4,10,40,36,monte_carlo,10000,20261325,10,0.9573523537879893,1,0.9996159875222334,0.9999999999999999,0.8411,0.8338037688589994,0.8481342578286681,3.832,40,1,0.9996159875222334,0.9999999999999999
4,10,40,37,monte_carlo,10000,20261325,10,0.9406990332660818,1,0.9996159875222334,0.9999999999999999,0.7816,0.7733947529267458,0.789588971245776,3.7663,40,1,0.9996159875222334,0.9999999999999999
4,10,40,38,monte_carlo,10000,20261325,10,0.9223067009944186,1,0.9996159875222334,0.9999999999999999,0.714,0.7050621091989532,0.7227735334605626,3.6889,40,1,0.9996159875222334,0.9999999999999999
4,10,40,39,monte_carlo,10000,20261325,10,0.8943956167976082,1,0.9996159875222334,0.9999999999999999,0.6286,0.6190819954398218,0.6380192365508967,3.5849,40,1,0.9996159875222334,0.9999999999999999
4,10,40,40,monte_carlo,10000,20261325,10,0.8868241672009274,1,0.9996159875222334,0.9999999999999999,0.5851,0.5754121061342693,0.5947225349420148,3.5492,40,1,0.9996159875222334,0.9999999999999999
4,10,40,41,monte_carlo,10000,20261325,10,0.8249123147044082,0.9998,0.9992709889064336,0.9999451522207908,0.4202,0.4105580720616215,0.42990321632983003,3.2965,40,1,0.9996159875222334,0.9999999999999999
4,10,40,42,monte_carlo,10000,20261325,10,0.7661622591371734,0.9996,0.9989718550532698,0.9998444396789459,0.295,0.28614165411775294,0.30401579099813125,3.0675,40,1,0.9996159875222334,0.9999999999999999
4,10,40,43,monte_carlo,10000,20261325,10,0.6924716847241338,0.9967,0.9953693308965443,0.9976491911080423,0.1772,0.1698403473598464,0.18480757109579968,2.7659,40,1,0.9996159875222334,0.9999999999999999
4,10,40,44,monte_carlo,10000,20261325,10,0.6074351082124955,0.9915,0.9895023950331853,0.9931201207011703,0.0918,0.08629629879432327,0.09761720899252532,2.4502,40,1,0.9996159875222334,0.9999999999999999
4,10,40,45,monte_carlo,10000,20261325,10,0.5223002023950125,0.9749,0.9716467955517012,0.9777884693969161,0.0391,0.035474474854934865,0.043079507847070334,2.1,40,1,0.9996159875222334,0.9999999999999999
4,10,40,46,monte_carlo,10000,20261325,10,0.4295597413440622,0.9368,0.931861111897546,0.9414034148018771,0.0108,0.008953692118353259,0.013022025689893526,1.7141,40,1,0.9996159875222334,0.9999999999999999
4,10,40,47,monte_carlo,10000,20261325,10,0.3407577966400863,0.862,0.8551008164212287,0.8686211585448683,0.0037,0.002685632352621393,0.005095538432809675,1.3741,40,1,0.9996159875222334,0.9999999999999999
4,10,40,48,monte_carlo,10000,20261325,10,0.25252979442025153,0.7403,0.7316148652550034,0.7488005783481819,0.0003,0.00010203035287762114,0.0008817517174022601,1.0036,40,1,0.9996159875222334,0.9999999999999999
4,10,40,49,monte_carlo,10000,20261325,10,0.18162145316867284,0.5983,0.5886552814967643,0.6078692216501069,0,0,0.00038401247776654115,0.7226,40,0.9986,0.9976512170202092,0.9991658457369621
4,10,40,50,monte_carlo,10000,20261325,10,0.1396092580697705,0.5078,0.49800007839416754,0.5175939310111792,0,0,0.00038401247776654115,0.5564,40,1,0.9996159875222334,0.9999999999999999
4,11,44,2,monte_carlo,10000,20261326,11,0.19279711884753903,0.7055,0.6964884260327702,0.7143537448388677,0,0,0.00038401247776654115,0.7691,44,0.9912,0.9891714948150462,0.9928512513267959
4,11,44,3,monte_carlo,10000,20261326,11,0.3911996621035093,0.9383,0.9334136362745461,0.9428497383874438,0.0033,0.0023508088919576772,0.004630669103455604,1.5778,44,0.9997,0.9991182482825978,0.9998979696471224
4,11,44,4,monte_carlo,10000,20261326,11,0.5479040287672412,0.9914,0.9893920340981358,0.993030558438715,0.0368,0.03328419707753344,0.04067155208186947,2.2041,44,1,0.9996159875222334,0.9999999999999999
4,11,44,5,monte_carlo,10000,20261326,11,0.6797497659914334,0.9986,0.9976512170202092,0.9991658457369621,0.1522,0.14529303756613024,0.15937408151340418,2.7132,44,1,0.9996159875222334,0.9999999999999999
4,11,44,6,monte_carlo,10000,20261326,11,0.7762834280016943,0.9998,0.9992709889064336,0.9999451522207908,0.3096,0.30061291820741975,0.3187333137441136,3.1047,44,1,0.9996159875222334,0.9999999999999999
4,11,44,7,monte_carlo,10000,20261326,11,0.85505590128068,0.9999,0.9994337165442557,0.999982347780473,0.508,0.49820006349972534,0.5177937923006305,3.4242,44,1,0.9996159875222334,0.9999999999999999
4,11,44,8,monte_carlo,10000,20261326,11,0.9099340541308211,1,0.9996159875222334,0.9999999999999999,0.675,0.6657541675567326,0.6841114280760493,3.6477,44,1,0.9996159875222334,0.9999999999999999
4,11,44,9,monte_carlo,10000,20261326,11,0.9444102965084432,1,0.9996159875222334,0.9999999999999999,0.782,0.7737999448779039,0.7899834720846358,3.7716,44,1,0.9996159875222334,0.9999999999999999
4,11,44,10,monte_carlo,10000,20261326,11,0.9696633509356043,1,0.9996159875222334,0.9999999999999999,0.8796,0.873075385298369,0.8858330724285106,3.8768,44,1,0.9996159875222334,0.9999999999999999
4,11,44,11,monte_carlo,10000,20261326,11,0.9854119247781193,1,0.9996159875222334,0.9999999999999999,0.943,0.9382834558903353,0.9473763090543633,3.9419,44,1,0.9996159875222334,0.9999999999999999
4,11,44,12,monte_carlo,10000,20261326,11,0.9896257036438945,1,0.9996159875222334,0.9999999999999999,0.9601,0.9560837893980935,0.9637628423198655,3.96,44,1,0.9996159875222334,0.9999999999999999
4,11,44,13,monte_carlo,10000,20261326,11,0.9905454352741578,1,0.9996159875222334,0.9999999999999999,0.9641,0.9602717262112697,0.9675718334068673,3.964,44,1,0.9996159875222334,0.9999999999999999
4,11,44,14,monte_carlo,10000,20261326,11,0.9932323485345942,1,0.9996159875222334,0.9999999999999999,0.9745,0.9712233045423899,0.9774122676162096,3.9744,44,1,0.9996159875222334,0.9999999999999999
4,11,44,15,monte_carlo,10000,20261326,11,0.9934096769910604,1,0.9996159875222334,0.9999999999999999,0.9744,0.9711174630607641,0.9773181859003311,3.9744,44,1,0.9996159875222334,0.9999999999999999
4,11,44,16,monte_carlo,10000,20261326,11,0.995659607626303,1,0.9996159875222334,0.9999999999999999,0.9822,0.9794171302356568,0.984612528130785,3.9821,44,1,0.9996159875222334,0.9999999999999999
4,11,44,17,monte_carlo,10000,20261326,11,0.9946606288354433,1,0.9996159875222334,0.9999999999999999,0.9805,0.9775995531647055,0.9830314108441609,3.9802,44,1,0.9996159875222334,0.9999999999999999
4,11,44,18,monte_carlo,10000,20261326,11,0.9968246898050276,1,0.9996159875222334,0.9999999999999999,0.9886,0.9863235822756817,0.9905011607310448,3.9886,44,1,0.9996159875222334,0.9999999999999999
4,11,44,19,monte_carlo,10000,20261326,11,0.995401231259484,1,0.9996159875222334,0.9999999999999999,0.9832,0.9804890825157144,0.9855398078257718,3.9829,44,1,0.9996159875222334,0.9999999999999999
4,11,44,20,monte_carlo,10000,20261326,11,0.9999994557951863,1,0.9996159875222334,0.9999999999999999,1,0.9996159875222334,0.9999999999999999,4,44,1,0.9996159875222334,0.9999999999999999
4,11,44,21,monte_carlo,10000,20261326,11,0.9951531512106563,1,0.9996159875222334,0.9999999999999999,0.9815,0.9786680257751951,0.9839621702087157,3.9815,44,1,0.9996159875222334,0.9999999999999999
4,11,44,22,monte_carlo,10000,20261326,11,0.9965756704764388,1,0.9996159875222334,0.9999999999999999,0.9869,0.9844770406527583,0.9889490079963925,3.9869,44,1,0.9996159875222334,0.9999999999999999
4,11,44,23,monte_carlo,10000,20261326,11,0.9952517390977679,1,0.9996159875222334,0.9999999999999999,0.982,0.9792029978037307,0.9844268141677024,3.982,44,1,0.9996159875222334,0.9999999999999999
4,11,44,24,monte_carlo,10000,20261326,11,0.9967657237102451,1,0.9996159875222334,0.9999999999999999,0.9878,0.9854533072594277,0.9897720501672632,3.9877,44,1,0.9996159875222334,0.9999999999999999
4,11,44,25,monte_carlo,10000,20261326,11,0.9952050615820889,1,0.9996159875222334,0.9999999999999999,0.9811,0.9782404067967692,0.9835900963971238,3.9811,44,1,0.9996159875222334,0.9999999999999999
4,11,44,26,monte_carlo,10000,20261326,11,0.9967235926688529,1,0.9996159875222334,0.9999999999999999,0.9878,0.9854533072594277,0.9897720501672632,3.9878,44,1,0.9996159875222334,0.9999999999999999
4,11,44,27,monte_carlo,10000,20261326,11,0.9951516069351324,1,0.9996159875222334,0.9999999999999999,0.9819,0.97909596269561,0.9843339260783186,3.9819,44,1,0.9996159875222334,0.9999999999999999
4,11,44,28,monte_carlo,10000,20261326,11,0.996382257648715,1,0.9996159875222334,0.9999999999999999,0.9866,0.9841522258286299,0.9886740532280076,3.9866,44,1,0.9996159875222334,0.9999999999999999
4,11,44,29,monte_carlo,10000,20261326,11,0.9948025346443164,1,0.9996159875222334,0.9999999999999999,0.9804,0.9774928094310299,0.982938231380332,3.98,44,1,0.9996159875222334,0.9999999999999999
4,11,44,30,monte_carlo,10000,20261326,11,0.9993808206096172,1,0.9996159875222334,0.9999999999999999,0.9975,0.9963118932274996,0.9983060143571229,3.9975,44,1,0.9996159875222334,0.9999999999999999
4,11,44,31,monte_carlo,10000,20261326,11,0.9943406586552712,1,0.9996159875222334,0.9999999999999999,0.9787,0.9756808539436552,0.981351492510131,3.9784,44,1,0.9996159875222334,0.9999999999999999
4,11,44,32,monte_carlo,10000,20261326,11,0.995051010099197,1,0.9996159875222334,0.9999999999999999,0.981,0.9781335505705359,0.9834970294258526,3.9803,44,1,0.9996159875222334,0.9999999999999999
4,11,44,33,monte_carlo,10000,20261326,11,0.9917346832457571,1,0.9996159875222334,0.9999999999999999,0.9704,0.9668932601730843,0.973545460887833,3.9696,44,1,0.9996159875222334,0.9999999999999999
4,11,44,34,monte_carlo,10000,20261326,11,0.9909407259699234,1,0.9996159875222334,0.9999999999999999,0.9635,0.9596428071536643,0.967001213279446,3.9626,44,1,0.9996159875222334,0.9999999999999999
4,11,44,35,monte_carlo,10000,20261326,11,0.9858977151186086,1,0.9996159875222334,0.9999999999999999,0.9447,0.9400469637270306,0.9490114955752438,3.9422,44,1,0.9996159875222334,0.9999999999999999
4,11,44,36,monte_carlo,10000,20261326,11,0.9815822306774,1,0.9996159875222334,0.9999999999999999,0.9295,0.9243159586844091,0.9343541745971894,3.9277,44,1,0.9996159875222334,0.9999999999999999
4,11,44,37,monte_carlo,10000,20261326,11,0.9726981053708075,1,0.9996159875222334,0.9999999999999999,0.8975,0.891401764374702,0.9032929457054736,3.8939,44,1,0.9996159875222334,0.9999999999999999
4,11,44,38,monte_carlo,10000,20261326,11,0.9628682754016549,1,0.9996159875222334,0.9999999999999999,0.8609,0.8539786996417135,0.8675441201518347,3.8557,44,1,0.9996159875222334,0.9999999999999999
4,11,44,39,monte_carlo,10000,20261326,11,0.9460673553344824,1,0.9996159875222334,0.9999999999999999,0.7926,0.7845416572951684,0.8004336186028425,3.7815,44,1,0.9996159875222334,0.9999999999999999
4,11,44,40,monte_carlo,10000,20261326,11,0.9412106309958728,1,0.9996159875222334,0.9999999999999999,0.7653,0.7568923927512257,0.7735038502280713,3.7595,44,1,0.9996159875222334,0.9999999999999999
4,11,44,41,monte_carlo,10000,20261326,11,0.9031937845511326,1,0.9996159875222334,0.9999999999999999,0.6511,0.6417017928075769,0.660382158621642,3.623,44,1,0.9996159875222334,0.9999999999999999
4,11,44,42,monte_carlo,10000,20261326,11,0.8618150604226836,1,0.9996159875222334,0.9999999999999999,0.5259,0.51610508504505,0.5356750231086017,3.4528,44,1,0.9996159875222334,0.9999999999999999
4,11,44,43,monte_carlo,10000,20261326,11,0.803569368980036,0.9997,0.9991182482825978,0.9998979696471224,0.3732,0.3637707581101044,0.382726627454257,3.216,44,1,0.9996159875222334,0.9999999999999999
4,11,44,44,monte_carlo,10000,20261326,11,0.7299739729114378,0.9991,0.9982902504013439,0.9995264283433495,0.2279,0.21978364043002266,0.23622533916037788,2.9192,44,1,0.9996159875222334,0.9999999999999999
4,11,44,45,monte_carlo,10000,20261326,11,0.6475981388436416,0.9942,0.9925100976227563,0.995510344444219,0.1231,0.11680472586279182,0.12968474274294858,2.5993,44,1,0.9996159875222334,0.9999999999999999
4,11,44,46,monte_carlo,10000,20261326,11,0.5517316094222768,0.9815,0.9786680257751951,0.9839621702087157,0.0474,0.043406116988828625,0.05174149110604563,2.1998,44,1,0.9996159875222334,0.9999999999999999
4,11,44,47,monte_carlo,10000,20261326,11,0.45012853123721164,0.9462,0.9416039807851497,0.9504533264796915,0.0146,0.012428546627434934,0.017144252685980823,1.8092,44,1,0.9996159875222334,0.9999999999999999
4,11,44,48,monte_carlo,10000,20261326,11,0.34524513212154867,0.8751,0.8684757325107616,0.8814361813284178,0.0014,0.0008341542630379929,0.0023487829797908017,1.371,44,1,0.9996159875222334,0.9999999999999999
4,11,44,49,monte_carlo,10000,20261326,11,0.2535451716990391,0.7572,0.7486982716448596,0.7655041923365773,0,0,0.00038401247776654115,1.016,44,0.9999,0.9994337165442557,0.999982347780473
4,11,44,50,monte_carlo,10000,20261326,11,0.20363266447641382,0.6989,0.6898337948318319,0.7078134450045125,0,0,0.00038401247776654115,0.8131,44,1,0.9996159875222334,0.9999999999999999
4,12,48,2,monte_carlo,10000,20261327,12,0.22448979591836735,0.8062,0.7983356396158865,0.8138291911427293,0,0,0.00038401247776654115,0.9032,48,0.9993,0.9985556471425939,0.9996608779971082
4,12,48,3,monte_carlo,10000,20261327,12,0.44164278107172567,0.9696,0.966050452686977,0.9727888827939047,0.0056,0.004315246513233419,0.007264465024782136,1.7619,48,1,0.9996159875222334,0.9999999999999999
4,12,48,4,monte_carlo,10000,20261327,12,0.6086938456613077,0.9979,0.9967915815238315,0.9986260188508085,0.0629,0.05830725858330833,0.06782844512475515,2.4295,48,1,0.9996159875222334,0.9999999999999999
4,12,48,5,monte_carlo,10000,20261327,12,0.7378609555163705,0.9999,0.9994337165442557,0.999982347780473,0.2305,0.22234983110560566,0.23885715161991053,2.9531,48,1,0.9996159875222334,0.9999999999999999
4,12,48,6,monte_carlo,10000,20261327,12,0.829009926081294,1,0.9996159875222334,0.9999999999999999,0.4271,0.4174345377793271,0.43682145123993116,3.3201,48,1,0.9996159875222334,0.9999999999999999
4,12,48,7,monte_carlo,10000,20261327,12,0.8964870078027858,1,0.9996159875222334,0.9999999999999999,0.6334,0.6239056786140762,0.6427918668568555,3.5995,48,1,0.9996159875222334,0.9999999999999999
4,12,48,8,monte_carlo,10000,20261327,12,0.9410752407159488,1,0.9996159875222334,0.9999999999999999,0.7745,0.7662044240583517,0.7825847530913543,3.7649,48,1,0.9996159875222334,0.9999999999999999
4,12,48,9,monte_carlo,10000,20261327,12,0.9660960978805045,1,0.9996159875222334,0.9999999999999999,0.8665,0.8596928130490392,0.873025705804758,3.8644,48,1,0.9996159875222334,0.9999999999999999
4,12,48,10,monte_carlo,10000,20261327,12,0.9833329666018146,1,0.9996159875222334,0.9999999999999999,0.937,0.9320680704770544,0.9415963026173776,3.9362,48,1,0.9996159875222334,0.9999999999999999
4,12,48,11,monte_carlo,10000,20261327,12,0.9924409319822172,1,0.9996159875222334,0.9999999999999999,0.9708,0.9673149027494662,0.9739235111014687,3.9707,48,1,0.9996159875222334,0.9999999999999999
4,12,48,12,monte_carlo,10000,20261327,12,0.995058829102836,1,0.9996159875222334,0.9999999999999999,0.9824,0.9796313467633233,0.9847981579981275,3.9824,48,1,0.9996159875222334,0.9999999999999999
4,12,48,13,monte_carlo,10000,20261327,12,0.9954710761253968,1,0.9996159875222334,0.9999999999999999,0.9849,0.9823167727379482,0.9871108119611137,3.9848,48,1,0.9996159875222334,0.9999999999999999
4,12,48,14,monte_carlo,10000,20261327,12,0.9970240920530077,1,0.9996159875222334,0.9999999999999999,0.99,0.987852974519736,0.9917706932520527,3.99,48,1,0.9996159875222334,0.9999999999999999
4,12,48,15,monte_carlo,10000,20261327,12,0.997051216784515,1,0.9996159875222334,0.9999999999999999,0.9889,0.9866505890076314,0.9907739235916084,3.9889,48,1,0.9996159875222334,0.9999999999999999
4,12,48,16,monte_carlo,10000,20261327,12,0.9983090287577974,1,0.9996159875222334,0.9999999999999999,0.9922,0.9902767286560065,0.9937452494608799,3.9922,48,1,0.9996159875222334,0.9999999999999999
4,12,48,17,monte_carlo,10000,20261327,12,0.997642213434083,1,0.9996159875222334,0.9999999999999999,0.9921,0.9901659076997292,0.9936561472196529,3.9921,48,1,0.9996159875222334,0.9999999999999999
4,12,48,18,monte_carlo,10000,20261327,12,0.9988722979461483,1,0.9996159875222334,0.9999999999999999,0.9959,0.9944429742856884,0.9969761621388626,3.9959,48,1,0.9996159875222334,0.9999999999999999
4,12,48,19,monte_carlo,10000,20261327,12,0.9980213301162493,1,0.9996159875222334,0.9999999999999999,0.9941,0.9923975441189612,0.9954229747505099,3.9941,48,1,0.9996159875222334,0.9999999999999999
4,12,48,20,monte_carlo,10000,20261327,12,0.9999999477709517,1,0.9996159875222334,0.9999999999999999,1,0.9996159875222334,0.9999999999999999,4,48,1,0.9996159875222334,0.9999999999999999
4,12,48,21,monte_carlo,10000,20261327,12,0.9979085775826855,1,0.9996159875222334,0.9999999999999999,0.9924,0.99049858388637,0.9939232406255254,3.9924,48,1,0.9996159875222334,0.9999999999999999
4,12,48,22,monte_carlo,10000,20261327,12,0.9987453225303476,1,0.9996159875222334,0.9999999999999999,0.9955,0.9939843970706107,0.9966350465639228,3.9955,48,1,0.9996159875222334,0.9999999999999999
4,12,48,23,monte_carlo,10000,20261327,12,0.9979472404905841,1,0.9996159875222334,0.9999999999999999,0.9928,0.9909431870868972,0.994278330215016,3.9928,48,1,0.9996159875222334,0.9999999999999999
4,12,48,24,monte_carlo,10000,20261327,12,0.9988339623238108,1,0.9996159875222334,0.9999999999999999,0.9961,0.9946733274415094,0.9971456553780504,3.9961,48,1,0.9996159875222334,0.9999999999999999
4,12,48,25,monte_carlo,10000,20261327,12,0.9979395546123075,1,0.9996159875222334,0.9999999999999999,0.9921,0.9901659076997292,0.9936561472196529,3.9921,48,1,0.9996159875222334,0.9999999999999999
4,12,48,26,monte_carlo,10000,20261327,12,0.9988247392427444,1,0.9996159875222334,0.9999999999999999,0.9951,0.9935283587352335,0.996291392109282,3.9951,48,1,0.9996159875222334,0.9999999999999999
4,12,48,27,monte_carlo,10000,20261327,12,0.997924354403878,1,0.9996159875222334,0.9999999999999999,0.9932,0.9913890630143011,0.9946321470776299,3.9932,48,1,0.9996159875222334,0.9999999999999999
4,12,48,28,monte_carlo,10000,20261327,12,0.9986982981728927,1,0.9996159875222334,0.9999999999999999,0.9961,0.9946733274415094,0.9971456553780504,3.9961,48,1,0.9996159875222334,0.9999999999999999
4,12,48,29,monte_carlo,10000,20261327,12,0.9978175102408172,1,0.9996159875222334,0.9999999999999999,0.9929,0.9910545326555612,0.9943669078438565,3.9929,48,1,0.9996159875222334,0.9999999999999999
4,12,48,30,monte_carlo,10000,20261327,12,0.9998280797123216,1,0.9996159875222334,0.9999999999999999,0.9994,0.9986914580593471,0.9997249902778595,3.9994,48,1,0.9996159875222334,0.9999999999999999
4,12,48,31,monte_carlo,10000,20261327,12,0.9977066244051271,1,0.9996159875222334,0.9999999999999999,0.9916,0.9896128182362675,0.9932096206955924,3.9916,48,1,0.9996159875222334,0.9999999999999999
4,12,48,32,monte_carlo,10000,20261327,12,0.998312732547878,1,0.9996159875222334,0.9999999999999999,0.994,0.9922850970857762,0.9953354985861904,3.994,48,1,0.9996159875222334,0.9999999999999999
4,12,48,33,monte_carlo,10000,20261327,12,0.9966620258171691,1,0.9996159875222334,0.9999999999999999,0.9872,0.9848021522124131,0.989223666029251,3.987,48,1,0.9996159875222334,0.9999999999999999
4,12,48,34,monte_carlo,10000,20261327,12,0.996629221924074,1,0.9996159875222334,0.9999999999999999,0.9869,0.9844770406527583,0.9889490079963925,3.9868,48,1,0.9996159875222334,0.9999999999999999
4,12,48,35,monte_carlo,10000,20261327,12,0.9942208689128015,1,0.9996159875222334,0.9999999999999999,0.9777,0.9746172187052303,0.9804158957735115,3.9773,48,1,0.9996159875222334,0.9999999999999999
4,12,48,36,monte_carlo,10000,20261327,12,0.9923786233381765,1,0.9996159875222334,0.9999999999999999,0.9683,0.9646821958733204,0.9715581380400035,3.9682,48,1,0.9996159875222334,0.9999999999999999
4,12,48,37,monte_carlo,10000,20261327,12,0.9879219943026092,1,0.9996159875222334,0.9999999999999999,0.9537,0.9494042533251422,0.9576472937525323,3.9527,48,1,0.9996159875222334,0.9999999999999999
4,12,48,38,monte_carlo,10000,20261327,12,0.9830421081682605,1,0.9996159875222334,0.9999999999999999,0.9341,0.9290684756351676,0.9387981247316356,3.9332,48,1,0.9996159875222334,0.9999999999999999
4,12,48,39,monte_carlo,10000,20261327,12,0.9736756955337983,1,0.9996159875222334,0.9999999999999999,0.8981,0.8920169638794591,0.9038772853857431,3.8954,48,1,0.9996159875222334,0.9999999999999999
4,12,48,40,monte_carlo,10000,20261327,12,0.9707487038723652,1,0.9996159875222334,0.9999999999999999,0.8856,0.8792127546367254,0.8916910949404211,3.8851,48,1,0.9996159875222334,0.9999999999999999
4,12,48,41,monte_carlo,10000,20261327,12,0.9490280671335277,1,0.9996159875222334,0.9999999999999999,0.8056,0.7977267806579127,0.8132385109156763,3.798,48,1,0.9996159875222334,0.9999999999999999
4,12,48,42,monte_carlo,10000,20261327,12,0.9223795985367346,1,0.9996159875222334,0.9999999999999999,0.7117,0.7027417972470245,0.7204956118698891,3.6928,48,1,0.9996159875222334,0.9999999999999999
4,12,48,43,monte_carlo,10000,20261327,12,0.8808645739616472,0.9999,0.9994337165442557,0.999982347780473,0.5758,0.5660859773334973,0.5854558063748733,3.5225,48,1,0.9996159875222334,0.9999999999999999
4,12,48,44,monte_carlo,10000,20261327,12,0.8236967589895273,0.9999,0.9994337165442557,0.999982347780473,0.4278,0.41813225807155757,0.4375231933302319,3.3072,48,1,0.9996159875222334,0.9999999999999999
4,12,48,45,monte_carlo,10000,20261327,12,0.7518077879918271,0.9993,0.9985556471425939,0.9996608779971082,0.2711,0.2624763890191809,0.2798994118931406,3.015,48,1,0.9996159875222334,0.9999999999999999
4,12,48,46,monte_carlo,10000,20261327,12,0.6618310639686935,0.9972,0.9959561307603596,0.9980620072317493,0.135,0.12844220193926864,0.14183812716950095,2.6542,48,1,0.9996159875222334,0.9999999999999999
4,12,48,47,monte_carlo,10000,20261327,12,0.5558791570724122,0.9843,0.9816708837515171,0.986557161762518,0.0499,0.04580249241658047,0.054343195615904956,2.2278,48,1,0.9996159875222334,0.9999999999999999
4,12,48,48,monte_carlo,10000,20261327,12,0.44091584886334645,0.949,0.9445130043605195,0.953142152434446,0.0089,0.007238491488055167,0.01093868556760713,1.7691,48,1,0.9996159875222334,0.9999999999999999
4,12,48,49,monte_carlo,10000,20261327,12,0.3312473507061785,0.8732,0.8665344878229928,0.8795788852636022,0.0003,0.00010203035287762114,0.0008817517174022601,1.3338,48,1,0.9996159875222334,0.9999999999999999
4,12,48,50,monte_carlo,10000,20261327,12,0.2772484279404984,0.8625,0.8556109171309132,0.8691106738227061,0,0,0.00038401247776654115,1.1088,48,1,0.9996159875222334,0.9999999999999999
5,4,20,2,monte_carlo,10000,20261419,4,0.025712438821682518,0.1249,0.11856381867158207,0.13152426748923837,0,0,0.00038401247776654115,0.1273,20,0.5013,0.49150141573057765,0.5110975858369801
5,4,20,3,monte_carlo,10000,20261419,4,0.06461538461538462,0.3004,0.2914927813527005,0.30946051642842376,0,0,0.00038401247776654115,0.329,20,0.7688,0.760434359409122,0.7769591954828309
5,4,20,4,monte_carlo,10000,20261419,4,0.09292824822236587,0.4025,0.3929273422228378,0.41214754021032657,0,0,0.00038401247776654115,0.4632,20,0.9149,0.909270405891692,0.9202109405542575
5,4,20,5,monte_carlo,10000,20261419,4,0.13380367531628035,0.5238,0.5140038444642084,0.5335778765418498,0,0,0.00038401247776654115,0.6666,20,0.9624,0.9584904763263774,0.9659543889341841
5,4,20,6,monte_carlo,10000,20261419,4,0.16448425524055776,0.6113,0.6017048817664253,0.6208096370560238,0.0001,0.00001765221952685649,0.0005662834557441313,0.8224,20,0.9887,0.9864325433747543,0.9905921228294767
5,4,20,7,monte_carlo,10000,20261419,4,0.207354326345923,0.7031,0.6940683018329348,0.7119757122985964,0.0003,0.00010203035287762114,0.0008817517174022601,1.0357,20,0.9952,0.9936421476540959,0.9963775263879241
5,4,20,8,monte_carlo,10000,20261419,4,0.24093083387201034,0.7645,0.7560829114443406,0.7727139459549208,0.0004,0.0001555603210541602,0.0010281449467301677,1.1948,20,0.9989,0.9980311766068111,0.9993856557428735
5,4,20,9,monte_carlo,10000,20261419,4,0.2855628405208237,0.8279,0.8203760715166424,0.8351720931004383,0.0011,0.0006143442571264699,0.001968823393188985,1.4268,20,0.9993,0.9985556471425939,0.9996608779971082
5,4,20,10,monte_carlo,10000,20261419,4,0.32236771631729616,0.863,0.8561210477989234,0.869600159142218,0.0028,0.0019379927682506323,0.004043869239640415,1.6001,20,1,0.9996159875222334,0.9999999999999999
5,4,20,11,monte_carlo,10000,20261419,4,0.4798522485917444,0.9678,0.9641563564818327,0.9710843614439688,0.0213,0.01864850748986901,0.024319146056344675,2.4099,20,1,0.9996159875222334,0.9999999999999999
5,4,20,12,monte_carlo,10000,20261419,4,0.4745147289685105,0.9676,0.9639460830695227,0.9708947884612701,0.0149,0.012704849338175818,0.017467719567753278,2.3663,20,1,0.9996159875222334,0.9999999999999999
5,4,20,13,monte_carlo,10000,20261419,4,0.48042847908394126,0.9669,0.9632104008902532,0.9702310082580082,0.0198,0.01724818218711593,0.022720623396531057,2.3987,20,1,0.9996159875222334,0.9999999999999999
5,4,20,14,monte_carlo,10000,20261419,4,0.47057715393849847,0.9667,0.9630002832260631,0.9700412795271895,0.0197,0.01715496634189458,0.022613916044247954,2.3527,20,1,0.9996159875222334,0.9999999999999999
5,4,20,15,monte_carlo,10000,20261419,4,0.46982362175639486,0.961,0.9570251099044255,0.9646208305910736,0.0184,0.01594486062235013,0.0212250201962346,2.3449,20,1,0.9996159875222334,0.9999999999999999
5,4,20,16,monte_carlo,10000,20261419,4,0.4559534583063995,0.9575,0.9533673238649347,0.961281304717909,0.0185,0.01603782979128428,0.021331974224804897,2.2865,20,1,0.9996159875222334,0.9999999999999999
5,4,20,17,monte_carlo,10000,20261419,4,0.4504940437713547,0.9538,0.9495084431729554,0.9577430271022237,0.0141,0.011968608301383373,0.016604575024510147,2.243,20,1,0.9996159875222334,0.9999999999999999
5,4,20,18,monte_carlo,10000,20261419,4,0.4300674115800166,0.9501,0.9456568043840949,0.9541975075834195,0.0115,0.009589841805431688,0.013785338385346221,2.1505,20,1,0.9996159875222334,0.9999999999999999
5,4,20,19,monte_carlo,10000,20261419,4,0.4183285621941084,0.9381,0.9332065879853882,0.9426569402815926,0.0107,0.008862984141581608,0.012912810469160728,2.0928,20,1,0.9996159875222334,0.9999999999999999
5,4,20,20,monte_carlo,10000,20261419,4,0.5854981992797119,0.9911,0.9890613144323928,0.9927615085119448,0.0534,0.049162345412768274,0.05798065453237279,2.9152,20,1,0.9996159875222334,0.9999999999999999
5,4,20,21,monte_carlo,10000,20261419,4,0.3004561824729892,0.8367,0.8293260127478981,0.8438153932495738,0.0018,0.0011389185739970834,0.002843711458849498,1.522,20,1,0.9996159875222334,0.9999999999999999
5,4,20,22,monte_carlo,10000,20261419,4,0.27379813463847075,0.7977,0.7897127530017782,0.8054586059689595,0.0009,0.00047357165665044376,0.0017097495986561175,1.3606,20,1,0.9996159875222334,0.9999999999999999
5,4,20,23,monte_carlo,10000,20261419,4,0.25470865269184595,0.7731,0.7647870155034789,0.7812032368811649,0.0008,0.0004054288421193391,0.0015779692156827755,1.2792,20,1,0.9996159875222334,0.9999999999999999
5,4,20,24,monte_carlo,10000,20261419,4,0.22843106473358574,0.734,0.7252507989091992,0.742569483251206,0.0006,0.0002750097221404114,0.0013085419406528096,1.1482,20,1,0.9996159875222334,0.9999999999999999
5,4,20,25,monte_carlo,10000,20261419,4,0.20983655000461723,0.6967,0.6876160775159137,0.705632851975333,0.0005,0.00021358527533545964,0.001170043189953315,1.0497,20,1,0.9996159875222334,0.9999999999999999
5,4,20,26,monte_carlo,10000,20261419,4,0.18403915412318775,0.647,0.6375782855996516,0.6563088147318851,0.0005,0.00021358527533545964,0.001170043189953315,0.9262,20,1,0.9996159875222334,0.9999999999999999
5,4,20,27,monte_carlo,10000,20261419,4,0.1665490811709299,0.6043,0.5946772940171345,0.6138426009800033,0.0002,0.000054847779209068104,0.0007290110935663664,0.8309,20,1,0.9996159875222334,0.9999999999999999
5,4,20,28,monte_carlo,10000,20261419,4,0.1419336965555453,0.5439,0.5341228482628146,0.5536434354416375,0,0,0.00038401247776654115,0.7151,20,1,0.9996159875222334,0.9999999999999999
5,4,20,29,monte_carlo,10000,20261419,4,0.12564779758057068,0.5016,0.49180131756908546,0.5113974535909858,0,0,0.00038401247776654115,0.6317,20,1,0.9996159875222334,0.9999999999999999
5,4,20,30,monte_carlo,10000,20261419,4,0.13547326622956876,0.534,0.5242114961953261,0.5437623909561857,0,0,0.00038401247776654115,0.6726,20,1,0.9996159875222334,0.9999999999999999
5,4,20,31,monte_carlo,10000,20261419,4,0.05401791485825099,0.2471,0.23874420461792273,0.25565002889333155,0,0,0.00038401247776654115,0.2722,20,1,0.9996159875222334,0.9999999999999999
5,4,20,32,monte_carlo,10000,20261419,4,0.04493489703573737,0.2058,0.19798970660501897,0.2138362463368989,0,0,0.00038401247776654115,0.2256,20,1,0.9996159875222334,0.9999999999999999
5,4,20,33,monte_carlo,10000,20261419,4,0.03806076276664512,0.1775,0.17013526879121801,0.18511241925694136,0,0,0.00038401247776654115,0.192,20,1,0.9996159875222334,0.9999999999999999
5,4,20,34,monte_carlo,10000,20261419,4,0.03074706805799243,0.1502,0.14333194359951013,0.15733671152993534,0,0,0.00038401247776654115,0.1579,20,1,0.9996159875222334,0.9999999999999999
5,4,20,35,monte_carlo,10000,20261419,4,0.025354141656662665,0.1196,0.11338555515263468,0.1261066015404501,0,0,0.00038401247776654115,0.1251,20,1,0.9996159875222334,0.9999999999999999
5,4,20,36,monte_carlo,10000,20261419,4,0.019447779111644657,0.0973,0.09164492834734982,0.10326435530224333,0,0,0.00038401247776654115,0.1006,20,1,0.9996159875222334,0.9999999999999999
5,4,20,37,monte_carlo,10000,20261419,4,0.015602548711792409,0.0756,0.07058000908622224,0.08094594070490597,0,0,0.00038401247776654115,0.077,20,1,0.9996159875222334,0.9999999999999999
5,4,20,38,monte_carlo,10000,20261419,4,0.010933604210915136,0.0532,0.04897020710962691,0.05777294644050524,0,0,0.00038401247776654115,0.0541,20,1,0.9996159875222334,0.9999999999999999
5,4,20,39,monte_carlo,10000,20261419,4,0.008274078862314157,0.0427,0.03890975399472495,0.046841463817440324,0,0,0.00038401247776654115,0.0431,20,1,0.9996159875222334,0.9999999999999999
5,4,20,40,monte_carlo,10000,20261419,4,0.0067226890756302525,0.0343,0.030907865139522712,0.038049804082269024,0,0,0.00038401247776654115,0.0344,20,0.9999,0.9994337165442557,0.999982347780473
5,4,20,41,monte_carlo,10000,20261419,4,0,0,0,0.00038401247776654115,0,0,0.00038401247776654115,0,20,0.9999,0.9994337165442557,0.999982347780473
5,4,20,42,monte_carlo,10000,20261419,4,0,0,0,0.00038401247776654115,0,0,0.00038401247776654115,0,20,0.9997,0.9991182482825978,0.9998979696471224
5,4,20,43,monte_carlo,10000,20261419,4,0,0,0,0.00038401247776654115,0,0,0.00038401247776654115,0,20,0.9996,0.9989718550532698,0.9998444396789459
5,4,20,44,monte_carlo,10000,20261419,4,0,0,0,0.00038401247776654115,0,0,0.00038401247776654115,0,20,0.9987,0.9977768905034915,0.9992400954511841
5,4,20,45,monte_carlo,10000,20261419,4,0,0,0,0.00038401247776654115,0,0,0.00038401247776654115,0,20,0.9969,0.9956032190146442,0.9978151493849514
5,4,20,46,monte_carlo,10000,20261419,4,0,0,0,0.00038401247776654115,0,0,0.00038401247776654115,0,20,0.9882,0.9858881371552632,0.9901369130614455
5,4,20,47,monte_carlo,10000,20261419,4,0,0,0,0.00038401247776654115,0,0,0.00038401247776654115,0,20,0.9659,0.9621601475261009,0.9692820296471162
5,4,20,48,monte_carlo,10000,20261419,4,0,0,0,0.00038401247776654115,0,0,0.00038401247776654115,0,20,0.9219,0.9164772535343857,0.926998716736875
5,4,20,49,monte_carlo,10000,20261419,4,0,0,0,0.00038401247776654115,0,0,0.00038401247776654115,0,20,0.8255,0.8179364203747603,0.8328135875022136
5,4,20,50,monte_carlo,10000,20261419,4,0,0,0,0.00038401247776654115,0,0,0.00038401247776654115,0,20,0.8457,0.8384871344952549,0.8526473592776174
5,5,25,2,monte_carlo,10000,20261420,5,0.04168436605411395,0.2075,0.19966492983208456,0.21555971746740882,0,0,0.00038401247776654115,0.2116,25,0.6688,0.6595120835110669,0.677958273876439
5,5,25,3,monte_carlo,10000,20261420,5,0.1016514298026903,0.4501,0.44036994216549497,0.459868382279786,0,0,0.00038401247776654115,0.5152,25,0.9003,0.8942732435085223,0.9060193161017778
5,5,25,4,monte_carlo,10000,20261420,5,0.14771600948071537,0.5772,0.5674896855931039,0.5868510228803291,0,0,0.00038401247776654115,0.7369,25,0.978,0.974936145870663,0.9806967382005921
5,5,25,5,monte_carlo,10000,20261420,5,0.20955920829870409,0.7248,0.7159612751411785,0.7334660728488177,0.0001,0.00001765221952685649,0.0005662834557441313,1.0466,25,0.9938,0.9920605121606315,0.9951602371163263
5,5,25,6,monte_carlo,10000,20261420,5,0.25793086465355375,0.8069,0.7990460111412098,0.8145182819999369,0.0003,0.00010203035287762114,0.0008817517174022601,1.3032,25,0.9991,0.9982902504013439,0.9995264283433495
5,5,25,7,monte_carlo,10000,20261420,5,0.3213316095669037,0.8803,0.8737911418181286,0.8865167782912822,0.0014,0.0008341542630379929,0.0023487829797908017,1.61,25,0.9995,0.9988299568100467,0.9997864147246645
5,5,25,8,monte_carlo,10000,20261420,5,0.37344322344322345,0.9215,0.9160651132636447,0.9266111642175979,0.004,0.0029389972151094013,0.005441943162835007,1.8591,25,1,0.9996159875222334,0.9999999999999999
5,5,25,9,monte_carlo,10000,20261420,5,0.4357712315695509,0.9555,0.951280492009862,0.9593696726228927,0.0113,0.009407877170523231,0.013567456625245786,2.1772,25,1,0.9996159875222334,0.9999999999999999
5,5,25,10,monte_carlo,10000,20261420,5,0.4907563025210084,0.9757,0.9724943932867947,0.9785402572418582,0.0213,0.01864850748986901,0.024319146056344675,2.4446,25,1,0.9996159875222334,0.9999999999999999
5,5,25,11,monte_carlo,10000,20261420,5,0.6486840890202235,0.9977,0.9965508971999048,0.9984668567797265,0.0977,0.09203414671573978,0.10367482972387115,3.255,25,1,0.9996159875222334,0.9999999999999999
5,5,25,12,monte_carlo,10000,20261420,5,0.654440237633515,0.9973,0.9960743791787603,0.9981436820108529,0.1037,0.09787592253617977,0.10982844575369796,3.2812,25,1,0.9996159875222334,0.9999999999999999
5,5,25,13,monte_carlo,10000,20261420,5,0.6679333271770247,0.9983,0.9972789915054465,0.9989383016592113,0.1155,0.1093824776146613,0.12191282798074116,3.3448,25,1,0.9996159875222334,0.9999999999999999
5,5,25,14,monte_carlo,10000,20261420,5,0.6722058053990827,0.9984,0.9974023404086676,0.9990148759534945,0.1155,0.1093824776146613,0.12191282798074116,3.3599,25,1,0.9996159875222334,0.9999999999999999
5,5,25,15,monte_carlo,10000,20261420,5,0.6768399667559332,0.9988,0.9979035066029937,0.9993134025491864,0.1179,0.11172544409325821,0.12436801824225097,3.3787,25,1,0.9996159875222334,0.9999999999999999
5,5,25,16,monte_carlo,10000,20261420,5,0.6793686705451412,0.9988,0.9979035066029937,0.9993134025491864,0.1252,0.1188570436861974,0.1318308120671364,3.42,25,1,0.9996159875222334,0.9999999999999999
5,5,25,17,monte_carlo,10000,20261420,5,0.679694954905039,0.9982,0.9971562885411505,0.9988610814260028,0.1277,0.12130105448797006,0.13438488120297493,3.4186,25,1,0.9996159875222334,0.9999999999999999
5,5,25,18,monte_carlo,10000,20261420,5,0.6740665496968018,0.9978,0.9966710158356369,0.9985466613414986,0.1176,0.11143252686440526,0.12406116587859055,3.3697,25,1,0.9996159875222334,0.9999999999999999
5,5,25,19,monte_carlo,10000,20261420,5,0.6657155169760212,0.9983,0.9972789915054465,0.9989383016592113,0.1145,0.10840649501228977,0.1208895786080682,3.3405,25,1,0.9996159875222334,0.9999999999999999
5,5,25,20,monte_carlo,10000,20261420,5,0.8771400868039524,0.9999,0.9994337165442557,0.999982347780473,0.506,0.49620028298593377,0.5157951088643331,4.3776,25,1,0.9996159875222334,0.9999999999999999
5,5,25,21,monte_carlo,10000,20261420,5,0.6033013205282113,0.989,0.986759674631273,0.9908647611654713,0.0818,0.07658765334588342,0.08733353469052048,3.0306,25,1,0.9996159875222334,0.9999999999999999
5,5,25,22,monte_carlo,10000,20261420,5,0.5805768461230646,0.9873,0.9849105904325444,0.9893151510066243,0.0663,0.06158804591867624,0.07134504650453845,2.9195,25,1,0.9996159875222334,0.9999999999999999
5,5,25,23,monte_carlo,10000,20261420,5,0.5608889709730046,0.9834,0.9807037414036713,0.9857249953328241,0.0582,0.05377862554517476,0.06296068788017974,2.82,25,1,0.9996159875222334,0.9999999999999999
5,5,25,24,monte_carlo,10000,20261420,5,0.5314202604118571,0.9805,0.9775995531647055,0.9830314108441609,0.0415,0.03776376184920451,0.045588377592907396,2.6585,25,1,0.9996159875222334,0.9999999999999999
5,5,25,25,monte_carlo,10000,20261420,5,0.5066657432203651,0.9729,0.9695312867701443,0.975905514228384,0.0294,0.026265493776934535,0.032895938767139324,2.521,25,1,0.9996159875222334,0.9999999999999999
5,5,25,26,monte_carlo,10000,20261420,5,0.47395265798627145,0.967,0.9633154724835762,0.9703258598621898,0.0232,0.020427437633441816,0.026338756665356355,2.3963,25,1,0.9996159875222334,0.9999999999999999
5,5,25,27,monte_carlo,10000,20261420,5,0.44480099732200573,0.9542,0.9499252555273134,0.9581259075378834,0.0154,0.013165896141235972,0.01800628875221536,2.2398,25,1,0.9996159875222334,0.9999999999999999
5,5,25,28,monte_carlo,10000,20261420,5,0.40898513251454427,0.9327,0.9276213694035487,0.9374463061981921,0.0087,0.007059065029989481,0.01071826563066392,2.0434,25,1,0.9996159875222334,0.9999999999999999
5,5,25,29,monte_carlo,10000,20261420,5,0.378012743558962,0.9188,0.9132842045698019,0.9239941465788207,0.0058,0.004489655555780853,0.0074899023772435945,1.8865,25,1,0.9996159875222334,0.9999999999999999
5,5,25,30,monte_carlo,10000,20261420,5,0.40494659402222427,0.9385,0.933620698599507,0.9430425224574916,0.0058,0.004489655555780853,0.0074899023772435945,2.0104,25,1,0.9996159875222334,0.9999999999999999
5,5,25,31,monte_carlo,10000,20261420,5,0.2582663834764675,0.785,0.7768392407856951,0.792941872101978,0.0012,0.0006865974508135608,0.0020964933970063406,1.3171,25,1,0.9996159875222334,0.9999999999999999
5,5,25,32,monte_carlo,10000,20261420,5,0.22681841967556254,0.7333,0.7245438204260253,0.7418769993518488,0.0001,0.00001765221952685649,0.0005662834557441313,1.1406,25,1,0.9996159875222334,0.9999999999999999
5,5,25,33,monte_carlo,10000,20261420,5,0.20121125373226215,0.6859,0.6767326128818377,0.6949246112789286,0.0004,0.0001555603210541602,0.0010281449467301677,1.0005,25,1,0.9996159875222334,0.9999999999999999
5,5,25,34,monte_carlo,10000,20261420,5,0.17321544002216271,0.6188,0.6092367397140377,0.628272018921245,0.0001,0.00001765221952685649,0.0005662834557441313,0.8448,25,1,0.9996159875222334,0.9999999999999999
5,5,25,35,monte_carlo,10000,20261420,5,0.15106658047834517,0.565,0.5552600358556898,0.5746900425222004,0,0,0.00038401247776654115,0.7548,25,1,0.9996159875222334,0.9999999999999999
5,5,25,36,monte_carlo,10000,20261420,5,0.12641056422569028,0.5016,0.49180131756908546,0.5113974535909858,0,0,0.00038401247776654115,0.631,25,1,0.9996159875222334,0.9999999999999999
5,5,25,37,monte_carlo,10000,20261420,5,0.10805399082710007,0.4471,0.43737716755313716,0.45686346096701047,0,0,0.00038401247776654115,0.5454,25,1,0.9996159875222334,0.9999999999999999
5,5,25,38,monte_carlo,10000,20261420,5,0.0869701726844584,0.3741,0.36466580805593163,0.38363088628596986,0,0,0.00038401247776654115,0.4311,25,1,0.9996159875222334,0.9999999999999999
5,5,25,39,monte_carlo,10000,20261420,5,0.07214270323514022,0.3147,0.30567045996548825,0.3238718550587719,0,0,0.00038401247776654115,0.3554,25,1,0.9996159875222334,0.9999999999999999
5,5,25,40,monte_carlo,10000,20261420,5,0.06250038476929233,0.2852,0.27643421168183374,0.29413076007861466,0,0,0.00038401247776654115,0.3123,25,1,0.9996159875222334,0.9999999999999999
5,5,25,41,monte_carlo,10000,20261420,5,0.031618801366700526,0.1552,0.14823546841681404,0.16242934658785377,0,0,0.00038401247776654115,0.1632,25,1,0.9996159875222334,0.9999999999999999
5,5,25,42,monte_carlo,10000,20261420,5,0.025214701265121434,0.1253,0.11895478805972017,0.1319329908911181,0,0,0.00038401247776654115,0.131,25,1,0.9996159875222334,0.9999999999999999
5,5,25,43,monte_carlo,10000,20261420,5,0.020221934927817282,0.0923,0.08678229103881563,0.09813083273555517,0,0,0.00038401247776654115,0.0952,25,1,0.9996159875222334,0.9999999999999999
5,5,25,44,monte_carlo,10000,20261420,5,0.015558531104749591,0.0728,0.06787015023586752,0.0780579500251362,0,0,0.00038401247776654115,0.0746,25,1,0.9996159875222334,0.9999999999999999
5,5,25,45,monte_carlo,10000,20261420,5,0.012010958229445624,0.0602,0.05570472767308456,0.06503304970235887,0,0,0.00038401247776654115,0.0612,25,0.9998,0.9992709889064336,0.9999451522207908
5,5,25,46,monte_carlo,10000,20261420,5,0.008655770000307815,0.046,0.042065522054552065,0.05028316127525995,0,0,0.00038401247776654115,0.0463,25,0.9993,0.9985556471425939,0.9996608779971082
5,5,25,47,monte_carlo,10000,20261420,5,0.006433342567796349,0.03,0.026832749577100377,0.033528222152000166,0,0,0.00038401247776654115,0.0302,25,0.9958,0.9943280731304939,0.9968911400965529
5,5,25,48,monte_carlo,10000,20261420,5,0.004093945270415859,0.0194,0.01687542808753431,0.022293684706094885,0,0,0.00038401247776654115,0.0195,25,0.9813,0.9784541771680915,0.9837761724208103
5,5,25,49,monte_carlo,10000,20261420,5,0.0028011204481792717,0.0128,0.010776333970748876,0.015197847787586843,0,0,0.00038401247776654115,0.0128,25,0.9367,0.9317576377011736,0.9413069658007449
5,5,25,50,monte_carlo,10000,20261420,5,0.0016806722689075631,0.0097,0.007958452528822995,0.011818110106874875,0,0,0.00038401247776654115,0.0097,25,0.9747,0.971435024886802,0.9776003936668063
5,6,30,2,monte_carlo,10000,20261421,6,0.06079970449718349,0.2978,0.28891612625585755,0.3068391683901512,0,0,0.00038401247776654115,0.3057,30,0.8074,0.799553443243067,0.8150104658856022
5,6,30,3,monte_carlo,10000,20261421,6,0.14384493568294748,0.5948,0.5851431325709471,0.6043840586632683,0,0,0.00038401247776654115,0.732,30,0.9632,0.9593284479181304,0.9667158029224664
5,6,30,4,monte_carlo,10000,20261421,6,0.20990248800011002,0.7367,0.7279779770530818,0.7452402314399437,0,0,0.00038401247776654115,1.0492,30,0.9961,0.9946733274415094,0.9971456553780504
5,6,30,5,monte_carlo,10000,20261421,6,0.29227586288197765,0.8685,0.8617345027439692,0.874982480059917,0.0005,0.00021358527533545964,0.001170043189953315,1.4766,30,0.9992,0.9984220307843171,0.9995945711578805
5,6,30,6,monte_carlo,10000,20261421,6,0.3578801405996114,0.9226,0.9171985966319105,0.927676836021881,0.0017,0.0010616983407886484,0.0027210084945534863,1.8069,30,0.9999,0.9994337165442557,0.999982347780473
5,6,30,7,monte_carlo,10000,20261421,6,0.4383903152095535,0.963,0.9591189117069313,0.9665254927386567,0.008,0.006433024365622296,0.00994484391249998,2.1919,30,0.9999,0.9994337165442557,0.999982347780473
5,6,30,8,monte_carlo,10000,20261421,6,0.5053174788737099,0.9826,0.9798456487903832,0.9849837023660765,0.0216,0.01892902163894225,0.024638401499784773,2.5355,30,1,0.9996159875222334,0.9999999999999999
5,6,30,9,monte_carlo,10000,20261421,6,0.5774150576760982,0.9921,0.9901659076997292,0.9936561472196529,0.0466,0.04263993781431584,0.050908284700522846,2.9021,30,1,0.9996159875222334,0.9999999999999999
5,6,30,10,monte_carlo,10000,20261421,6,0.6420841004159438,0.9975,0.9963118932274996,0.9983060143571229,0.0911,0.08561599507787605,0.0968980503264414,3.2113,30,1,0.9996159875222334,0.9999999999999999
5,6,30,11,monte_carlo,10000,20261421,6,0.7712622528553156,1,0.9996159875222334,0.9999999999999999,0.2444,0.23607647346363714,0.2529198337149971,3.8628,30,1,0.9996159875222334,0.9999999999999999
5,6,30,12,monte_carlo,10000,20261421,6,0.782078068543293,0.9999,0.9994337165442557,0.999982347780473,0.2604,0.25189165268754676,0.269092366091799,3.9103,30,1,0.9996159875222334,0.9999999999999999
5,6,30,13,monte_carlo,10000,20261421,6,0.7944039154123188,0.9996,0.9989718550532698,0.9998444396789459,0.2976,0.2887179363222017,0.306637511928798,3.9803,30,1,0.9996159875222334,0.9999999999999999
5,6,30,14,monte_carlo,10000,20261421,6,0.8036914274711521,0.9999,0.9994337165442557,0.999982347780473,0.3014,0.29248389416810494,0.3104686355880638,4.0132,30,1,0.9996159875222334,0.9999999999999999
5,6,30,15,monte_carlo,10000,20261421,6,0.8093122682788336,1,0.9996159875222334,0.9999999999999999,0.318,0.3089436657077471,0.3271961148341598,4.0481,30,1,0.9996159875222334,0.9999999999999999
5,6,30,16,monte_carlo,10000,20261421,6,0.8174943954668611,0.9999,0.9994337165442557,0.999982347780473,0.3402,0.3309769305242476,0.34954579986364653,4.0962,30,1,0.9996159875222334,0.9999999999999999
5,6,30,17,monte_carlo,10000,20261421,6,0.82046818727491,0.9999,0.9994337165442557,0.999982347780473,0.3439,0.33465137839602777,0.3532685102995309,4.0973,30,1,0.9996159875222334,0.9999999999999999
5,6,30,18,monte_carlo,10000,20261421,6,0.8244504020920971,1,0.9996159875222334,0.9999999999999999,0.3568,0.34746715316948734,0.3662428280041449,4.1227,30,1,0.9996159875222334,0.9999999999999999
5,6,30,19,monte_carlo,10000,20261421,6,0.8210005442438841,1,0.9996159875222334,0.9999999999999999,0.3502,0.3409093074201393,0.3596057427181995,4.1136,30,1,0.9996159875222334,0.9999999999999999
5,6,30,20,monte_carlo,10000,20261421,6,0.9826152392217116,1,0.9996159875222334,0.9999999999999999,0.9171,0.9115341648694244,0.9223454919216227,4.9155,30,1,0.9996159875222334,0.9999999999999999
5,6,30,21,monte_carlo,10000,20261421,6,0.8080990170208836,0.9999,0.9994337165442557,0.999982347780473,0.325,0.31588857192395076,0.3342458324432675,4.0423,30,1,0.9996159875222334,0.9999999999999999
5,6,30,22,monte_carlo,10000,20261421,6,0.8039014623852815,0.9997,0.9991182482825978,0.9998979696471224,0.3127,0.30368695775352283,0.3218568933206484,4.0109,30,1,0.9996159875222334,0.9999999999999999
5,6,30,23,monte_carlo,10000,20261421,6,0.7960344858074162,1,0.9996159875222334,0.9999999999999999,0.3072,0.2982333434605078,0.31631473175091884,3.9786,30,1,0.9996159875222334,0.9999999999999999
5,6,30,24,monte_carlo,10000,20261421,6,0.78768564709026,0.9999,0.9994337165442557,0.999982347780473,0.2841,0.2753449168613289,0.29302089972657064,3.9328,30,1,0.9996159875222334,0.9999999999999999
5,6,30,25,monte_carlo,10000,20261421,6,0.7695247984627567,0.9994,0.9986914580593471,0.9997249902778595,0.2593,0.2508038738335225,0.26798098977327417,3.8524,30,1,0.9996159875222334,0.9999999999999999
5,6,30,26,monte_carlo,10000,20261421,6,0.7594312356693905,0.9998,0.9992709889064336,0.9999451522207908,0.2442,0.23587888157935533,0.25271757920427,3.8078,30,1,0.9996159875222334,0.9999999999999999
5,6,30,27,monte_carlo,10000,20261421,6,0.7355249792224582,0.9994,0.9986914580593471,0.9997249902778595,0.208,0.20015768301127534,0.21606658027574027,3.6784,30,1,0.9996159875222334,0.9999999999999999
5,6,30,28,monte_carlo,10000,20261421,6,0.7144194175215094,0.9984,0.9974023404086676,0.9990148759534945,0.1783,0.1709217645107742,0.18592530911742075,3.5785,30,1,0.9996159875222334,0.9999999999999999
5,6,30,29,monte_carlo,10000,20261421,6,0.6837666981686291,0.9989,0.9980311766068111,0.9993856557428735,0.1424,0.13568784685718283,0.1493867988669158,3.4329,30,1,0.9996159875222334,0.9999999999999999
5,6,30,30,monte_carlo,10000,20261421,6,0.7536184359177386,0.9997,0.9991182482825978,0.9998979696471224,0.218,0.2100165279153642,0.2262000551220961,3.7736,30,1,0.9996159875222334,0.9999999999999999
5,6,30,31,monte_carlo,10000,20261421,6,0.5817586936574958,0.9884,0.9861057808757553,0.9903191157359622,0.0641,0.05946474746743869,0.06907003461067816,2.9094,30,1,0.9996159875222334,0.9999999999999999
5,6,30,32,monte_carlo,10000,20261421,6,0.5401919196483831,0.9808,0.9779198952961843,0.9833108383051954,0.0385,0.034902743589188975,0.042451699927789535,2.6881,30,1,0.9996159875222334,0.9999999999999999
5,6,30,33,monte_carlo,10000,20261421,6,0.4984087251922045,0.9733,0.9699540078558101,0.976282485932736,0.0265,0.023529097757559167,0.029834562058885745,2.4962,30,1,0.9996159875222334,0.9999999999999999
5,6,30,34,monte_carlo,10000,20261421,6,0.45139833347414254,0.956,0.9518019853562207,0.9598477952640561,0.0137,0.011601188565830743,0.016172301970044992,2.2369,30,1,0.9996159875222334,0.9999999999999999
5,6,30,35,monte_carlo,10000,20261421,6,0.4084525790676336,0.9426,0.9378686793704429,0.9469913927842379,0.0083,0.006700942671085995,0.010276695199549622,2.0542,30,1,0.9996159875222334,0.9999999999999999
5,6,30,36,monte_carlo,10000,20261421,6,0.36202238669608594,0.9113,0.9055684067680502,0.9167157045677391,0.0034,0.0024341670009014214,0.004747234192016306,1.8074,30,1,0.9996159875222334,0.9999999999999999
5,6,30,37,monte_carlo,10000,20261421,6,0.318672968369017,0.8698,0.8630618724217302,0.8762541119497137,0.0009,0.00047357165665044376,0.0017097495986561175,1.5731,30,1,0.9996159875222334,0.9999999999999999
5,6,30,38,monte_carlo,10000,20261421,6,0.27491634951853083,0.8247,0.8171233183506142,0.8320273039463241,0.0006,0.0002750097221404114,0.0013085419406528096,1.3734,30,1,0.9996159875222334,0.9999999999999999
5,6,30,39,monte_carlo,10000,20261421,6,0.23528311488261425,0.765,0.7565888324451289,0.7732076409416548,0.0003,0.00010203035287762114,0.0008817517174022601,1.175,30,1,0.9996159875222334,0.9999999999999999
5,6,30,40,monte_carlo,10000,20261421,6,0.2133721901199105,0.7353,0.7265638327850558,0.7438554509429073,0,0,0.00038401247776654115,1.0668,30,1,0.9996159875222334,0.9999999999999999
5,6,30,41,monte_carlo,10000,20261421,6,0.13838068779066454,0.5361,0.5263135805383528,0.5458586937607526,0,0,0.00038401247776654115,0.6874,30,1,0.9996159875222334,0.9999999999999999
5,6,30,42,monte_carlo,10000,20261421,6,0.11083890184551726,0.446,0.43627990667496924,0.4557615666726294,0,0,0.00038401247776654115,0.5387,30,1,0.9996159875222334,0.9999999999999999
5,6,30,43,monte_carlo,10000,20261421,6,0.08900548762876673,0.3836,0.3741156829570241,0.3931737151477999,0,0,0.00038401247776654115,0.4461,30,1,0.9996159875222334,0.9999999999999999
5,6,30,44,monte_carlo,10000,20261421,6,0.0687420303637003,0.3018,0.29288035349287106,0.3108718690533156,0,0,0.00038401247776654115,0.3365,30,1,0.9996159875222334,0.9999999999999999
5,6,30,45,monte_carlo,10000,20261421,6,0.053308786689798666,0.2475,0.23913946199730396,0.2560544643039681,0,0,0.00038401247776654115,0.2681,30,1,0.9996159875222334,0.9999999999999999
5,6,30,46,monte_carlo,10000,20261421,6,0.038797712210907276,0.1792,0.171806638959039,0.186839743446696,0,0,0.00038401247776654115,0.1889,30,1,0.9996159875222334,0.9999999999999999
5,6,30,47,monte_carlo,10000,20261421,6,0.0287816599634944,0.1387,0.13206421291417791,0.1456132745022562,0,0,0.00038401247776654115,0.1436,30,0.9994,0.9986914580593471,0.9997249902778595
5,6,30,48,monte_carlo,10000,20261421,6,0.018765214760208503,0.0893,0.08386710713440834,0.09504832071482908,0,0,0.00038401247776654115,0.0905,30,0.9957,0.9942133470999059,0.9968059429296363
5,6,30,49,monte_carlo,10000,20261421,6,0.012837475415698194,0.065,0.06033317922041021,0.07000091163524667,0,0,0.00038401247776654115,0.0655,30,0.9751,0.9718586171217708,0.9779764942218553
5,6,30,50,monte_carlo,10000,20261421,6,0.008117289468979081,0.0406,0.03690484741231658,0.044647983252255295,0,0,0.00038401247776654115,0.0408,30,0.9978,0.9966710158356369,0.9985466613414986
5,7,35,2,monte_carlo,10000,20261422,7,0.08274078862314156,0.3959,0.3863564874384451,0.40552346395942573,0,0,0.00038401247776654115,0.4127,35,0.8969,0.890786627992624,0.902708542902525
5,7,35,3,monte_carlo,10000,20261422,7,0.1898816425452982,0.7077,0.6987071347882736,0.7165333464284622,0,0,0.00038401247776654115,0.9411,35,0.9885,0.9862146616146538,0.9904101581945682
5,7,35,4,monte_carlo,10000,20261422,7,0.27680718911061186,0.8539,0.8468412470266684,0.8606869489415683,0,0,0.00038401247776654115,1.3792,35,0.9996,0.9989718550532698,0.9998444396789459
5,7,35,5,monte_carlo,10000,20261422,7,0.37734668335419275,0.9393,0.9344490895433285,0.9438135170937058,0.001,0.0005432800768105723,0.0018399643760004356,1.8754,35,1,0.9996159875222334,0.9999999999999999
5,7,35,6,monte_carlo,10000,20261422,7,0.4575877515312679,0.9733,0.9699540078558101,0.976282485932736,0.0082,0.006611570524524473,0.010166144148606698,2.2796,35,1,0.9996159875222334,0.9999999999999999
5,7,35,7,monte_carlo,10000,20261422,7,0.5493523617374083,0.99,0.987852974519736,0.9917706932520527,0.0305,0.027305733318065892,0.034054854398556884,2.7364,35,1,0.9996159875222334,0.9999999999999999
5,7,35,8,monte_carlo,10000,20261422,7,0.6246667627415301,0.9969,0.9956032190146442,0.9978151493849514,0.0711,0.0662259381711578,0.07630346773227031,3.1362,35,1,0.9996159875222334,0.9999999999999999
5,7,35,9,monte_carlo,10000,20261422,7,0.6977071793635977,0.9988,0.9979035066029937,0.9993134025491864,0.134,0.1274635658748386,0.14081753125888652,3.4938,35,1,0.9996159875222334,0.9999999999999999
5,7,35,10,monte_carlo,10000,20261422,7,0.7623005524703299,0.9998,0.9992709889064336,0.9999451522207908,0.2286,0.22047449403298638,0.2369339479399453,3.8112,35,1,0.9996159875222334,0.9999999999999999
5,7,35,11,monte_carlo,10000,20261422,7,0.857283889859936,1,0.9996159875222334,0.9999999999999999,0.4347,0.42501084498595004,0.44443930704364615,4.2843,35,1,0.9996159875222334,0.9999999999999999
5,7,35,12,monte_carlo,10000,20261422,7,0.8693605001952392,1,0.9996159875222334,0.9999999999999999,0.4689,0.4591327893807741,0.47869109619534284,4.3424,35,1,0.9996159875222334,0.9999999999999999
5,7,35,13,monte_carlo,10000,20261422,7,0.8784443586016204,1,0.9996159875222334,0.9999999999999999,0.4925,0.4827058638623677,0.5022998963247987,4.382,35,1,0.9996159875222334,0.9999999999999999
5,7,35,14,monte_carlo,10000,20261422,7,0.8884044915197987,1,0.9996159875222334,0.9999999999999999,0.5243,0.5145041241122493,0.5340772128813313,4.4325,35,1,0.9996159875222334,0.9999999999999999
5,7,35,15,monte_carlo,10000,20261422,7,0.8922677773877643,1,0.9996159875222334,0.9999999999999999,0.5419,0.532120242421374,0.5516475773329892,4.4531,35,1,0.9996159875222334,0.9999999999999999
5,7,35,16,monte_carlo,10000,20261422,7,0.9012101844936367,1,0.9996159875222334,0.9999999999999999,0.5655,0.5557611330334677,0.5751885613319447,4.4936,35,1,0.9996159875222334,0.9999999999999999
5,7,35,17,monte_carlo,10000,20261422,7,0.90223897286802,1,0.9996159875222334,0.9999999999999999,0.5763,0.5665872925788672,0.5859541071170257,4.5106,35,1,0.9996159875222334,0.9999999999999999
5,7,35,18,monte_carlo,10000,20261422,7,0.9085647850544188,1,0.9996159875222334,0.9999999999999999,0.5994,0.5897592047824963,0.6089644535369237,4.5415,35,1,0.9996159875222334,0.9999999999999999
5,7,35,19,monte_carlo,10000,20261422,7,0.9052895790067255,1,0.9996159875222334,0.9999999999999999,0.586,0.5763148221198163,0.5956191277340078,4.5194,35,1,0.9996159875222334,0.9999999999999999
5,7,35,20,monte_carlo,10000,20261422,7,0.9975185477307695,1,0.9996159875222334,0.9999999999999999,0.9871,0.9846937480997071,0.9891321469444525,4.987,35,1,0.9996159875222334,0.9999999999999999
5,7,35,21,monte_carlo,10000,20261422,7,0.9013365966894834,1,0.9996159875222334,0.9999999999999999,0.5739,0.5641810718547577,0.5835621711010284,4.5021,35,1,0.9996159875222334,0.9999999999999999
5,7,35,22,monte_carlo,10000,20261422,7,0.9038197830900666,1,0.9996159875222334,0.9999999999999999,0.5825,0.5728044461339591,0.5921321918072094,4.5134,35,1,0.9996159875222334,0.9999999999999999
5,7,35,23,monte_carlo,10000,20261422,7,0.8996907266428951,1,0.9996159875222334,0.9999999999999999,0.5645,0.5547589487258083,0.5741915136645598,4.4897,35,1,0.9996159875222334,0.9999999999999999
5,7,35,24,monte_carlo,10000,20261422,7,0.9010013412609048,1,0.9996159875222334,0.9999999999999999,0.5713,0.5615745959508965,0.580970643869774,4.496,35,1,0.9996159875222334,0.9999999999999999
5,7,35,25,monte_carlo,10000,20261422,7,0.8920046977020367,1,0.9996159875222334,0.9999999999999999,0.545,0.5352243490421709,0.5547410898348302,4.4503,35,1,0.9996159875222334,0.9999999999999999
5,7,35,26,monte_carlo,10000,20261422,7,0.8916413074872018,1,0.9996159875222334,0.9999999999999999,0.5465,0.5367264728985413,0.5562378139410264,4.4506,35,1,0.9996159875222334,0.9999999999999999
5,7,35,27,monte_carlo,10000,20261422,7,0.8812617539722073,1,0.9996159875222334,0.9999999999999999,0.5191,0.5093016959690895,0.5288836347542598,4.4086,35,1,0.9996159875222334,0.9999999999999999
5,7,35,28,monte_carlo,10000,20261422,7,0.8736914932485482,1,0.9996159875222334,0.9999999999999999,0.5012,0.4914014492346324,0.510997629135421,4.3709,35,1,0.9996159875222334,0.9999999999999999
5,7,35,29,monte_carlo,10000,20261422,7,0.8576884208461724,1,0.9996159875222334,0.9999999999999999,0.4493,0.43957183391079135,0.459067104954454,4.2799,35,1,0.9996159875222334,0.9999999999999999
5,7,35,30,monte_carlo,10000,20261422,7,0.9281919826921732,1,0.9996159875222334,0.9999999999999999,0.6656,0.6562910708161185,0.6747817442512452,4.6361,35,1,0.9996159875222334,0.9999999999999999
5,7,35,31,monte_carlo,10000,20261422,7,0.8159328998802253,0.9998,0.9992709889064336,0.9999451522207908,0.3601,0.3507468051688649,0.36956064152241397,4.0772,35,1,0.9996159875222334,0.9999999999999999
5,7,35,32,monte_carlo,10000,20261422,7,0.7893253152680698,0.9994,0.9986914580593471,0.9997249902778595,0.2974,0.28851974843796485,0.3064358534180261,3.9358,35,1,0.9996159875222334,0.9999999999999999
5,7,35,33,monte_carlo,10000,20261422,7,0.7537437802987131,0.9993,0.9985556471425939,0.9996608779971082,0.2284,0.2202771039788884,0.2367314915990344,3.7548,35,1,0.9996159875222334,0.9999999999999999
5,7,35,34,monte_carlo,10000,20261422,7,0.7157456734917692,0.9986,0.9976512170202092,0.9991658457369621,0.1711,0.16384535046869428,0.17860725293918053,3.5612,35,1,0.9996159875222334,0.9999999999999999
5,7,35,35,monte_carlo,10000,20261422,7,0.6675616080061855,0.9971,0.995838198145148,0.9979800166494565,0.112,0.10596720543050483,0.11833078825224197,3.3364,35,1,0.9996159875222334,0.9999999999999999
5,7,35,36,monte_carlo,10000,20261422,7,0.6240410104125618,0.995,0.9934147095978156,0.9962051180491953,0.0727,0.06777340931662867,0.0779547677468706,3.124,35,1,0.9996159875222334,0.9999999999999999
5,7,35,37,monte_carlo,10000,20261422,7,0.569301240741084,0.9915,0.9895023950331853,0.9931201207011703,0.0386,0.034998015148164405,0.042556351566318554,2.8512,35,1,0.9996159875222334,0.9999999999999999
5,7,35,38,monte_carlo,10000,20261422,7,0.5160523755506614,0.9862,0.9837195842784241,0.9883070019881957,0.0185,0.01603782979128428,0.021331974224804897,2.5794,35,1,0.9996159875222334,0.9999999999999999
5,7,35,39,monte_carlo,10000,20261422,7,0.4589045552042777,0.968,0.964366665358679,0.9712738989621313,0.0098,0.008048687008822802,0.011927798824379512,2.2983,35,1,0.9996159875222334,0.9999999999999999
5,7,35,40,monte_carlo,10000,20261422,7,0.436716852826664,0.9729,0.9695312867701443,0.975905514228384,0.0035,0.0025177633965021086,0.0048635609939200655,2.1906,35,1,0.9996159875222334,0.9999999999999999
5,7,35,41,monte_carlo,10000,20261422,7,0.3213866233891265,0.8812,0.8747115032787594,0.8873957256081912,0.0011,0.0006143442571264699,0.001968823393188985,1.6106,35,1,0.9996159875222334,0.9999999999999999
5,7,35,42,monte_carlo,10000,20261422,7,0.26419326714532676,0.8146,0.8068627084546399,0.8220956708943493,0,0,0.00038401247776654115,1.3227,35,1,0.9996159875222334,0.9999999999999999
5,7,35,43,monte_carlo,10000,20261422,7,0.21528950724956603,0.7363,0.7275739243958989,0.7448445913071086,0.0001,0.00001765221952685649,0.0005662834557441313,1.0767,35,1,0.9996159875222334,0.9999999999999999
5,7,35,44,monte_carlo,10000,20261422,7,0.16954569346417853,0.6343,0.6248102312167524,0.6436866230317194,0,0,0.00038401247776654115,0.8474,35,1,0.9996159875222334,0.9999999999999999
5,7,35,45,monte_carlo,10000,20261422,7,0.13364280601588105,0.532,0.5222096728572231,0.5417657503441998,0,0,0.00038401247776654115,0.6641,35,1,0.9996159875222334,0.9999999999999999
5,7,35,46,monte_carlo,10000,20261422,7,0.09941069432825432,0.4331,0.4234156394897645,0.4428357413797605,0,0,0.00038401247776654115,0.5,35,1,0.9996159875222334,0.9999999999999999
5,7,35,47,monte_carlo,10000,20261422,7,0.07423242263531755,0.3464,0.3371344678377646,0.3557835007954052,0,0,0.00038401247776654115,0.3847,35,1,0.9996159875222334,0.9999999999999999
5,7,35,48,monte_carlo,10000,20261422,7,0.04980389366306545,0.2357,0.22748353652811237,0.244119452467635,0,0,0.00038401247776654115,0.2505,35,0.9999,0.9994337165442557,0.999982347780473
5,7,35,49,monte_carlo,10000,20261422,7,0.034271099744245526,0.1655,0.1583447465741765,0.17291215777344934,0,0,0.00038401247776654115,0.1696,35,0.9904,0.9882916298874999,0.9921317306743066
5,7,35,50,monte_carlo,10000,20261422,7,0.022809567860446675,0.1128,0.1067476733619847,0.1191497059007977,0,0,0.00038401247776654115,0.1141,35,1,0.9996159875222334,0.9999999999999999
5,8,40,2,monte_carlo,10000,20261423,8,0.10720103425985779,0.5048,0.49500048991622697,0.5145958235639866,0,0,0.00038401247776654115,0.5346,40,0.9673,0.9636307387571015,0.970610363181178
5,8,40,3,monte_carlo,10000,20261423,8,0.2385959728420413,0.8166,0.8088938191562624,0.8240630241428158,0,0,0.00038401247776654115,1.1789,40,0.998,0.9969126251000202,0.9987048984721243
5,8,40,4,monte_carlo,10000,20261423,8,0.3459925838975738,0.9358,0.9308265213974302,0.9404387733269485,0.0004,0.0001555603210541602,0.0010281449467301677,1.7367,40,0.9999,0.9994337165442557,0.999982347780473
5,8,40,5,monte_carlo,10000,20261423,8,0.4610227880141359,0.979,0.9760002549083617,0.9816318611379378,0.0059,0.004577025249490057,0.007602455881038837,2.2863,40,1,0.9996159875222334,0.9999999999999999
5,8,40,6,monte_carlo,10000,20261423,8,0.5519477796574167,0.9932,0.9913890630143011,0.9946321470776299,0.0244,0.02155367036905194,0.027611602299799594,2.7623,40,1,0.9996159875222334,0.9999999999999999
5,8,40,7,monte_carlo,10000,20261423,8,0.6483094790609619,0.9985,0.9975263931899461,0.9990907463697207,0.0798,0.07464865777735974,0.08527406630895523,3.2418,40,1,0.9996159875222334,0.9999999999999999
5,8,40,8,monte_carlo,10000,20261423,8,0.7251665633164246,0.9998,0.9992709889064336,0.9999451522207908,0.1529,0.14597952059591063,0.16008706086615493,3.6174,40,1,0.9996159875222334,0.9999999999999999
5,8,40,9,monte_carlo,10000,20261423,8,0.7921921313889535,0.9999,0.9994337165442557,0.999982347780473,0.278,0.269305460557241,0.28686504098288734,3.9614,40,1,0.9996159875222334,0.9999999999999999
5,8,40,10,monte_carlo,10000,20261423,8,0.8495350156002058,1,0.9996159875222334,0.9999999999999999,0.4164,0.4067718600597639,0.4260923468265186,4.2488,40,1,0.9996159875222334,0.9999999999999999
5,8,40,11,monte_carlo,10000,20261423,8,0.9146073072840227,1,0.9996159875222334,0.9999999999999999,0.6261,0.616570057093848,0.6355330949592591,4.5747,40,1,0.9996159875222334,0.9999999999999999
5,8,40,12,monte_carlo,10000,20261423,8,0.9255976816590628,1,0.9996159875222334,0.9999999999999999,0.6659,0.6565930204175873,0.6750795642422899,4.6274,40,1,0.9996159875222334,0.9999999999999999
5,8,40,13,monte_carlo,10000,20261423,8,0.9315108822057726,1,0.9996159875222334,0.9999999999999999,0.6788,0.6695808648125768,0.6878818123253737,4.6418,40,1,0.9996159875222334,0.9999999999999999
5,8,40,14,monte_carlo,10000,20261423,8,0.9400843718022801,1,0.9996159875222334,0.9999999999999999,0.7116,0.7026409204551867,0.7203965654642226,4.6892,40,1,0.9996159875222334,0.9999999999999999
5,8,40,15,monte_carlo,10000,20261423,8,0.9423286008822277,1,0.9996159875222334,0.9999999999999999,0.7263,0.7174755500687817,0.7349506458837809,4.7024,40,1,0.9996159875222334,0.9999999999999999
5,8,40,16,monte_carlo,10000,20261423,8,0.9500030423706758,1,0.9996159875222334,0.9999999999999999,0.7681,0.759725902452112,0.7762681900573095,4.7545,40,1,0.9996159875222334,0.9999999999999999
5,8,40,17,monte_carlo,10000,20261423,8,0.9493920155410062,1,0.9996159875222334,0.9999999999999999,0.7574,0.7489005459729919,0.7657017644034537,4.7397,40,1,0.9996159875222334,0.9999999999999999
5,8,40,18,monte_carlo,10000,20261423,8,0.9556674355977833,1,0.9996159875222334,0.9999999999999999,0.7827,0.7745090575848033,0.7906738217602673,4.7727,40,1,0.9996159875222334,0.9999999999999999
5,8,40,19,monte_carlo,10000,20261423,8,0.9522686883050381,1,0.9996159875222334,0.9999999999999999,0.7672,0.7588150760997925,0.775379707632089,4.7528,40,1,0.9996159875222334,0.9999999999999999
5,8,40,20,monte_carlo,10000,20261423,8,0.9996730212282261,1,0.9996159875222334,0.9999999999999999,0.9981,0.9970341811238531,0.9987832656457957,4.9981,40,1,0.9996159875222334,0.9999999999999999
5,8,40,21,monte_carlo,10000,20261423,8,0.950479831487613,1,0.9996159875222334,0.9999999999999999,0.7678,0.7594222878170457,0.7759720350998626,4.7494,40,1,0.9996159875222334,0.9999999999999999
5,8,40,22,monte_carlo,10000,20261423,8,0.9540765076162584,1,0.9996159875222334,0.9999999999999999,0.7839,0.7757247590048053,0.7918571987103189,4.7709,40,1,0.9996159875222334,0.9999999999999999
5,8,40,23,monte_carlo,10000,20261423,8,0.95074394168588,1,0.9996159875222334,0.9999999999999999,0.7647,0.7562852779199509,0.7729114258743195,4.7451,40,1,0.9996159875222334,0.9999999999999999
5,8,40,24,monte_carlo,10000,20261423,8,0.9541597817997666,1,0.9996159875222334,0.9999999999999999,0.7797,0.7714702424647903,0.7877149409551469,4.7664,40,1,0.9996159875222334,0.9999999999999999
5,8,40,25,monte_carlo,10000,20261423,8,0.9483716260763657,1,0.9996159875222334,0.9999999999999999,0.7541,0.7455633359779915,0.7624415088808075,4.7327,40,1,0.9996159875222334,0.9999999999999999
5,8,40,26,monte_carlo,10000,20261423,8,0.9515272016441957,1,0.9996159875222334,0.9999999999999999,0.7778,0.7695459802781662,0.7858406623891868,4.762,40,1,0.9996159875222334,0.9999999999999999
5,8,40,27,monte_carlo,10000,20261423,8,0.9452060098215619,1,0.9996159875222334,0.9999999999999999,0.7404,0.7317159006261398,0.7488994661745498,4.7148,40,1,0.9996159875222334,0.9999999999999999
5,8,40,28,monte_carlo,10000,20261423,8,0.9448026043596593,1,0.9996159875222334,0.9999999999999999,0.7406,0.731917973111783,0.7490972400839159,4.7154,40,1,0.9996159875222334,0.9999999999999999
5,8,40,29,monte_carlo,10000,20261423,8,0.9362519322110114,1,0.9996159875222334,0.9999999999999999,0.7082,0.699211421848756,0.7170286753555022,4.6703,40,1,0.9996159875222334,0.9999999999999999
5,8,40,30,monte_carlo,10000,20261423,8,0.9776544378514233,1,0.9996159875222334,0.9999999999999999,0.8873,0.8809526533770418,0.8933498905576802,4.8855,40,1,0.9996159875222334,0.9999999999999999
5,8,40,31,monte_carlo,10000,20261423,8,0.921167702926423,1,0.9996159875222334,0.9999999999999999,0.6652,0.6558884778756645,0.6743846444016813,4.6008,40,1,0.9996159875222334,0.9999999999999999
5,8,40,32,monte_carlo,10000,20261423,8,0.9111576389848143,1,0.9996159875222334,0.9999999999999999,0.6283,0.6187805485344843,0.6377209138637207,4.5541,40,1,0.9996159875222334,0.9999999999999999
5,8,40,33,monte_carlo,10000,20261423,8,0.8888642562506631,1,0.9996159875222334,0.9999999999999999,0.5468,0.5370269083840061,0.5565371480480749,4.4314,40,1,0.9996159875222334,0.9999999999999999
5,8,40,34,monte_carlo,10000,20261423,8,0.8687516586368412,1,0.9996159875222334,0.9999999999999999,0.4822,0.47241492571811,0.49199874512609837,4.3254,40,1,0.9996159875222334,0.9999999999999999
5,8,40,35,monte_carlo,10000,20261423,8,0.8354316801081779,0.9999,0.9994337165442557,0.999982347780473,0.3866,0.3771006551951181,0.3961864388348392,4.1623,40,1,0.9996159875222334,0.9999999999999999
5,8,40,36,monte_carlo,10000,20261423,8,0.8039566671802619,0.9998,0.9992709889064336,0.9999451522207908,0.3149,0.30586882095968476,0.3240733404595843,4.0282,40,1,0.9996159875222334,0.9999999999999999
5,8,40,37,monte_carlo,10000,20261423,8,0.7601193706923696,0.9999,0.9994337165442557,0.999982347780473,0.2133,0.20538198269729221,0.2214382100574591,3.7827,40,1,0.9996159875222334,0.9999999999999999
5,8,40,38,monte_carlo,10000,20261423,8,0.7141944405077669,0.9993,0.9985556471425939,0.9996608779971082,0.1429,0.13617764868123303,0.14989661303038784,3.5676,40,1,0.9996159875222334,0.9999999999999999
5,8,40,39,monte_carlo,10000,20261423,8,0.6599974233864423,0.9988,0.9979035066029937,0.9993134025491864,0.0841,0.07881867140133672,0.08970075017766946,3.3004,40,1,0.9996159875222334,0.9999999999999999
5,8,40,40,monte_carlo,10000,20261423,8,0.6440404051276337,0.9997,0.9991182482825978,0.9998979696471224,0.0512,0.0470497904716152,0.05569489912842804,3.2152,40,1,0.9996159875222334,0.9999999999999999
5,8,40,41,monte_carlo,10000,20261423,8,0.5273106260460018,0.9874,0.9850190631554693,0.9894066014812039,0.0168,0.014460192174228097,0.019510917484285486,2.6384,40,1,0.9996159875222334,0.9999999999999999
5,8,40,42,monte_carlo,10000,20261423,8,0.4517489963797849,0.9692,0.9656292817031532,0.9724103609877105,0.0044,0.003279423444651482,0.005901209723310713,2.2665,40,1,0.9996159875222334,0.9999999999999999
5,8,40,43,monte_carlo,10000,20261423,8,0.3791304746476973,0.9376,0.9326890282543215,0.942174884025137,0.0011,0.0006143442571264699,0.001968823393188985,1.8876,40,1,0.9996159875222334,0.9999999999999999
5,8,40,44,monte_carlo,10000,20261423,8,0.3080873561028102,0.8788,0.8722574630077273,0.8850516091391167,0.0006,0.0002750097221404114,0.0013085419406528096,1.5396,40,1,0.9996159875222334,0.9999999999999999
5,8,40,45,monte_carlo,10000,20261423,8,0.24896006667568946,0.807,0.7991474959677763,0.8146167203708751,0,0,0.00038401247776654115,1.2421,40,1,0.9996159875222334,0.9999999999999999
5,8,40,46,monte_carlo,10000,20261423,8,0.1908155380561105,0.7009,0.6918501144837496,0.7097955893026838,0,0,0.00038401247776654115,0.9697,40,1,0.9996159875222334,0.9999999999999999
5,8,40,47,monte_carlo,10000,20261423,8,0.1445528416067677,0.576,0.5662865022143603,0.5856551278890191,0,0,0.00038401247776654115,0.7151,40,1,0.9996159875222334,0.9999999999999999
5,8,40,48,monte_carlo,10000,20261423,8,0.10009897305538597,0.4369,0.42720442055799446,0.4466440418166996,0,0,0.00038401247776654115,0.4961,40,1,0.9996159875222334,0.9999999999999999
5,8,40,49,monte_carlo,10000,20261423,8,0.06963231299303564,0.3236,0.3144994025902135,0.3328360770119425,0,0,0.00038401247776654115,0.3477,40,0.9975,0.9963118932274996,0.9983060143571229
5,8,40,50,monte_carlo,10000,20261423,8,0.048711510506145105,0.2348,0.22659488555793636,0.24320879466027104,0,0,0.00038401247776654115,0.2415,40,1,0.9996159875222334,0.9999999999999999
5,9,45,2,monte_carlo,10000,20261424,9,0.13388493859082096,0.6189,0.6093371806701465,0.6283715011626406,0,0,0.00038401247776654115,0.6626,45,0.9945,0.9928484245901574,0.9957717870693314
5,9,45,3,monte_carlo,10000,20261424,9,0.2889625050902735,0.9012,0.8951965193244679,0.9068953490633721,0,0,0.00038401247776654115,1.4407,45,0.9998,0.9992709889064336,0.9999451522207908
5,9,45,4,monte_carlo,10000,20261424,9,0.4153445194409443,0.9779,0.9748298215283058,0.9806031393454449,0.0009,0.00047357165665044376,0.0017097495986561175,2.0769,45,1,0.9996159875222334,0.9999999999999999
5,9,45,5,monte_carlo,10000,20261424,9,0.5404810121586527,0.9958,0.9943280731304939,0.9968911400965529,0.0187,0.016223827579189633,0.02154582283190844,2.708,45,1,0.9996159875222334,0.9999999999999999
5,9,45,6,monte_carlo,10000,20261424,9,0.6375605664401441,0.9997,0.9991182482825978,0.9998979696471224,0.062,0.05743946401492735,0.06689693091559613,3.1889,45,1,0.9996159875222334,0.9999999999999999
5,9,45,7,monte_carlo,10000,20261424,9,0.7323675693083105,0.9998,0.9992709889064336,0.9999451522207908,0.1604,0.15333786770061977,0.16772295357427922,3.6594,45,1,0.9996159875222334,0.9999999999999999
5,9,45,8,monte_carlo,10000,20261424,9,0.8050872488234408,1,0.9996159875222334,0.9999999999999999,0.289,0.2801977240243068,0.2979643292413105,4.0259,45,1,0.9996159875222334,0.9999999999999999
5,9,45,9,monte_carlo,10000,20261424,9,0.8620314038684829,1,0.9996159875222334,0.9999999999999999,0.4479,0.438175205748171,0.45766480835201223,4.3166,45,1,0.9996159875222334,0.9999999999999999
5,9,45,10,monte_carlo,10000,20261424,9,0.9086047054104952,1,0.9996159875222334,0.9999999999999999,0.6064,0.5967853539954924,0.615932928149239,4.5519,45,1,0.9996159875222334,0.9999999999999999
5,9,45,11,monte_carlo,10000,20261424,9,0.9508797628882517,1,0.9996159875222334,0.9999999999999999,0.7668,0.7584102812651285,0.7749848096767353,4.7506,45,1,0.9996159875222334,0.9999999999999999
5,9,45,12,monte_carlo,10000,20261424,9,0.9596480115629051,1,0.9996159875222334,0.9999999999999999,0.8145,0.8067611617121356,0.8219972944393491,4.8049,45,1,0.9996159875222334,0.9999999999999999
5,9,45,13,monte_carlo,10000,20261424,9,0.9631280772337528,1,0.9996159875222334,0.9999999999999999,0.8262,0.8186479316413979,0.8335015386181073,4.8184,45,1,0.9996159875222334,0.9999999999999999
5,9,45,14,monte_carlo,10000,20261424,9,0.969549039413544,1,0.9996159875222334,0.9999999999999999,0.8477,0.8405240611322584,0.8546088965907026,4.8424,45,1,0.9996159875222334,0.9999999999999999
5,9,45,15,monte_carlo,10000,20261424,9,0.970700164503288,1,0.9996159875222334,0.9999999999999999,0.8607,0.8537746938040456,0.8673482795944936,4.8563,45,1,0.9996159875222334,0.9999999999999999
5,9,45,16,monte_carlo,10000,20261424,9,0.9763634395750628,1,0.9996159875222334,0.9999999999999999,0.883,0.876552578415415,0.8891532680266158,4.8809,45,1,0.9996159875222334,0.9999999999999999
5,9,45,17,monte_carlo,10000,20261424,9,0.9750773240472321,1,0.9996159875222334,0.9999999999999999,0.879,0.8724619351038551,0.8852469834379978,4.8758,45,1,0.9996159875222334,0.9999999999999999
5,9,45,18,monte_carlo,10000,20261424,9,0.9801033226989585,1,0.9996159875222334,0.9999999999999999,0.8961,0.8899665435000957,0.9019292418150177,4.8954,45,1,0.9996159875222334,0.9999999999999999
5,9,45,19,monte_carlo,10000,20261424,9,0.9771643973374398,1,0.9996159875222334,0.9999999999999999,0.8896,0.8833073475086255,0.8955934299686987,4.8865,45,1,0.9996159875222334,0.9999999999999999
5,9,45,20,monte_carlo,10000,20261424,9,0.9999587363716438,1,0.9996159875222334,0.9999999999999999,0.9998,0.9992709889064336,0.9999451522207908,4.9998,45,1,0.9996159875222334,0.9999999999999999
5,9,45,21,monte_carlo,10000,20261424,9,0.9762099466621423,1,0.9996159875222334,0.9999999999999999,0.8843,0.8778825401814325,0.8904223078281559,4.8812,45,1,0.9996159875222334,0.9999999999999999
5,9,45,22,monte_carlo,10000,20261424,9,0.9793131187254276,1,0.9996159875222334,0.9999999999999999,0.9001,0.8940680911787408,0.9058246220365503,4.8981,45,1,0.9996159875222334,0.9999999999999999
5,9,45,23,monte_carlo,10000,20261424,9,0.9765830567103898,1,0.9996159875222334,0.9999999999999999,0.8831,0.8766548742790594,0.8892508953604759,4.8799,45,1,0.9996159875222334,0.9999999999999999
5,9,45,24,monte_carlo,10000,20261424,9,0.9797945353335243,1,0.9996159875222334,0.9999999999999999,0.8975,0.891401764374702,0.9032929457054736,4.8952,45,1,0.9996159875222334,0.9999999999999999
5,9,45,25,monte_carlo,10000,20261424,9,0.9758769282086472,1,0.9996159875222334,0.9999999999999999,0.8866,0.8802361708256178,0.8926669107265731,4.8829,45,1,0.9996159875222334,0.9999999999999999
5,9,45,26,monte_carlo,10000,20261424,9,0.9790905040978503,1,0.9996159875222334,0.9999999999999999,0.8993,0.8932475542403061,0.9050457733949494,4.8969,45,1,0.9996159875222334,0.9999999999999999
5,9,45,27,monte_carlo,10000,20261424,9,0.9750310298071087,1,0.9996159875222334,0.9999999999999999,0.882,0.8755297005566215,0.8881769139103649,4.8784,45,1,0.9996159875222334,0.9999999999999999
5,9,45,28,monte_carlo,10000,20261424,9,0.976608786000961,1,0.9996159875222334,0.9999999999999999,0.8821,0.8756319817577489,0.8882745559067418,4.8788,45,1,0.9996159875222334,0.9999999999999999
5,9,45,29,monte_carlo,10000,20261424,9,0.9718447129406481,1,0.9996159875222334,0.9999999999999999,0.8649,0.858059820003741,0.8714599276899848,4.8582,45,1,0.9996159875222334,0.9999999999999999
5,9,45,30,monte_carlo,10000,20261424,9,0.9930472324649829,1,0.9996159875222334,0.9999999999999999,0.9672,0.9635256413792608,0.970515537361514,4.9671,45,1,0.9996159875222334,0.9999999999999999
5,9,45,31,monte_carlo,10000,20261424,9,0.9666975642847657,1,0.9996159875222334,0.9999999999999999,0.8497,0.8425614098325798,0.8565700118404702,4.8372,45,1,0.9996159875222334,0.9999999999999999
5,9,45,32,monte_carlo,10000,20261424,9,0.9643774509215005,1,0.9996159875222334,0.9999999999999999,0.8427,0.8354325212977523,0.8497042765499865,4.8291,45,1,0.9996159875222334,0.9999999999999999
5,9,45,33,monte_carlo,10000,20261424,9,0.9520535599786838,1,0.9996159875222334,0.9999999999999999,0.7866,0.7784604578410934,0.7945194262066506,4.7639,45,1,0.9996159875222334,0.9999999999999999
5,9,45,34,monte_carlo,10000,20261424,9,0.9434406035820848,1,0.9996159875222334,0.9999999999999999,0.7539,0.7453611023795029,0.7622438960842871,4.7249,45,1,0.9996159875222334,0.9999999999999999
5,9,45,35,monte_carlo,10000,20261424,9,0.9241557245605785,1,0.9996159875222334,0.9999999999999999,0.6787,0.6694801533831434,0.6877826005573027,4.6307,45,1,0.9996159875222334,0.9999999999999999
5,9,45,36,monte_carlo,10000,20261424,9,0.9058265410923625,1,0.9996159875222334,0.9999999999999999,0.6067,0.597086520527643,0.6162315312096016,4.5398,45,1,0.9996159875222334,0.9999999999999999
5,9,45,37,monte_carlo,10000,20261424,9,0.8771030319193784,1,0.9996159875222334,0.9999999999999999,0.5044,0.49460057143170555,0.5141960492584899,4.3924,45,1,0.9996159875222334,0.9999999999999999
5,9,45,38,monte_carlo,10000,20261424,9,0.845868372254616,1,0.9996159875222334,0.9999999999999999,0.3955,0.3859583122767475,0.40512194633110565,4.2222,45,1,0.9996159875222334,0.9999999999999999
5,9,45,39,monte_carlo,10000,20261424,9,0.8040636188103131,1,0.9996159875222334,0.9999999999999999,0.2918,0.2829713246444978,0.30078857815124416,4.0191,45,1,0.9996159875222334,0.9999999999999999
5,9,45,40,monte_carlo,10000,20261424,9,0.7928230924541531,1,0.9996159875222334,0.9999999999999999,0.2288,0.22067188673173105,0.23713640163620953,3.964,45,1,0.9996159875222334,0.9999999999999999
5,9,45,41,monte_carlo,10000,20261424,9,0.701434141849879,0.9993,0.9985556471425939,0.9996608779971082,0.1087,0.10274884103261273,0.11495168713248735,3.4998,45,1,0.9996159875222334,0.9999999999999999
5,9,45,42,monte_carlo,10000,20261424,9,0.6279649077048,0.998,0.9969126251000202,0.9987048984721243,0.0486,0.044555994280372054,0.052990692184555564,3.1329,45,1,0.9996159875222334,0.9999999999999999
5,9,45,43,monte_carlo,10000,20261424,9,0.547086540275853,0.9931,0.9912774688801183,0.9945438180143082,0.0166,0.014275004667175914,0.01929625859632878,2.7226,45,1,0.9996159875222334,0.9999999999999999
5,9,45,44,monte_carlo,10000,20261424,9,0.4617328712534676,0.9764,0.9732367404948062,0.9791973724163777,0.0041,0.0030238378611372654,0.005557025714311589,2.2934,45,1,0.9996159875222334,0.9999999999999999
5,9,45,45,monte_carlo,10000,20261424,9,0.3845020170013368,0.9496,0.9451368253574409,0.9537178706225514,0.0009,0.00047357165665044376,0.0017097495986561175,1.929,45,1,0.9996159875222334,0.9999999999999999
5,9,45,46,monte_carlo,10000,20261424,9,0.305034794339904,0.8871,0.8807479363668853,0.8931547611728279,0,0,0.00038401247776654115,1.5261,45,1,0.9996159875222334,0.9999999999999999
5,9,45,47,monte_carlo,10000,20261424,9,0.23592536102956738,0.795,0.7869748728703821,0.8027985597677357,0,0,0.00038401247776654115,1.1666,45,1,0.9996159875222334,0.9999999999999999
5,9,45,48,monte_carlo,10000,20261424,9,0.16893469049316032,0.6482,0.6387850874245584,0.6575010912770316,0,0,0.00038401247776654115,0.8335,45,1,0.9996159875222334,0.9999999999999999
5,9,45,49,monte_carlo,10000,20261424,9,0.11929267880728946,0.5123,0.5025001225127723,0.5220904307802745,0,0,0.00038401247776654115,0.5876,45,0.9997,0.9991182482825978,0.9998979696471224
5,9,45,50,monte_carlo,10000,20261424,9,0.08756442447469275,0.4137,0.4040820153771604,0.4233842651765021,0,0,0.00038401247776654115,0.4424,45,1,0.9996159875222334,0.9999999999999999
5,10,50,2,monte_carlo,10000,20261425,10,0.16250808015513898,0.7364,0.7276749367012164,0.7449435021992957,0,0,0.00038401247776654115,0.8151,50,1,0.9996159875222334,0.9999999999999999
5,10,50,3,monte_carlo,10000,20261425,10,0.34008737630112174,0.9505,0.946072872708346,0.9545811320491863,0,0,0.00038401247776654115,1.712,50,1,0.9996159875222334,0.9999999999999999
5,10,50,4,monte_carlo,10000,20261425,10,0.48311004292507964,0.9962,0.9947887931741428,0.9972301128429215,0.0032,0.002267699638052522,0.004513855159856313,2.4036,50,1,0.9996159875222334,0.9999999999999999
5,10,50,5,monte_carlo,10000,20261425,10,0.6137794244160771,0.9995,0.9988299568100467,0.9997864147246645,0.0375,0.03395040921332924,0.041404802328604794,3.0794,50,1,0.9996159875222334,0.9999999999999999
5,10,50,6,monte_carlo,10000,20261425,10,0.7125533826774382,0.9999,0.9994337165442557,0.999982347780473,0.125,0.11866155899074082,0.13162645036758408,3.5613,50,1,0.9996159875222334,0.9999999999999999
5,10,50,7,monte_carlo,10000,20261425,10,0.8009582710992841,1,0.9996159875222334,0.9999999999999999,0.2735,0.2648514204227492,0.282322537229679,4.0011,50,1,0.9996159875222334,0.9999999999999999
5,10,50,8,monte_carlo,10000,20261425,10,0.8657233399608537,1,0.9996159875222334,0.9999999999999999,0.4443,0.4345842347730208,0.45405854421700226,4.3265,50,1,0.9996159875222334,0.9999999999999999
5,10,50,9,monte_carlo,10000,20261425,10,0.9111883737684948,1,0.9996159875222334,0.9999999999999999,0.6131,0.6035123098145827,0.6226008265629464,4.5633,50,1,0.9996159875222334,0.9999999999999999
5,10,50,10,monte_carlo,10000,20261425,10,0.9464672473175265,1,0.9996159875222334,0.9999999999999999,0.7467,0.7380823096363298,0.7551282186071402,4.7291,50,1,0.9996159875222334,0.9999999999999999
5,10,50,11,monte_carlo,10000,20261425,10,0.9727640982081884,1,0.9996159875222334,0.9999999999999999,0.8684,0.8616324062944027,0.8748846533119787,4.864,50,1,0.9996159875222334,0.9999999999999999
5,10,50,12,monte_carlo,10000,20261425,10,0.9790945189842446,1,0.9996159875222334,0.9999999999999999,0.8957,0.8895565426557628,0.9015395498693328,4.8939,50,1,0.9996159875222334,0.9999999999999999
5,10,50,13,monte_carlo,10000,20261425,10,0.9809644157422156,1,0.9996159875222334,0.9999999999999999,0.9077,0.9018691672644447,0.9132177089611843,4.9061,50,1,0.9996159875222334,0.9999999999999999
5,10,50,14,monte_carlo,10000,20261425,10,0.985296240336603,1,0.9996159875222334,0.9999999999999999,0.9275,0.9222516051952467,0.9324200641362628,4.9264,50,1,0.9996159875222334,0.9999999999999999
5,10,50,15,monte_carlo,10000,20261425,10,0.9858067429684377,1,0.9996159875222334,0.9999999999999999,0.9276,0.9223547958697432,0.9325167966592708,4.9266,50,1,0.9996159875222334,0.9999999999999999
5,10,50,16,monte_carlo,10000,20261425,10,0.9895407505261076,1,0.9996159875222334,0.9999999999999999,0.9461,0.941500150278145,0.9503572337891917,4.9457,50,1,0.9996159875222334,0.9999999999999999
5,10,50,17,monte_carlo,10000,20261425,10,0.9882526877699053,1,0.9996159875222334,0.9999999999999999,0.9401,0.9352777102669823,0.9445842819500876,4.9394,50,1,0.9996159875222334,0.9999999999999999
5,10,50,18,monte_carlo,10000,20261425,10,0.9917367410958363,1,0.9996159875222334,0.9999999999999999,0.9563,0.9521149491434547,0.9601346010693356,4.9563,50,1,0.9996159875222334,0.9999999999999999
5,10,50,19,monte_carlo,10000,20261425,10,0.9895662193872419,1,0.9996159875222334,0.9999999999999999,0.9512,0.9468011770983101,0.9552522900417534,4.9507,50,1,0.9996159875222334,0.9999999999999999
5,10,50,20,monte_carlo,10000,20261425,10,0.9999950289583058,1,0.9996159875222334,0.9999999999999999,1,0.9996159875222334,0.9999999999999999,5,50,1,0.9996159875222334,0.9999999999999999
5,10,50,21,monte_carlo,10000,20261425,10,0.9890624498677285,1,0.9996159875222334,0.9999999999999999,0.9448,0.9401507358217788,0.9491076466780001,4.9444,50,1,0.9996159875222334,0.9999999999999999
5,10,50,22,monte_carlo,10000,20261425,10,0.9912862211787435,1,0.9996159875222334,0.9999999999999999,0.9584,0.9543071652045093,0.9621407721558742,4.9584,50,1,0.9996159875222334,0.9999999999999999
5,10,50,23,monte_carlo,10000,20261425,10,0.9892795831636217,1,0.9996159875222334,0.9999999999999999,0.9463,0.9417078155463828,0.9505494149159627,4.9458,50,1,0.9996159875222334,0.9999999999999999
5,10,50,24,monte_carlo,10000,20261425,10,0.9916367963689502,1,0.9996159875222334,0.9999999999999999,0.9578,0.9536805500488292,0.9615678481265275,4.9575,50,1,0.9996159875222334,0.9999999999999999
5,10,50,25,monte_carlo,10000,20261425,10,0.9890833039445246,1,0.9996159875222334,0.9999999999999999,0.9438,0.9391131977901667,0.9481459527345676,4.9428,50,1,0.9996159875222334,0.9999999999999999
5,10,50,26,monte_carlo,10000,20261425,10,0.991458643038664,1,0.9996159875222334,0.9999999999999999,0.9533,0.9489875464099764,0.9572643078776804,4.9532,50,1,0.9996159875222334,0.9999999999999999
5,10,50,27,monte_carlo,10000,20261425,10,0.9888718738004562,1,0.9996159875222334,0.9999999999999999,0.9444,0.939735671955224,0.948723017754537,4.9433,50,1,0.9996159875222334,0.9999999999999999
5,10,50,28,monte_carlo,10000,20261425,10,0.9905407933692785,1,0.9996159875222334,0.9999999999999999,0.9509,0.946489017620466,0.954964679927084,4.9503,50,1,0.9996159875222334,0.9999999999999999
5,10,50,29,monte_carlo,10000,20261425,10,0.9877905655949748,1,0.9996159875222334,0.9999999999999999,0.9427,0.9379723676518333,0.947087627700352,4.9416,50,1,0.9996159875222334,0.9999999999999999
5,10,50,30,monte_carlo,10000,20261425,10,0.9978820418013241,1,0.9996159875222334,0.9999999999999999,0.989,0.986759674631273,0.9908647611654713,4.989,50,1,0.9996159875222334,0.9999999999999999
5,10,50,31,monte_carlo,10000,20261425,10,0.9861634281366479,1,0.9996159875222334,0.9999999999999999,0.9329,0.9278280611457773,0.9376394608509723,4.9307,50,1,0.9996159875222334,0.9999999999999999
5,10,50,32,monte_carlo,10000,20261425,10,0.9863579023016186,1,0.9996159875222334,0.9999999999999999,0.9362,0.9312403173546768,0.9408246701597196,4.9335,50,1,0.9996159875222334,0.9999999999999999
5,10,50,33,monte_carlo,10000,20261425,10,0.9798797368718567,1,0.9996159875222334,0.9999999999999999,0.9034,0.8974540473894494,0.9090361313434885,4.8987,50,1,0.9996159875222334,0.9999999999999999
5,10,50,34,monte_carlo,10000,20261425,10,0.9768241530542991,1,0.9996159875222334,0.9999999999999999,0.8894,0.8831025584401331,0.8953983726421821,4.8834,50,1,0.9996159875222334,0.9999999999999999
5,10,50,35,monte_carlo,10000,20261425,10,0.9666835990469804,1,0.9996159875222334,0.9999999999999999,0.843,0.835737941188153,0.849998626252099,4.8328,50,1,0.9996159875222334,0.9999999999999999
5,10,50,36,monte_carlo,10000,20261425,10,0.9573523537879893,1,0.9996159875222334,0.9999999999999999,0.7996,0.7916397389320783,0.8073301607912439,4.7829,50,1,0.9996159875222334,0.9999999999999999
5,10,50,37,monte_carlo,10000,20261425,10,0.9406990332660818,1,0.9996159875222334,0.9999999999999999,0.731,0.7222210860702455,0.7396015001650263,4.7006,50,1,0.9996159875222334,0.9999999999999999
5,10,50,38,monte_carlo,10000,20261425,10,0.9223067009944186,1,0.9996159875222334,0.9999999999999999,0.6503,0.6408971465281252,0.659587419321058,4.607,50,1,0.9996159875222334,0.9999999999999999
5,10,50,39,monte_carlo,10000,20261425,10,0.8943956167976082,1,0.9996159875222334,0.9999999999999999,0.551,0.5412333806071069,0.560727450120161,4.4737,50,1,0.9996159875222334,0.9999999999999999
5,10,50,40,monte_carlo,10000,20261425,10,0.8868241672009274,1,0.9996159875222334,0.9999999999999999,0.4929,0.48310559584710466,0.5026998571300795,4.4323,50,1,0.9996159875222334,0.9999999999999999
5,10,50,41,monte_carlo,10000,20261425,10,0.8249123147044082,1,0.9996159875222334,0.9999999999999999,0.3204,0.3113245108555368,0.32961342642647684,4.1173,50,1,0.9996159875222334,0.9999999999999999
5,10,50,42,monte_carlo,10000,20261425,10,0.7661622591371734,0.9999,0.9994337165442557,0.999982347780473,0.1869,0.17938006321743338,0.19466040539614404,3.8212,50,1,0.9996159875222334,0.9999999999999999
5,10,50,43,monte_carlo,10000,20261425,10,0.6924716847241338,0.9991,0.9982902504013439,0.9995264283433495,0.0943,0.0887267606748169,0.10018482704964284,3.4578,50,1,0.9996159875222334,0.9999999999999999
5,10,50,44,monte_carlo,10000,20261425,10,0.6074351082124955,0.9966,0.9952527658079837,0.9975658329990986,0.0339,0.030528108212544418,0.03762986821922954,3.0246,50,1,0.9996159875222334,0.9999999999999999
5,10,50,45,monte_carlo,10000,20261425,10,0.5223002023950125,0.9897,0.9875245005287644,0.991499397650511,0.0074,0.005899061875743287,0.009279267217352309,2.6212,50,1,0.9996159875222334,0.9999999999999999
5,10,50,46,monte_carlo,10000,20261425,10,0.4295597413440622,0.9712,0.9677367087695572,0.9743013978713955,0.0004,0.0001555603210541602,0.0010281449467301677,2.1308,50,1,0.9996159875222334,0.9999999999999999
5,10,50,47,monte_carlo,10000,20261425,10,0.3407577966400863,0.9265,0.9212198518003409,0.9314525855561242,0.0001,0.00001765221952685649,0.0005662834557441313,1.7044,50,1,0.9996159875222334,0.9999999999999999
5,10,50,48,monte_carlo,10000,20261425,10,0.25252979442025153,0.835,0.8275964765460807,0.8421462350938157,0,0,0.00038401247776654115,1.2684,50,1,0.9996159875222334,0.9999999999999999
5,10,50,49,monte_carlo,10000,20261425,10,0.18162145316867284,0.7092,0.7002200350819229,0.7180192940973796,0,0,0.00038401247776654115,0.9167,50,1,0.9996159875222334,0.9999999999999999
5,10,50,50,monte_carlo,10000,20261425,10,0.1396092580697705,0.6163,0.6067258545629202,0.6257848241347512,0,0,0.00038401247776654115,0.6986,50,1,0.9996159875222334,0.9999999999999999
