hand_size,total,method,ability_probability,can_play_2_cards_probability,can_play_3_cards_probability,can_play_4_cards_probability,can_play_5_cards_probability,highest_available_tier_0_probability,highest_available_tier_2_probability,highest_available_tier_3_probability,highest_available_tier_4_probability,highest_available_tier_5_probability,probability_can_play_at_least_4_cards,five_card_option_given_ability,four_or_five_card_option_given_ability,mean_minimum_cards_given_ability,mean_maximum_cards_given_ability,both_two_and_five_available_probability
4,2,exact,0.025712438821682518,0.025712438821682518,0,0,0,0.9742875611783175,0.025712438821682518,0,0,0,0,0,0,2,2,0
4,3,exact,0.06461538461538462,0.06396158463385354,0.0007129005448333179,0,0,0.9353846153846154,0.0639024840705513,0.0007129005448333179,0,0,0,0,0,2.0101183330475045,2.01103298462242,0
4,4,exact,0.09292824822236587,0.08931942007572259,0.004092714008680395,0.0000036937852063902484,0,0.9070717517776341,0.08883184042847908,0.004092714008680395,0.0000036937852063902484,0,0.0000036937852063902484,0,0.00003974878766197631,2.038874314333413,2.044121154304794,0
4,5,exact,0.13380367531628035,0.12697756025487117,0.00818542801736079,0.000059100563302243975,0,0.8661963246837197,0.12555914673561733,0.00818542801736079,0.000059100563302243975,0,0.000059100563302243975,0,0.000441696113074205,2.0514575971731452,2.0620583038869262,0
4,6,exact,0.16448425524055776,0.15198079231692677,0.015325514821313141,0.00019207683073229291,0,0.8355157447594422,0.14896666358851232,0.015325514821313141,0.00019207683073229291,0,0.00019207683073229291,0,0.0011677520772512913,2.077183920952167,2.0955086458567256,0
4,7,exact,0.207354326345923,0.1890479268630529,0.022798042293840613,0.0004728045064179518,0,0.792645673654077,0.18408347954566442,0.022798042293840613,0.0004728045064179518,0,0.0004728045064179518,0,0.0022801767136953113,2.090565768847086,2.1145076243408867,0
4,8,exact,0.24093083387201034,0.21369655554529504,0.03331794256164004,0.0009049773755656109,0,0.7590691661279897,0.2067079139348047,0.03331794256164004,0.0009049773755656109,0,0.0009049773755656109,0,0.003756170852114188,2.1167939165363503,2.1458007543004323,0
4,9,exact,0.2855628405208237,0.25017268445839874,0.04455074337427278,0.0015366146458583433,0,0.7144371594791763,0.2394754825006926,0.04455074337427278,0.0015366146458583433,0,0.0015366146458583433,0,0.005381003505413341,2.1293122404894644,2.1667723033540724,0
4,10,exact,0.32236771631729616,0.27446670976082743,0.05845045710591929,0.002452673377043125,0,0.6776322836827039,0.26146458583433374,0.05845045710591929,0.002452673377043125,0,0.002452673377043125,0,0.007608309557365966,2.1561995118765256,2.196532719168586,0
4,11,exact,0.4798522485917444,0.4315523132329855,0.07306307138239912,0.0036051343614368824,0,0.5201477514082556,0.4031840428479084,0.07306307138239912,0.0036051343614368824,0,0.0036051343614368824,0,0.00751300920651538,2.1081688579610183,2.16728761893032,0
4,12,exact,0.4745147289685105,0.39744020685197157,0.10087358020131129,0.005115892510850494,0,0.5254852710314896,0.3685252562563487,0.10087358020131129,0.005115892510850494,0,0.005115892510850494,0,0.010781314464086936,2.1732094065995655,2.234145240263733,0
4,13,exact,0.48042847908394126,0.3742099916889833,0.13050881891218025,0.007151168159571521,0,0.5195715209160587,0.3427684920121895,0.13050881891218025,0.007151168159571521,0,0.007151168159571521,0,0.014884979702300407,2.2359761348259317,2.301420838971583,0
4,14,exact,0.47057715393849847,0.3395068796749469,0.15117924092714008,0.010268722873764891,0,0.5294228460615015,0.3091291901375935,0.15117924092714008,0.010268722873764891,0,0.010268722873764891,0,0.021821549958005292,2.3003524415802574,2.3649065519596224,0
4,15,exact,0.46982362175639486,0.31592206113214516,0.1740548527103149,0.013652230122818357,0,0.5301763782436051,0.2821165389232616,0.1740548527103149,0.013652230122818357,0,0.013652230122818357,0,0.02905820288852374,2.3566312611543085,2.4285849064020817,0
4,16,exact,0.4559534583063995,0.28062794348508635,0.18758518792132237,0.01813279157816973,0,0.5440465416936006,0.2502354788069074,0.18758518792132237,0.01813279157816973,0,0.01813279157816973,0,0.03976895283462143,2.4242939775433823,2.4909509227304394,0
4,17,exact,0.4504940437713547,0.25668852156247113,0.20332071290054482,0.022399113491550465,0,0.5495059562286453,0.2247742173792594,0.20332071290054482,0.022399113491550465,0,0.022399113491550465,0,0.0497212200721548,2.479927845195146,2.5507707445063956,0
4,18,exact,0.4300674115800166,0.22080339828238987,0.21009142118385815,0.027540862498845693,0,0.5699325884199834,0.19243512789731276,0.21009142118385815,0.027540862498845693,0,0.027540862498845693,0,0.06403847805548399,2.5506226917461134,2.6165850725757966,0
4,19,exact,0.4183285621941084,0.1965093729799612,0.21868685935912827,0.03244620925293194,0,0.5816714378058916,0.16719549358204822,0.21868685935912827,0.03244620925293194,0,0.03244620925293194,0,0.07756154416699043,2.60781266555999,2.677886483240914,0
4,20,exact,0.5854981992797119,0.36043956043956044,0.21831748083848923,0.03776895373534029,0,0.41450180072028814,0.32941176470588235,0.21831748083848923,0.03776895373534029,0,0.03776895373534029,0,0.06450737812994846,2.448895646303995,2.5018894826161286,0
4,21,exact,0.3004561824729892,0,0.2578446763320713,0.0426115061409179,0,0.6995438175270108,0,0.2578446763320713,0.0426115061409179,0,0.0426115061409179,0,0.14182269704085268,3.141822697040853,3.141822697040853,0
4,22,exact,0.27379813463847075,0,0.22444916428109704,0.04934897035737372,0,0.7262018653615292,0,0.22444916428109704,0.04934897035737372,0,0.04934897035737372,0,0.18023851923803358,3.1802385192380336,3.1802385192380336,0
4,23,exact,0.25470865269184595,0,0.19968602825745682,0.05502262443438914,0,0.745291347308154,0,0.19968602825745682,0.05502262443438914,0,0.05502262443438914,0,0.21602181100991938,3.2160218110099192,3.2160218110099192,0
4,24,exact,0.22843106473358574,0,0.17005078954658787,0.05838027518699788,0,0.7715689352664142,0,0.17005078954658787,0.05838027518699788,0,0.05838027518699788,0,0.255570647779826,3.255570647779826,3.255570647779826,0
4,25,exact,0.20983655000461723,0,0.14866746698679473,0.06116908301782251,0,0.7901634499953828,0,0.14866746698679473,0.06116908301782251,0,0.06116908301782251,0,0.2915082382762991,3.2915082382762995,3.2915082382762995,0
4,26,exact,0.18403915412318775,0,0.12241204173977283,0.0616271123834149,0,0.8159608458768123,0,0.12241204173977283,0.0616271123834149,0,0.0616271123834149,0,0.33485870263326906,3.3348587026332686,3.3348587026332686,0
4,27,exact,0.1665490811709299,0,0.10478899252008496,0.06176008865084495,0,0.8334509188290701,0,0.10478899252008496,0.06176008865084495,0,0.06176008865084495,0,0.3708221517443279,3.370822151744328,3.370822151744328,0
4,28,exact,0.1419336965555453,0,0.08191338073691015,0.060020315818635143,0,0.8580663034444547,0,0.08191338073691015,0.060020315818635143,0,0.060020315818635143,0,0.42287573194534805,3.4228757319453478,3.4228757319453478,0
4,29,exact,0.12564779758057068,0,0.06767014498106935,0.05797765259950134,0,0.8743522024194293,0,0.06767014498106935,0.05797765259950134,0,0.05797765259950134,0,0.46142991533396055,3.461429915333961,3.461429915333961,0
4,30,exact,0.13547326622956876,0,0.08118939883645766,0.05428386739311109,0,0.8645267337704312,0,0.08118939883645766,0.05428386739311109,0,0.05428386739311109,0,0.4006980041443996,3.4006980041443993,3.4006980041443993,0
4,31,exact,0.05401791485825099,0,0,0.05401791485825099,0,0.945982085141749,0,0,0.05401791485825099,0,0.05401791485825099,0,1,4,4,0
4,32,exact,0.04493489703573737,0,0,0.04493489703573737,0,0.9550651029642626,0,0,0.04493489703573737,0,0.04493489703573737,0,1,4,4,0
4,33,exact,0.03806076276664512,0,0,0.03806076276664512,0,0.9619392372333548,0,0,0.03806076276664512,0,0.03806076276664512,0,1,4,4,0
4,34,exact,0.03074706805799243,0,0,0.03074706805799243,0,0.9692529319420076,0,0,0.03074706805799243,0,0.03074706805799243,0,1,4,4,0
4,35,exact,0.025354141656662665,0,0,0.025354141656662665,0,0.9746458583433374,0,0,0.025354141656662665,0,0.025354141656662665,0,1,4,4,0
4,36,exact,0.019447779111644657,0,0,0.019447779111644657,0,0.9805522208883554,0,0,0.019447779111644657,0,0.019447779111644657,0,1,4,4,0
4,37,exact,0.015602548711792409,0,0,0.015602548711792409,0,0.9843974512882075,0,0,0.015602548711792409,0,0.015602548711792409,0,1,4,4,0
4,38,exact,0.010933604210915136,0,0,0.010933604210915136,0,0.9890663957890848,0,0,0.010933604210915136,0,0.010933604210915136,0,1,4,4,0
4,39,exact,0.008274078862314157,0,0,0.008274078862314157,0,0.9917259211376859,0,0,0.008274078862314157,0,0.008274078862314157,0,1,4,4,0
4,40,exact,0.0067226890756302525,0,0,0.0067226890756302525,0,0.9932773109243698,0,0,0.0067226890756302525,0,0.0067226890756302525,0,1,4,4,0
4,41,exact,0,0,0,0,0,1,0,0,0,0,0,,,,,0
4,42,exact,0,0,0,0,0,1,0,0,0,0,0,,,,,0
4,43,exact,0,0,0,0,0,1,0,0,0,0,0,,,,,0
4,44,exact,0,0,0,0,0,1,0,0,0,0,0,,,,,0
4,45,exact,0,0,0,0,0,1,0,0,0,0,0,,,,,0
4,46,exact,0,0,0,0,0,1,0,0,0,0,0,,,,,0
4,47,exact,0,0,0,0,0,1,0,0,0,0,0,,,,,0
4,48,exact,0,0,0,0,0,1,0,0,0,0,0,,,,,0
4,49,exact,0,0,0,0,0,1,0,0,0,0,0,,,,,0
4,50,exact,0,0,0,0,0,1,0,0,0,0,0,,,,,0
5,2,exact,0.04168436605411395,0.04168436605411395,0,0,0,0.958315633945886,0.04168436605411395,0,0,0,0,0,0,2,2,0
5,3,exact,0.1016514298026903,0.1001785329516422,0.001754547973035368,0,0,0.8983485701973097,0.09989688182965493,0.001754547973035368,0,0,0,0,0,2.0144896815903826,2.0172604357502992,0
5,4,exact,0.14771600948071537,0.14024994613229907,0.00963616215717056,0.00001846892603195124,0,0.8522839905192846,0.1380629174746822,0.009634623080001231,0.00001846892603195124,0,0.00001846892603195124,0,0.0001250299550934078,2.0506475509757545,2.0654740198172483,0
5,5,exact,0.20955920829870409,0.1962200264721273,0.019216917536245267,0.00028165112198725645,0,0.7904407917012959,0.1900944993381968,0.019183057838520024,0.00028165112198725645,0,0.00028165112198725645,0,0.001344016921393371,2.06471845416021,2.09422807159277,0
5,6,exact,0.25793086465355375,0.23467848677932712,0.03509865484655401,0.0009095946070735986,0.0000015390771693292702,0.7420691353464463,0.222090374611383,0.034929356357927786,0.0009095946070735986,0.0000015390771693292702,0.0009111336842429279,0.000005967014344702484,0.0035324724920638706,2.092685633816264,2.142492302551495,0
5,7,exact,0.3213316095669037,0.28812448056145534,0.0522347400498661,0.002176255117431588,0.000010773540185304892,0.6786683904330963,0.2674146581709607,0.0517299227383261,0.002176255117431588,0.000010773540185304892,0.002187028657616893,0.00003352779454167505,0.0068061422919600345,2.107844545985765,2.1746319127127816,0
5,8,exact,0.37344322344322345,0.3249699879951981,0.07533321020715979,0.0041539692800197005,0.00003539877489457321,0.6265567765567766,0.2949872256594946,0.0742666297288146,0.0041539692800197005,0.00003539877489457321,0.004189368054914273,0.00009479024567158889,0.011218219509481086,2.13648971113703,2.221401164683628,0
5,9,exact,0.4357712315695509,0.3758918952196263,0.09983531874288176,0.0070151137378028135,0.00009234463015975621,0.5642287684304491,0.33089081786560776,0.09777295533598054,0.0070151137378028135,0.00009234463015975621,0.00710745836796257,0.00021191079968072108,0.01631006788209283,2.1462608339396336,2.2571996694191525,0
5,10,exact,0.4907563025210084,0.41112444977991197,0.12981808107858528,0.011076738387662757,0.0001862283374888417,0.5092436974789916,0.35329824237387264,0.12619509342198418,0.011076738387662757,0.0001862283374888417,0.0112629667251516,0.0003794721260474686,0.02295022329268905,2.173870364795022,2.303424030307592,0
5,11,exact,0.6486840890202235,0.5927417120694431,0.1612106381013944,0.016272662911318375,0.00035398774894573214,0.35131591097977655,0.47663373041524304,0.15542370794471635,0.016272662911318375,0.00035398774894573214,0.016626650660264107,0.0005457012973455191,0.025631352674885404,2.0921452229782957,2.2914068653968434,0
5,12,exact,0.654440237633515,0.5504386369932588,0.21562932865453874,0.023015359990149906,0.0005971619416997568,0.34555976236648506,0.42512081755779235,0.20570689814387294,0.023015359990149906,0.0005971619416997568,0.02361252193184966,0.0009124774232390126,0.03608048615291992,2.169198713124623,2.3873984045755563,0
5,13,exact,0.6679333271770247,0.5191584326038108,0.2670191153384431,0.03197740634715425,0.0009588450764921353,0.33206667282297536,0.3834733893557423,0.251523686397636,0.03197740634715425,0.0009588450764921353,0.03293625142364638,0.0014355401018012225,0.04931068728498581,2.2397052419103973,2.476626964650689,0
5,14,exact,0.6722058053990827,0.47433127096992644,0.30719980299812233,0.04510881275587158,0.0014559670021854895,0.3277941946009173,0.33852925785698895,0.2871117677840367,0.04510881275587158,0.0014559670021854895,0.04656477975805707,0.0021659542218935386,0.06927161203318077,2.3245542736383222,2.567828024150619,0
5,15,exact,0.6768399667559332,0.4414381137070213,0.34465478499091945,0.05937913626989257,0.0022024194293101857,0.32316003324406684,0.297466678979284,0.3177917320774464,0.05937913626989257,0.0022024194293101857,0.06158155569920276,0.0032539736680537554,0.09098392341451213,2.3890647383859744,2.654744525547445,0
5,16,exact,0.6793686705451412,0.3940868655154369,0.37102841136454584,0.0772585957459907,0.0032105149752208574,0.3206313294548589,0.26041493520485115,0.3384846246190784,0.0772585957459907,0.0032105149752208574,0.08046911072121156,0.004725733043657527,0.11844689667046507,2.4823238101279297,2.739853606486442,0
5,17,exact,0.679694954905039,0.3595807553790747,0.3950210853572198,0.09476559854711115,0.004612614276479823,0.32030504509496105,0.2254717271523994,0.3548450149290485,0.09476559854711115,0.004612614276479823,0.09937821282359098,0.006786300594395698,0.14621001981318993,2.5514859892442687,2.8212714407019526,0
5,18,exact,0.6740665496968018,0.3097054206297904,0.4061301443654385,0.114896727921938,0.006356388709329886,0.3259334503031982,0.19100563302243975,0.36180780004309415,0.114896727921938,0.006356388709329886,0.1212531166312679,0.009429912687684946,0.17988300515106126,2.649994976801958,2.9059497497534066,0
5,19,exact,0.6657155169760212,0.2735863576199711,0.4172145781389479,0.1339997537476529,0.00852033120940684,0.33428448302397884,0.15893126481361775,0.36426416720534366,0.1339997537476529,0.00852033120940684,0.14252008495705976,0.012798757114916008,0.21408556856906383,2.721435143870422,2.9881468158005466,0
5,20,exact,0.8771400868039524,0.49230769230769234,0.4148859543817527,0.1543171114599686,0.011138301474435928,0.12285991319604765,0.344063779357897,0.3676208945116508,0.1543171114599686,0.011138301474435928,0.16545541293440452,0.012698429409401083,0.1886305453639415,2.5676497991798746,2.809072612837398,0
5,21,exact,0.6033013205282113,0,0.48216055653030443,0.1725197771416259,0.014124111182934712,0.3966986794717887,0,0.4166574322036507,0.1725197771416259,0.014124111182934712,0.1866438883245606,0.023411371237458196,0.30937092622497064,3.2242078221582746,3.3327822974624293,0
5,22,exact,0.5805768461230646,0,0.4258241758241758,0.19713885554221688,0.017539323421676363,0.4194231538769354,0,0.36589866715917135,0.19713885554221688,0.017539323421676363,0.21467817896389324,0.030210166903484402,0.36976703497126373,3.2967600152694416,3.3999772018747483,0
5,23,exact,0.5608889709730046,0,0.3795225782620741,0.21735001692984887,0.021436266814418074,0.4391110290269954,0,0.32210268722873764,0.21735001692984887,0.021436266814418074,0.23878628374426694,0.03821837818852351,0.4257282565746147,3.3615736269043333,3.463946634763138,0
5,24,exact,0.5314202604118571,0,0.32663680856958166,0.2289561978637609,0.026010404161664665,0.468579739588143,0,0.2764536583864315,0.2289561978637609,0.026010404161664665,0.25496660202542554,0.048945074358862965,0.47978336736319266,3.4342963059501566,3.5287284417220555,0
5,25,exact,0.5066657432203651,0,0.28624680641487366,0.23765967925631792,0.03055683811986333,0.49333425677963494,0,0.23844922584418382,0.23765967925631792,0.03055683811986333,0.26821651737618124,0.06030965884064751,0.5293756701832619,3.495347827011461,3.5896853290239092,0
5,26,exact,0.47395265798627145,0,0.2382322159633084,0.23831840428479084,0.03555883892018346,0.5260473420137286,0,0.20007541478129715,0.23831840428479084,0.03555883892018346,0.2738772432049743,0.07502614094678937,0.5778578062387562,3.5723763257194445,3.6528839471855457,0
5,27,exact,0.44480099732200573,0,0.20330593775971928,0.23716101825345523,0.03994213069843322,0.5551990026779943,0,0.16769784837011728,0.23716101825345523,0.03994213069843322,0.2771031489518885,0.08979775436411135,0.6229823013442675,3.632726077403505,3.712780055708379,0
5,28,exact,0.40898513251454427,0,0.1606796564779758,0.22936867054514112,0.04444854865022932,0.5910148674854557,0,0.13516791331917383,0.22936867054514112,0.04444854865022932,0.27381721919537044,0.10868010868010868,0.6695040905567221,3.7158060315955055,3.778184199236831,0
5,29,exact,0.378012743558962,0,0.13232985501893066,0.22041585865115276,0.04816849816849817,0.6219872564410379,0,0.10942838673931111,0.22041585865115276,0.04816849816849817,0.2685843568196509,0.12742559342046336,0.7105166727739098,3.7773584137453686,3.837942266194373,0
5,30,exact,0.40494659402222427,0,0.16263736263736264,0.20581309446855664,0.05157909317573183,0.5950534059777757,0,0.1475544063779358,0.20581309446855664,0.05157909317573183,0.25739218764428845,0.1273725818098894,0.6356200828550795,3.725745885751207,3.7629926646649685,0
5,31,exact,0.2582663834764675,0,0,0.20431249422846062,0.0539538892480069,0.7417336165235325,0,0,0.20431249422846062,0.0539538892480069,0.2582663834764675,0.2089079055576082,1,4.208907905557608,4.208907905557608,0
5,32,exact,0.22681841967556254,0,0,0.17028195893742112,0.05653646073814141,0.7731815803244375,0,0,0.17028195893742112,0.05653646073814141,0.22681841967556254,0.2492586837480407,1,4.249258683748041,4.249258683748041,0
5,33,exact,0.20121125373226215,0,0,0.14377751100440175,0.05743374272786037,0.7987887462677379,0,0,0.14377751100440175,0.05743374272786037,0.20121125373226212,0.2854400122384977,0.9999999999999999,4.285440012238498,4.285440012238498,0
5,34,exact,0.17321544002216271,0,0,0.11635269492412349,0.056862745098039215,0.8267845599778373,0,0,0.11635269492412349,0.056862745098039215,0.17321544002216271,0.3282775778577458,1,4.328277577857746,4.328277577857746,0
5,35,exact,0.15106658047834517,0,0,0.09578446763320712,0.05528211284513806,0.8489334195216548,0,0,0.09578446763320712,0.05528211284513806,0.15106658047834517,0.36594535118283517,1,4.365945351182836,4.365945351182836,0
5,36,exact,0.12641056422569028,0,0,0.07394957983193277,0.0524609843937575,0.8735894357743097,0,0,0.07394957983193277,0.0524609843937575,0.12641056422569028,0.41500474833808165,1,4.415004748338081,4.415004748338081,0
5,37,exact,0.10805399082710007,0,0,0.0590020623634069,0.04905192846369317,0.8919460091728999,0,0,0.0590020623634069,0.04905192846369317,0.10805399082710007,0.4539575825772359,1,4.453957582577236,4.453957582577236,0
5,38,exact,0.0869701726844584,0,0,0.04201680672268908,0.044953365961769326,0.9130298273155416,0,0,0.04201680672268908,0.044953365961769326,0.0869701726844584,0.5168825653004884,1,4.516882565300488,4.516882565300488,0
5,39,exact,0.07214270323514022,0,0,0.03167420814479638,0.04046849509034383,0.9278572967648598,0,0,0.03167420814479638,0.04046849509034383,0.07214270323514022,0.560950633613517,1,4.560950633613516,4.560950633613516,0
5,40,exact,0.06250038476929233,0,0,0.02689075630252101,0.03560962846677133,0.9374996152307077,0,0,0.02689075630252101,0.03560962846677133,0.06250038476929234,0.5697505479080993,1.0000000000000002,4.569750547908099,4.569750547908099,0
5,41,exact,0.031618801366700526,0,0,0,0.031618801366700526,0.9683811986332995,0,0,0,0.031618801366700526,0.031618801366700526,1,1,5,5,0
5,42,exact,0.025214701265121434,0,0,0,0.025214701265121434,0.9747852987348785,0,0,0,0.025214701265121434,0.025214701265121434,1,1,5,5,0
5,43,exact,0.020221934927817282,0,0,0,0.020221934927817282,0.9797780650721827,0,0,0,0.020221934927817282,0.020221934927817282,1,1,5,5,0
5,44,exact,0.015558531104749591,0,0,0,0.015558531104749591,0.9844414688952504,0,0,0,0.015558531104749591,0.015558531104749591,1,1,4.999999999999999,4.999999999999999,0
5,45,exact,0.012010958229445624,0,0,0,0.012010958229445624,0.9879890417705544,0,0,0,0.012010958229445624,0.012010958229445624,1,1,5,5,0
5,46,exact,0.008655770000307815,0,0,0,0.008655770000307815,0.9913442299996922,0,0,0,0.008655770000307815,0.008655770000307815,1,1,5,5,0
5,47,exact,0.006433342567796349,0,0,0,0.006433342567796349,0.9935666574322036,0,0,0,0.006433342567796349,0.006433342567796349,1,1,5,5,0
5,48,exact,0.004093945270415859,0,0,0,0.004093945270415859,0.9959060547295842,0,0,0,0.004093945270415859,0.004093945270415859,1,1,5,5,0
5,49,exact,0.0028011204481792717,0,0,0,0.0028011204481792717,0.9971988795518207,0,0,0,0.0028011204481792717,0.0028011204481792717,1,1,5,5,0
5,50,exact,0.0016806722689075631,0,0,0,0.0016806722689075631,0.9983193277310924,0,0,0,0.0016806722689075631,0.0016806722689075631,1,1,5.000000000000001,5.000000000000001,0
6,2,exact,0.06079970449718349,0.06079970449718349,0,0,0,0.9392002955028165,0.06079970449718349,0,0,0,0,0,0,2,2,0
6,3,exact,0.14384493568294748,0.1411963148598228,0.003453689167974882,0,0,0.8561550643170526,0.1403912465149726,0.003453689167974882,0,0,0,0,0,2.0184130279634074,2.0240098071689308,0
6,4,exact,0.20990248800011002,0.19759609244679868,0.018142969135280955,0.000055406778095853724,0,0.79009751199989,0.19171305183284443,0.018134029389169744,0.000055406778095853724,0,0.000055406778095853724,0,0.00026396437042625564,2.0588116361485165,2.086920565445379,0
6,5,exact,0.29227586288197765,0.27153447303635037,0.0359829692924633,0.000805068344850215,0,0.7077241371180223,0.2556720233101424,0.03579877122698506,0.000805068344850215,0,0.000805068344850215,0,0.0027544811155866995,2.0726833452542928,2.1279917799157824,0
6,6,exact,0.3578801405996114,0.32360977124073853,0.0640402151040449,0.0025782817218540444,0.000008939746111210441,0.6421198594003886,0.29213037096999195,0.06316362879030499,0.002577201093203239,0.000008939746111210441,0.0025861408393144493,0.000024979721132981328,0.007226276470612456,2.0994582694543302,2.1909713405737925,0.0000015718234920809567
6,7,exact,0.4383903152095535,0.3912156679365691,0.09485424284279997,0.005992773541495158,0.00006189055000068767,0.5616096847904465,0.3399695066242536,0.09237793316999468,0.005980984865304551,0.00006189055000068767,0.006042875415305239,0.00014117681858711586,0.013784235658620112,2.1135901959646293,2.238430391649145,0.000011002764444566698
6,8,exact,0.5053174788737099,0.43904193428598937,0.13432430255244487,0.011352986366395985,0.00019785328206569044,0.49468252112629013,0.3646113764654798,0.1292011403579435,0.011307108768220872,0.00019785328206569044,0.011504962050286562,0.00039154252591198886,0.022767789619962675,2.1392056158162958,2.3016102234980726,0.00004823533341323436
6,9,exact,0.5774150576760982,0.5004410929674652,0.1755618777789348,0.018950493454337546,0.0005097620062755053,0.42258494232390176,0.39217359611602415,0.16591284631692285,0.018818853236875766,0.0005097620062755053,0.01932861524315127,0.0008828346256280988,0.03347438724743767,2.1430893052981306,2.355168844461519,0.0001351768203189623
6,10,exact,0.6420841004159438,0.5440937749895376,0.22483991960122837,0.02944742545135894,0.0010227658985034276,0.35791589958405623,0.40352284940162647,0.20840778209810928,0.029130703017704627,0.0010227658985034276,0.030153468916208053,0.0015928846358925213,0.04696186822983867,2.1643871938256485,2.42009681543943,0.0002766409346062484
6,11,exact,0.7712622528553156,0.7220697771743722,0.27549055628798164,0.042854686882936484,0.001914088057481585,0.2287377471446844,0.4775034727475278,0.24967532020991703,0.042169371840389186,0.001914088057481585,0.04408345989787077,0.002481760322633937,0.057157548855357475,2.066243283076965,2.440519844975321,0.0011466452374730579
6,12,exact,0.782078068543293,0.6782357460169011,0.3535072294056739,0.05991378548145936,0.0032125125009087106,0.21792193145670707,0.4099111330293165,0.31031646701233684,0.0586379560007309,0.0032125125009087106,0.06185046850163961,0.004107662176094992,0.07908477553506002,2.1371570521001444,2.559061728109719,0.0014865520676355648
6,13,exact,0.7944039154123188,0.6427467222568242,0.4172820028174936,0.08176321265003546,0.005130333639183988,0.20559608458768122,0.35523662820283597,0.3545568145425109,0.07948013902778787,0.005130333639183988,0.08461047266697186,0.0064580920859651034,0.10650812643975521,2.200309678766093,2.6657924051659787,0.0018264588977980718
6,14,exact,0.8036914274711521,0.5932089366024642,0.4731597385271621,0.11154985725877913,0.00775380528643536,0.19630857252884787,0.2999734754785711,0.3885870878629684,0.1073770588431772,0.00775380528643536,0.11513086412961257,0.009647739196165156,0.14325257206223604,2.2804891196462433,2.7796557235657717,0.002025294569546313
6,15,exact,0.8093122682788336,0.5537726710978991,0.5157093934136666,0.14362861347484984,0.011599860893620952,0.19068773172116638,0.2546845252012425,0.4059199784660182,0.13710790371795198,0.011599860893620952,0.14870776461157292,0.014332985360879805,0.18374584253841855,2.342728994197762,2.8833862979777134,0.002413534972090309
6,16,exact,0.8174943954668611,0.4984053850672839,0.5510467362067577,0.17991602532993559,0.01675681729320206,0.18250560453313894,0.212770771156253,0.41789304920004006,0.1700737578173659,0.01675681729320206,0.18683057511056794,0.02049777635922806,0.22854049660349204,2.4343824085307815,2.9887664321573255,0.0025619740531237045
6,17,exact,0.82046818727491,0.4549464302906105,0.5766806231494235,0.2174516615156701,0.023684432856612366,0.17953181272509003,0.17706454103736421,0.41620255303430703,0.20351666034662638,0.023684432856612366,0.22720109320323875,0.02886697281375097,0.2769163956958049,2.5058797793375023,3.08997421980208,0.0029778196057473724
6,18,exact,0.8244504020920971,0.3936238980043736,0.5905413556584663,0.25710837526499963,0.032245173028294785,0.17554959790790292,0.14496161803510274,0.40949764521193094,0.2377459658167686,0.032245173028294785,0.26999113884506337,0.039111113229456304,0.3274801469681416,2.609013863311526,3.1907630749395723,0.002980177340985494
6,19,exact,0.8210005442438841,0.34606680642797216,0.6007259859754049,0.29346033012222894,0.04265879838023589,0.17899945575611587,0.1158198140139853,0.39420370439501495,0.268318227454648,0.04265879838023589,0.3109770258348839,0.05195952509327909,0.3787780994972227,2.68725651170766,3.289666081062292,0.0033951387428948665
6,20,exact,0.9826152392217116,0.6080430208089782,0.5969015429412354,0.3324322200238524,0.05493847293418186,0.0173847607782884,0.24211465273507113,0.38596607218992346,0.2995960413625352,0.05493847293418186,0.35453451429671706,0.055910462957704916,0.36080705869932267,2.4703505075234724,3.1703192946899397,0.003913840495281582
6,21,exact,0.8080990170208836,0,0.6810084426569318,0.36528676937223337,0.06892504956155948,0.19190098297911637,0,0.411945367344974,0.3272286001143502,0.06892504956155948,0.39615364967590966,0.08529282688111259,0.49022909486557625,3.1760886716874244,3.5755219217466894,0
6,22,exact,0.8039014623852815,0,0.6170831671457454,0.41231140574069236,0.08457893795816199,0.19609853761471854,0,0.35433715220949263,0.36498537221762684,0.08457893795816199,0.4495643101757888,0.1052105785542486,0.5592281283353712,3.2604545062385726,3.664438706889619,0
6,23,exact,0.7960344858074162,0,0.5572407031552392,0.4450627059334372,0.1021346345412142,0.20396551419258374,0,0.30582360603815995,0.3880762452280421,0.1021346345412142,0.4902108797692563,0.12830428374923888,0.615816134236994,3.33973845871711,3.744120417986233,0
6,24,exact,0.78768564709026,0,0.48912573212591093,0.4694085817633109,0.12234199735540698,0.21231435290974,0,0.26014386114511273,0.4051997885897403,0.12234199735540698,0.5275417859451473,0.1553183021771983,0.6697364461240424,3.436615504230015,3.8250547483012407,0
6,25,exact,0.7695247984627567,0,0.4333195143851321,0.4808566634509778,0.1423125060171368,0.23047520153724338,0,0.21771170006464124,0.4095005923809786,0.1423125060171368,0.5518130983981153,0.18493556842018316,0.7170829315708165,3.511499333668914,3.9020184999909993,0
6,26,exact,0.7594312356693905,0,0.3671930965512228,0.48548666602483875,0.16346640129046708,0.2405687643306095,0,0.18668606558826475,0.40927876879065866,0.16346640129046708,0.5727451700811257,0.21524845649307775,0.7541764720492266,3.615406636200127,3.9694249285423044,0
6,27,exact,0.7355249792224582,0,0.3144672598990496,0.4813117063519352,0.18226501729988231,0.26447502077754176,0,0.15389763106551949,0.3993623308570564,0.18226501729988231,0.5816273481569387,0.24780262050727253,0.7907649156549266,3.693882945332639,4.0385675361621995,0
6,28,exact,0.7144194175215094,0,0.2523232533602639,0.46724516320439796,0.20083296821183466,0.28558058247849055,0,0.12723911168395344,0.3863473376257213,0.20083296821183466,0.587180305837556,0.2811135353915378,0.8218985814728047,3.8001109971163034,4.103012116864343,0
6,29,exact,0.6837666981686291,0,0.2080481292353275,0.4503106316176225,0.21604576364097194,0.3162333018313708,0,0.1015570876468427,0.3661638468808145,0.21604576364097194,0.5822096105217864,0.315964150081628,0.8514740657612476,3.874702291113854,4.167438215842876,0
6,30,exact,0.7536184359177386,0,0.2608370353051204,0.42395468825828203,0.22966826665199633,0.2463815640822614,0,0.1752492813819472,0.3487008878837951,0.22966826665199633,0.5783691545357914,0.3047540448931717,0.7674562178557471,3.845936622294226,4.072210262748919,0
6,31,exact,0.5817586936574958,0,0,0.42464756770138495,0.23895597518876618,0.4182413063425043,0,0,0.34280271846872956,0.23895597518876618,0.5817586936574958,0.410747579355383,1,4.2700623603376835,4.410747579355383,0
6,32,exact,0.5401919196483831,0,0,0.36165782188489143,0.24876582384181167,0.4598080803516169,0,0,0.2914260958065714,0.24876582384181167,0.5401919196483831,0.46051378184948805,1,4.33050123718937,4.460513781849488,0
6,33,exact,0.4984087251922045,0,0,0.30808349526389933,0.2519053447893069,0.5015912748077954,0,0,0.24650338040289765,0.2519053447893069,0.4984087251922045,0.5054192112952337,1,4.381865766605327,4.505419211295234,0
6,34,exact,0.45139833347414254,0,0,0.2533862972357519,0.248558343140857,0.5486016665258575,0,0,0.20283999033328554,0.248558343140857,0.45139833347414254,0.5506408081479884,1,4.43866364041358,4.550640808147988,0
6,35,exact,0.4084525790676336,0,0,0.2107083422567063,0.24094423366728032,0.5915474209323665,0,0,0.16750834540035325,0.24094423366728032,0.40845257906763355,0.5898952436958014,0.9999999999999999,4.484130219626263,4.589895243695802,0
6,36,exact,0.36202238669608594,0,0,0.16560810903739565,0.228366305605712,0.637977613303914,0,0,0.13365608109037397,0.228366305605712,0.362022386696086,0.6308071378951025,1.0000000000000002,4.542547325460229,4.630807137895103,0
6,37,exact,0.318672968369017,0,0,0.13244813473670974,0.21338279992848203,0.681327031630983,0,0,0.10529016844053497,0.21338279992848203,0.318672968369017,0.6695980554001335,1,4.584375997077552,4.669598055400134,0
6,38,exact,0.27491634951853083,0,0,0.09637203490234064,0.195354966863996,0.7250836504814692,0,0,0.07956138265453482,0.195354966863996,0.27491634951853083,0.7105978498773425,1,4.649449605048518,4.710597849877343,0
6,39,exact,0.23528311488261425,0,0,0.0728025416385867,0.17612400115529026,0.7647168851173858,0,0,0.05915911372732399,0.17612400115529026,0.23528311488261425,0.7485620089786756,1,4.690574728769174,4.748562008978675,0
6,40,exact,0.2133721901199105,0,0,0.06443768996960486,0.15519232242815292,0.7866278098800895,0,0,0.05817986769175756,0.15519232242815292,0.2133721901199105,0.7273315343528988,1,4.6980033342986625,4.727331534352898,0
6,41,exact,0.13838068779066454,0,0,0,0.13838068779066454,0.8616193122093354,0,0,0,0.13838068779066454,0.13838068779066454,1,1,5,5,0
6,42,exact,0.11083890184551726,0,0,0,0.11083890184551726,0.8891610981544827,0,0,0,0.11083890184551726,0.11083890184551726,1,1,5,5,0
6,43,exact,0.08900548762876673,0,0,0,0.08900548762876673,0.9109945123712333,0,0,0,0.08900548762876673,0.08900548762876673,1,1,5,5,0
6,44,exact,0.0687420303637003,0,0,0,0.0687420303637003,0.9312579696362997,0,0,0,0.0687420303637003,0.0687420303637003,1,1,5,5,0
6,45,exact,0.053308786689798666,0,0,0,0.053308786689798666,0.9466912133102013,0,0,0,0.053308786689798666,0.053308786689798666,1,1,5,5,0
6,46,exact,0.038797712210907276,0,0,0,0.038797712210907276,0.9612022877890927,0,0,0,0.038797712210907276,0.038797712210907276,1,1,5,5,0
6,47,exact,0.0287816599634944,0,0,0,0.0287816599634944,0.9712183400365056,0,0,0,0.0287816599634944,0.0287816599634944,1,1,5,5,0
6,48,exact,0.018765214760208503,0,0,0,0.018765214760208503,0.9812347852397915,0,0,0,0.018765214760208503,0.018765214760208503,1,1,5,5,0
6,49,exact,0.012837475415698194,0,0,0,0.012837475415698194,0.9871625245843018,0,0,0,0.012837475415698194,0.012837475415698194,1,1,5,5,0
6,50,exact,0.008117289468979081,0,0,0,0.008117289468979081,0.991882710531021,0,0,0,0.008117289468979081,0.008117289468979081,1,1,5,5,0
7,2,exact,0.08274078862314156,0.08274078862314156,0,0,0,0.9172592113768584,0.08274078862314156,0,0,0,0,0,0,2,2,0
7,3,exact,0.1898816425452982,0.18572385333554187,0.0059469941822883,0,0,0.8101183574547018,0.1839346483630099,0.0059469941822883,0,0,0,0,0,2.0218967413280327,2.0313194793481397,0
7,4,exact,0.27680718911061186,0.25913369973336237,0.02987746867052521,0.0001292824822236587,0,0.7231928108893881,0.24683072545890197,0.029847181169486224,0.0001292824822236587,0,0.0001292824822236587,0,0.0004670488603964601,2.064114445549059,2.1087607089637523,0
7,5,exact,0.37734668335419275,0.34928431203122395,0.05878932516577399,0.0017892049725319573,0,0.6226533166458073,0.317352435886473,0.058205042495187785,0.0017892049725319573,0,0.0017892049725319573,0,0.004741541535830958,2.0766804613657306,2.1637312719726736,0
7,6,exact,0.4575877515312679,0.4138071538300085,0.10186299525146998,0.005671267297212772,0.000030287501038983872,0.5424122484687321,0.3526782462789428,0.09921491687830046,0.005664300872985642,0.000030287501038983872,0.005694588374024626,0.00006618949248014184,0.012444800707554566,2.1001848862664576,2.2417774093759344,0.000009986204686101295
7,7,exact,0.5493523617374083,0.4918141824437738,0.14948744459001845,0.012800460680963483,0.0002071091013791128,0.45064763826259174,0.39402531951370173,0.14239146879131642,0.012728464331010993,0.0002071091013791128,0.012935573432390105,0.00037700593608826867,0.023546951525755592,2.1113765990505136,2.306669701436552,0.0000711591830925781
7,8,exact,0.6246667627415301,0.5478939572698075,0.20714264785114217,0.02396760881823732,0.0006440504046206827,0.3753332372584699,0.4075102239002767,0.19281065019760127,0.02370183823903147,0.0006440504046206827,0.024345888643652155,0.001031030371768272,0.03897420207984687,2.1310041329283944,2.3876410469268396,0.00028370986906112335
7,9,exact,0.6977071793635977,0.614446270929919,0.26606562072633794,0.03936077526435038,0.0016332527460567947,0.3022928206364023,0.41753457947613687,0.23991832839305224,0.038621018748351825,0.0016332527460567947,0.04025427149440862,0.002340885681506875,0.057695079949049544,2.1282986707183857,2.461597835959905,0.0007899267299604678
7,10,exact,0.7623005524703299,0.662526916409487,0.3340606718742432,0.059959505043033365,0.0032441710762437757,0.2376994475296701,0.40967830667455196,0.29112650966598835,0.05825156505354579,0.0032441710762437757,0.06149573612978956,0.004255763774184127,0.08067124696486834,2.140696793706278,2.5475034114160056,0.0016276915662016603
7,11,exact,0.857283889859936,0.817635996261452,0.40173789860354586,0.0858588763905192,0.005955904029583085,0.142716110140064,0.43277789305432557,0.33620507478590955,0.08234501799011784,0.005955904029583085,0.08830092201970093,0.006947411586792057,0.10300079479404148,2.047687816870022,2.605123727380029,0.005218718811797116
7,12,exact,0.8693605001952392,0.7774156898225026,0.4930347119278936,0.11783643792676823,0.00987557906532712,0.13063949980476072,0.3566340091861124,0.3913241408425606,0.11152677110123918,0.00987557906532712,0.1214023501665663,0.011359590254111249,0.1396455787205676,2.108008414832289,2.740779481120193,0.0074005550416281225
7,13,exact,0.8784443586016204,0.7416135314867426,0.5597036309720643,0.15663385969203023,0.015562244252999001,0.1215556413983796,0.29537961630250903,0.4217617937376331,0.14574070430847924,0.015562244252999001,0.16130294856147825,0.017715685803677144,0.1836234099314537,2.1620055197698154,2.8650860212971336,0.009884608507887607
7,14,exact,0.8884044915197987,0.6922347391956142,0.6216047651537666,0.2048019293108263,0.023173914837407248,0.1115955084802013,0.23783276635211117,0.44060070908033033,0.18679710124994992,0.023173914837407248,0.20997101608735716,0.026084869064274426,0.2363461892545799,2.233023109440322,2.9947233096274335,0.011739830067086964
7,15,exact,0.8922677773877643,0.6494897169000668,0.6616730062123761,0.25566489884931415,0.033871442265086496,0.10773222261223567,0.19455608330288637,0.43579223192870686,0.22804801989108459,0.033871442265086496,0.26191946215617107,0.03796107303600021,0.29354356258720454,2.289685092068593,3.113457891995999,0.014728097173545288
7,16,exact,0.9012101844936367,0.5902635700263169,0.6984260665057314,0.30834798873651786,0.047812811882028836,0.09878981550636337,0.15429909101618303,0.4304857899895175,0.2686124916059073,0.047812811882028836,0.3164253034879361,0.05305400749426,0.3511115485958763,2.3746427327554422,3.232952343377855,0.016384521502331807
7,17,exact,0.90223897286802,0.5401317461446972,0.7207305237614864,0.36228545356803504,0.06531519033287549,0.09776102713197996,0.12268219890247424,0.4068437792821533,0.307397804350517,0.06531519033287549,0.3727129946833925,0.07239233983126755,0.4130978664096271,2.4412948577615805,3.3495149240908737,0.018980366643206063
7,18,exact,0.9085647850544188,0.4703693759578833,0.7348821717543489,0.4150568047613267,0.08656227594574441,0.09143521494558117,0.09616386225734869,0.38369198956890094,0.3421466572824248,0.08656227594574441,0.4287089332281692,0.09527364186865302,0.4718529050215077,2.5397080787028163,3.4612850440725174,0.01931559217296824
7,19,exact,0.9052895790067255,0.41240681286390596,0.7420313973451047,0.46360309440790476,0.1113528197872759,0.09471042099327456,0.07310834673298623,0.3513420681728893,0.369486344313574,0.1113528197872759,0.4808391641008499,0.12300243189527386,0.5311440397098371,2.6174295229589424,3.573389608355675,0.02129178434342498
7,20,exact,0.9975185477307695,0.70465686025353,0.737728180292255,0.5111447838225875,0.1389192594421957,0.0024814522692304703,0.13496959589357696,0.32926681524385176,0.3943628771511451,0.1389192594421957,0.5332821365933408,0.13926483849169494,0.5346087426709921,2.328947735592673,3.5385682315021563,0.03550783438686796
7,21,exact,0.9013365966894834,0,0.8187650951649428,0.5513628179514886,0.17017853181263967,0.09866340331051655,0,0.3193819376466163,0.41177612723022744,0.17017853181263967,0.5819546590428671,0.18880685909979458,0.6456574171961138,3.098088815749101,3.8344642762959085,0
7,22,exact,0.9038197830900666,0,0.7632613509361619,0.6104993879712278,0.20337617435076216,0.0961802169099334,0,0.2622168058855222,0.43822680285378224,0.20337617435076216,0.6416029772045444,0.22501850275443186,0.7098793246270512,3.166041119797648,3.934897827381483,0
7,23,exact,0.8996907266428951,0,0.7033352727698922,0.6421646862687294,0.23983921612479048,0.10030927335710489,0,0.21969387199838308,0.44015763851972156,0.23983921612479048,0.6799968546445121,0.2665796245557918,0.7558117856586691,3.236796746634945,4.022391410214461,0
7,24,exact,0.9010013412609048,0,0.6324308873908917,0.675327975066779,0.2803366247943709,0.09899865873909515,0,0.17816459537632742,0.44250012109020653,0.2803366247943709,0.7228367458845775,0.31113896501203236,0.8022593450005355,3.327459778768334,4.113398310012568,0
7,25,exact,0.8920046977020367,0,0.5690996928195601,0.6855476895091631,0.32087870229569093,0.10799530229796324,0,0.147542825569707,0.42358316983663885,0.32087870229569093,0.7444618721323297,0.35972759237964974,0.8345941159841381,3.403619963374814,4.194321708363788,0
7,26,exact,0.8916413074872018,0,0.4928113677691955,0.694376152225638,0.35895628015669373,0.10835869251279819,0,0.12054832037418967,0.41213670695631843,0.35895628015669373,0.7710929871130121,0.4025792402645567,0.8648017769455797,3.5074446481720187,4.267381017210137,0
7,27,exact,0.8812617539722073,0,0.42571872269864325,0.6888722585027749,0.39654561034546887,0.11873824602779275,0,0.09933128307182831,0.38538486055491006,0.39654561034546887,0.7819304709003789,0.4499748327418903,0.8872851537876214,3.597430198348393,4.337259986529512,0
7,28,exact,0.8736914932485482,0,0.3475866572345867,0.6757832742433058,0.43092015999454647,0.12630850675145175,0,0.07980950866079016,0.36296182459321163,0.43092015999454647,0.793881984587758,0.49321775858467476,0.9086525286356589,3.7099410135130144,4.401870287220334,0
7,29,exact,0.8576884208461724,0,0.28783638410889867,0.6562747151091277,0.458030702496611,0.1423115791538276,0,0.06453527970641754,0.3351224386431439,0.458030702496611,0.7931531411397549,0.5340292481093895,0.9247567320044396,3.7987601218376663,4.458785980113829,0
7,30,exact,0.9281919826921732,0,0.3665084221975989,0.6269030148172554,0.4853081700907788,0.07180801730782685,0,0.12590666665869366,0.3169771459427007,0.4853081700907788,0.8022853160334795,0.522853223406614,0.8643527750654473,3.74743975885665,4.387205998472061,0
7,31,exact,0.8159328998802253,0,0,0.639284353889567,0.5019399548049491,0.18406710011977465,0,0,0.31399294507527625,0.5019399548049491,0.8159328998802253,0.6151730796473966,1,4.216498864081335,4.615173079647397,0
7,32,exact,0.7893253152680698,0,0,0.5645578234140023,0.5233011044024811,0.2106746847319302,0,0,0.2660242108655887,0.5233011044024811,0.7893253152680698,0.6629726606763627,1,4.2847590055790015,4.662972660676363,0
7,33,exact,0.7537437802987131,0,0,0.4921820574810726,0.5288860538166736,0.24625621970128692,0,0,0.22485772648203947,0.5288860538166736,0.7537437802987131,0.7016788299162786,1,4.347016757755509,4.701678829916279,0
7,34,exact,0.7157456734917692,0,0,0.4160162577804195,0.5276045008482294,0.28425432650823085,0,0,0.18814117264353974,0.5276045008482294,0.7157456734917691,0.7371396298832069,0.9999999999999999,4.418765249741738,4.737139629883207,0
7,35,exact,0.6675616080061855,0,0,0.3525659463244488,0.511931750569722,0.33243839199381453,0,0,0.15562985743646351,0.511931750569722,0.6675616080061855,0.7668681728098697,1,4.4718600619088,4.76686817280987,0
7,36,exact,0.6240410104125618,0,0,0.2843050946985213,0.4929638517329653,0.3759589895874382,0,0,0.13107715867959652,0.4929638517329653,0.6240410104125618,0.7899542554215474,1,4.544412803077536,4.789954255421548,0
7,37,exact,0.569301240741084,0,0,0.22962745476757557,0.4649031846425327,0.430698759258916,0,0,0.10439805609855128,0.4649031846425327,0.569301240741084,0.816620712151177,1,4.596650352511687,4.816620712151177,0
7,38,exact,0.5160523755506614,0,0,0.17131926135571998,0.4309290100442084,0.48394762444933853,0,0,0.08512336550645307,0.4309290100442084,0.5160523755506615,0.8350489804147867,1.0000000000000002,4.66801962461095,4.835048980414787,0
7,39,exact,0.4589045552042777,0,0,0.13031506774772814,0.3945080060060742,0.5410954447957224,0,0,0.06439654919820344,0.3945080060060742,0.45890455520427764,0.8596733275625519,0.9999999999999999,4.71603012811734,4.859673327562552,0
7,40,exact,0.436716852826664,0,0,0.11994185278181578,0.3535056960235172,0.563283147173336,0,0,0.0832111568031468,0.3535056960235172,0.436716852826664,0.8094619974829003,1,4.725355566185531,4.8094619974829005,0
7,41,exact,0.3213866233891265,0,0,0,0.3213866233891265,0.6786133766108735,0,0,0,0.3213866233891265,0.3213866233891265,1,1,5,5,0
7,42,exact,0.26419326714532676,0,0,0,0.26419326714532676,0.7358067328546732,0,0,0,0.26419326714532676,0.26419326714532676,1,1,5,5,0
7,43,exact,0.21528950724956603,0,0,0,0.21528950724956603,0.784710492750434,0,0,0,0.21528950724956603,0.21528950724956603,1,1,5,5,0
7,44,exact,0.16954569346417853,0,0,0,0.16954569346417853,0.8304543065358214,0,0,0,0.16954569346417853,0.16954569346417853,1,1,5,5,0
7,45,exact,0.13364280601588105,0,0,0,0.13364280601588105,0.8663571939841189,0,0,0,0.13364280601588105,0.13364280601588105,1,1,5,5,0
7,46,exact,0.09941069432825432,0,0,0,0.09941069432825432,0.9005893056717457,0,0,0,0.09941069432825432,0.09941069432825432,1,1,5,5,0
7,47,exact,0.07423242263531755,0,0,0,0.07423242263531755,0.9257675773646824,0,0,0,0.07423242263531755,0.07423242263531755,1,1,5,5,0
7,48,exact,0.04980389366306545,0,0,0,0.04980389366306545,0.9501961063369345,0,0,0,0.04980389366306545,0.04980389366306545,1,1,5,5,0
7,49,exact,0.034271099744245526,0,0,0,0.034271099744245526,0.9657289002557545,0,0,0,0.034271099744245526,0.034271099744245526,1,1,5,5,0
7,50,exact,0.022809567860446675,0,0,0,0.022809567860446675,0.9771904321395534,0,0,0,0.022809567860446675,0.022809567860446675,1,1,5,5,0
8,2,exact,0.10720103425985779,0.10720103425985779,0,0,0,0.8927989657401422,0.10720103425985779,0,0,0,0,0,0,2,2,0
8,3,exact,0.2385959728420413,0.23264307464013617,0.00936005171299289,0,0,0.7614040271579587,0.22923592112904842,0.00936005171299289,0,0,0,0,0,2.024949701082533,2.0392297137353177,0
8,4,exact,0.3459925838975738,0.32289031061083084,0.04496618942175888,0.0002585649644473174,0,0.6540074161024262,0.3008460036212118,0.044888015311914754,0.0002585649644473174,0,0.0002585649644473174,0,0.000747313602894627,2.067122004099825,2.1312315562643707,0
8,5,exact,0.4610227880141359,0.4265113230472103,0.08758944380427756,0.0034071535110877767,0,0.5389772119858641,0.37143775102963217,0.08617788347341593,0.0034071535110877767,0,0.0034071535110877767,0,0.007390423206115587,2.077657372009501,2.201708446769317,0
8,6,exact,0.5519477796574167,0.5012967993715668,0.14764982346742156,0.010669468385091174,0.00007817410984413215,0.4480522203425833,0.399672504310911,0.14155329135140857,0.010643809885252993,0.00007817410984413215,0.010721983995097125,0.0001416331630007703,0.019425721762576984,2.096706665782843,2.295454460479331,0.00003609650886137799
8,7,exact,0.6483094790609619,0.585250136488097,0.2138698257357451,0.02337650788866983,0.0005273327338952849,0.35169052093903813,0.42630466375691384,0.19835240778158555,0.023125074788567197,0.0005273327338952849,0.02365240752246248,0.0008133966121536511,0.03648320483717375,2.103877696655794,2.379733080437123,0.0002576666711182682
8,8,exact,0.7251665633164246,0.6460332343283859,0.2893377020155058,0.04310439543829107,0.0015948772829656544,0.27483343668357546,0.42253228490808076,0.2588170088121114,0.04222239231326678,0.0015948772829656544,0.04381726959623243,0.002199325456584426,0.06042373133675894,2.1164314583959483,2.4799537690979734,0.000948248271532812
8,9,exact,0.7921921313889535,0.7124178196148594,0.36434891041736556,0.06940646663561176,0.003968812743912053,0.2078078686110465,0.410600088513785,0.31059464692919553,0.06702858320206091,0.003968812743912053,0.07099739594597297,0.005009911846705064,0.08962143542311253,2.10798264124019,2.576322628658995,0.002577782933662566
8,10,exact,0.8495350156002058,0.7606252626527971,0.44714674996875575,0.10335280012049887,0.0077746875689956715,0.15046498439979422,0.3814395748574341,0.3622359225243265,0.09808483064944946,0.0077746875689956715,0.10585951821844514,0.009151697606605148,0.12460877571203374,2.1118445599236657,2.6847624121993534,0.005263807555802985
8,11,exact,0.9146073072840227,0.8845037929306309,0.5260711274239054,0.1449156869987256,0.013963172498297927,0.08539269271597726,0.36517443268490773,0.40088199780967915,0.13458770429113792,0.013963172498297927,0.14855087678943585,0.015266849922468195,0.16242039135961633,2.0338462678387383,2.7784181453798076,0.013503081538125343
8,12,exact,0.9255976816590628,0.8506555621133626,0.6194110730465957,0.19430002319483736,0.022751876433108408,0.07440231834093727,0.2882039854059226,0.4382143815566028,0.1764274382634289,0.022751876433108408,0.19917931469653732,0.024580740513877927,0.21518994552743878,2.082254277689552,2.9283999997088497,0.020156990047614197
8,13,exact,0.9315108822057726,0.8174592969140502,0.6823835057398752,0.2505241428623918,0.03516713272277293,0.06848911779422744,0.22707706579394016,0.44813651640119506,0.22113016728786442,0.03516713272277293,0.25629730001063733,0.037752787857398794,0.27514149851232844,2.1269172700987014,3.0691214328994243,0.027976761045270596
8,14,exact,0.9400843718022801,0.7717029442294719,0.7414681209185209,0.31490556325948393,0.05125034524827744,0.05991562819771994,0.17395674890369345,0.4452143868055061,0.269662890844803,0.05125034524827744,0.3209132360930804,0.054516750608270395,0.34136641956704644,2.187480815764516,3.210839408017892,0.034700268684052765
8,15,exact,0.9423286008822277,0.7285701568751033,0.7753006010392961,0.3804007052665702,0.07263828152765411,0.057671399117772304,0.13652540804741925,0.4187940598094595,0.31437085149769484,0.07263828152765411,0.38700913302534895,0.07708381286490576,0.41069445696864443,2.2388259562745727,3.342897378051638,0.04423065594747588
8,16,exact,0.9500030423706758,0.6690244753704513,0.8078558887678984,0.44417805662078397,0.09927540816369243,0.04999695762932418,0.10245533332761934,0.39519700363363636,0.35307529724572767,0.09927540816369243,0.45235070540942013,0.1045000949849135,0.4761571123820888,2.315994880343096,3.4728098334554955,0.05013429950361985
8,17,exact,0.9493920155410062,0.614626414620973,0.8248921187583647,0.5066743885343221,0.130682105618167,0.05060798445899387,0.07742125631770297,0.3553763553382642,0.3859122982668719,0.130682105618167,0.516594403885039,0.1376482037756537,0.5441318184992954,2.3790049443805046,3.600231773447951,0.057515781758041104
8,18,exact,0.9556674355977833,0.5393557682092264,0.8370011686450713,0.5643360552551389,0.1671477572266602,0.04433256440221669,0.05798217937522503,0.3205110438587067,0.4100264551371914,0.1671477572266602,0.5771742123638516,0.17490159337919362,0.6039488119659754,2.473388260215573,3.7181784841145826,0.05951429306275037
8,19,exact,0.9522686883050381,0.4723310253440307,0.8409012313860765,0.6164516270703352,0.2075260596422919,0.04773131169496191,0.041468829188261086,0.27916004657039645,0.42411375290408865,0.2075260596422919,0.6316398125463806,0.21792805139027688,0.6632999911722907,2.5520203352490265,3.837680638665384,0.06418351548024509
8,20,exact,0.9996730212282261,0.7823057608441513,0.8365516724966037,0.663732667905275,0.25078480738817027,0.0003269787717738961,0.06741489185631319,0.24883691411525116,0.43263640786849145,0.25078480738817027,0.6834212152566617,0.2508668355179267,0.6836447525781894,2.2298919026512265,3.8670746457912357,0.12503477730663887
8,21,exact,0.950479831487613,0,0.9018050327415295,0.703018874192624,0.2972695457366514,0.049520168512387046,0,0.22168908513143154,0.43152120061953003,0.2972695457366514,0.7287907463561814,0.3127573420168101,0.7667608740477301,3.0535051017365364,4.07951821606454,0
8,22,exact,0.9540765076162584,0,0.8607186479516021,0.7581989285194378,0.3446613105262504,0.04592349238374161,0,0.17449625244912834,0.43491894464087966,0.3446613105262504,0.77958025516713,0.361251228570107,0.8171045497335389,3.101506442451928,4.178355778303646,0
8,23,exact,0.95074394168588,0,0.8097612579508427,0.7823279112161955,0.3951450979594855,0.04925605831412002,0,0.141025975892385,0.4145728678340095,0.3951450979594855,0.809717965793495,0.4156167403589294,0.8516677627813072,3.156573260660637,4.267284503140236,0
8,24,exact,0.9541597817997666,0,0.7457970828455673,0.8131266660700192,0.44688850525385326,0.045840218200233436,0,0.1099894829252178,0.3972817936206955,0.44688850525385326,0.8441702988745488,0.4683581448076945,0.8847263477006417,3.232078215820791,4.353084492508336,0
8,25,exact,0.9483716260763657,0,0.682786713205171,0.8203426537245986,0.4982763093140195,0.051628373923634306,0,0.08901204809350861,0.3610832686688376,0.4982763093140195,0.8593595779828571,0.5254019580652203,0.906142227744864,3.3001980175229173,4.431544185810084,0
8,26,exact,0.9515272016441957,0,0.6046446588787558,0.8302976241138074,0.5434397193019384,0.048472798355804286,0,0.06981497084234202,0.33827251149991533,0.5434397193019384,0.8817122308018537,0.5711236823948903,0.9266285076015642,3.3966046948098745,4.497752189996454,0
8,27,exact,0.9452060098215619,0,0.528639585913352,0.8253723894263699,0.5876126665472042,0.05479399017843813,0,0.05640749243078241,0.3011858508435752,0.5876126665472042,0.8887985173907794,0.6216768201231974,0.9403225414939637,3.484825909396306,4.56199936161716,0
8,28,exact,0.9448026043596593,0,0.4395965732767169,0.8172552740349442,0.6258209620336191,0.055197395640340624,0,0.04424358286686197,0.27473805945917823,0.6258209620336191,0.9005590214927974,0.6623827656124739,0.9531716120777969,3.5978078784933456,4.6155543776902705,0
8,29,exact,0.9362519322110114,0,0.36641056935120164,0.8001476589592169,0.657821392842343,0.0637480677889885,0,0.03553951915926123,0.2428910202094073,0.657821392842343,0.9007124130517503,0.7026115196247028,0.9620406453257377,3.691729355781768,4.664652164950441,0
8,30,exact,0.9776544378514233,0,0.47171015848166636,0.7759268031793471,0.6858091898729652,0.022345562148576786,0,0.06618098763497904,0.22566426034347895,0.6858091898729652,0.9114734502164442,0.7014842497725045,0.9323063599236311,3.5942119215090433,4.633790609696135,0
8,31,exact,0.921167702926423,0,0,0.7960482614735213,0.7059956827437918,0.07883229707357693,0,0,0.21517202018263126,0.7059956827437918,0.921167702926423,0.7664138467956927,1,4.135826995513862,4.766413846795692,0
8,32,exact,0.9111576389848143,0,0,0.7308679699494305,0.7364776018332094,0.08884236101518574,0,0,0.17468003715160488,0.7364776018332094,0.9111576389848143,0.8082877982055571,1,4.197868800437493,4.808287798205557,0
8,33,exact,0.8888642562506631,0,0,0.6573291918821657,0.7412019045147412,0.11113574374933682,0,0,0.14766235173592196,0.7412019045147412,0.8888642562506632,0.8338752506948817,1.0000000000000002,4.260484165878309,4.833875250694882,0
8,34,exact,0.8687516586368412,0,0,0.5743528750004235,0.7477535218646391,0.1312483413631588,0,0,0.12099813677220218,0.7477535218646391,0.8687516586368412,0.8607218350960498,1,4.338875650722048,4.86072183509605,0
8,35,exact,0.8354316801081779,0,0,0.4986759554980701,0.7327228606283948,0.1645683198918221,0,0,0.10270881947978318,0.7327228606283948,0.8354316801081779,0.877058984085349,1,4.4030918776823285,4.877058984085349,0
8,36,exact,0.8039566671802619,0,0,0.41427559253972707,0.7167097428881181,0.1960433328197381,0,0,0.08724692429214385,0.7167097428881181,0.8039566671802619,0.8914780760533434,1,4.484704077406651,4.891478076053343,0
8,37,exact,0.7601193706923696,0,0,0.3399161198671456,0.687263476276917,0.23988062930763046,0,0,0.07285589441545257,0.687263476276917,0.7601193706923696,0.9041520355558228,1,4.552812185857695,4.904152035555823,0
8,38,exact,0.7141944405077669,0,0,0.26055818698361005,0.6517988689344189,0.2858055594922331,0,0,0.062395571573348144,0.6517988689344189,0.714194440507767,0.9126350360148603,1.0000000000000002,4.635171919290827,4.912635036014861,0
8,39,exact,0.6599974233864423,0,0,0.20031666434452525,0.6100424755874503,0.3400025766135577,0,0,0.04995494779899198,0.6100424755874503,0.6599974233864423,0.924310389663836,1,4.696488717612408,4.9243103896638365,0
8,40,exact,0.6440404051276337,0,0,0.19117219505748645,0.5610851237242922,0.3559595948723663,0,0,0.08295528140334148,0.5610851237242922,0.6440404051276337,0.8711955325428663,1,4.7031673889783345,4.871195532542867,0
8,41,exact,0.5273106260460018,0,0,0,0.5273106260460018,0.47268937395399824,0,0,0,0.5273106260460018,0.5273106260460018,1,1,5,5,0
8,42,exact,0.4517489963797849,0,0,0,0.4517489963797849,0.5482510036202152,0,0,0,0.4517489963797849,0.4517489963797849,1,1,5,5,0
8,43,exact,0.3791304746476973,0,0,0,0.3791304746476973,0.6208695253523028,0,0,0,0.3791304746476973,0.3791304746476973,1,1,5,5,0
8,44,exact,0.3080873561028102,0,0,0,0.3080873561028102,0.6919126438971898,0,0,0,0.3080873561028102,0.3080873561028102,1,1,5,5,0
8,45,exact,0.24896006667568946,0,0,0,0.24896006667568946,0.7510399333243105,0,0,0,0.24896006667568946,0.24896006667568946,1,1,5,5,0
8,46,exact,0.1908155380561105,0,0,0,0.1908155380561105,0.8091844619438895,0,0,0,0.1908155380561105,0.1908155380561105,1,1,5,5,0
8,47,exact,0.1445528416067677,0,0,0,0.1445528416067677,0.8554471583932323,0,0,0,0.1445528416067677,0.1445528416067677,1,1,5,5,0
8,48,exact,0.10009897305538597,0,0,0,0.10009897305538597,0.899901026944614,0,0,0,0.10009897305538597,0.10009897305538597,1,1,5,5,0
8,49,exact,0.06963231299303564,0,0,0,0.06963231299303564,0.9303676870069644,0,0,0,0.06963231299303564,0.06963231299303564,1,1,5,5,0
8,50,exact,0.048711510506145105,0,0,0,0.048711510506145105,0.9512884894938549,0,0,0,0.048711510506145105,0.048711510506145105,1,1,5,5,0
9,2,exact,0.13388493859082096,0.13388493859082096,0,0,0,0.866115061409179,0.13388493859082096,0,0,0,0,0,0,2,2,0
9,3,exact,0.2889625050902735,0.28099250915053275,0.013807369101486748,0,0,0.7110374949097265,0.27515513598878677,0.013807369101486748,0,0,0,0,0,2.027581419039992,2.0477825629909088,0
9,4,exact,0.4153445194409443,0.38716547858736466,0.06342005385374815,0.0004654169360051713,0,0.5846554805590557,0.35162928055239095,0.06324982195254819,0.0004654169360051713,0,0.0004654169360051713,0,0.0011205563435184476,2.068275590466241,2.154523902014997,0
9,5,exact,0.5404810121586527,0.5009317308365031,0.12204736766199464,0.005837373161746019,0,0.4595189878413473,0.4154726592447657,0.11917097975214098,0.005837373161746019,0,0.005837373161746019,0,0.010800329762616188,2.076326145114005,2.242091254146084,0
9,6,exact,0.6375605664401441,0.5831523539854606,0.20005752749726194,0.01802814696322886,0.0001702319011999591,0.3624394335598558,0.431222314171653,0.18821074338405785,0.017957276983233343,0.0001702319011999591,0.0181275088844333,0.0002670050661232997,0.028432606780637772,2.0903669722478666,2.352336711017735,0.0000975516837735916
9,7,exact,0.7323675693083105,0.6686184849595634,0.2851192264230301,0.03833123941955634,0.0011313842602953992,0.26763243069168957,0.437127093399608,0.256436950435971,0.037672141212436144,0.0011313842602953992,0.03880352547273155,0.0015448311854714468,0.05298367527303236,2.093141254728447,2.457660059904466,0.0006901451380963815
9,8,exact,0.8050872488234408,0.7304214934002168,0.37611138820367745,0.0693879011014561,0.0033273783951261234,0.1949127511765592,0.41328911388986483,0.3212840650126388,0.06718669152581108,0.0033273783951261234,0.0705140699209372,0.004132941367521065,0.08758562506608678,2.0988253164822672,2.578371578894248,0.002369203958146658
9,9,exact,0.8620314038684829,0.7922835699426003,0.463630877475357,0.10927328860941529,0.008103809995304799,0.13796859613151718,0.3798158167674411,0.3705792265089212,0.10353255059681571,0.008103809995304799,0.11163636059212051,0.009400829202901254,0.12950382096422147,2.0863070600157543,2.6982991048668405,0.006230598046454824
9,10,exact,0.9086047054104952,0.8369788039679752,0.5553135551394245,0.15873968443267022,0.015608671678759288,0.09139529458950474,0.33250462330834535,0.4139622699768534,0.1465291404465372,0.015608671678759288,0.1621378121252965,0.017178726442658585,0.17844703110143462,2.083601404682474,2.8296749526138854,0.012482621041145283
9,11,exact,0.9508797628882517,0.9293413731069496,0.6383120998281253,0.2172348215532631,0.027366784600282995,0.04912023711174824,0.2917103357001055,0.4374398491534041,0.1943627934344591,0.027366784600282995,0.2217295780347421,0.028780489046436007,0.23318361236466864,2.023226382208489,2.9551846881927086,0.027136608290224223
9,12,exact,0.9596480115629051,0.9027243257912029,0.725045868861508,0.2837244412006343,0.04364822096334313,0.04035198843709482,0.21991005131343597,0.4505105114181677,0.24557922786795836,0.04364822096334313,0.28922744883130147,0.04548357359929983,0.30138909823848736,2.060040941417308,3.117715680249501,0.041176728261671396
9,13,exact,0.9631280772337528,0.8738814246644687,0.7803623149446733,0.35464472731382457,0.06590069776770544,0.03687192276624719,0.16416189458905897,0.4383524012582074,0.29471308361878096,0.06590069776770544,0.36061378138648637,0.06842360774797683,0.3744193424640083,2.095768929975152,3.2723963621937475,0.057841964315273345
9,14,exact,0.969549039413544,0.8337829357887039,0.8311340506911057,0.4305425618621461,0.09362348050817333,0.030450960586456043,0.11937842317664922,0.413691142073359,0.34285599365536246,0.09362348050817333,0.4364794741635358,0.09656394540373517,0.45018813532892704,2.14558038675396,3.423624298306249,0.07340779805708793
9,15,exact,0.970700164503288,0.7925492019000209,0.8577177167937358,0.5043127520572153,0.12850137183923982,0.029299835496712025,0.0894140174457963,0.3708611049395726,0.38192367027867924,0.12850137183923982,0.5104250421179191,0.13238008659965006,0.5258318281826047,2.191476977748927,3.566099004209555,0.09294061111115037
9,16,exact,0.9763634395750628,0.7353865278216369,0.8834312425344694,0.5726528192382249,0.16986029587760013,0.0236365604249372,0.06326098780144598,0.33319636884854276,0.41004578704747396,0.16986029587760013,0.5799060829250741,0.17397240514405934,0.5939448973811057,2.2601072913620253,3.7031248438593853,0.10601423498958461
9,17,exact,0.9750773240472321,0.6789664761967097,0.8953175191788676,0.635989926164601,0.21621916963158733,0.024922675952767915,0.04523948272438233,0.28540510259724494,0.4282135690940175,0.21621916963158733,0.6444327387256048,0.2217456649839124,0.6609042409588318,2.320504142792118,3.8362541159795356,0.1202616526967618
9,18,exact,0.9801033226989585,0.6008117430808838,0.9044106038163828,0.6917234063754171,0.2673675750162663,0.01989667730104145,0.03220567319712991,0.24540210727945397,0.43512796720610836,0.2673675750162663,0.7024955422223746,0.2727952949695172,0.7167566173409945,2.410847820567123,3.9566924448939096,0.12497526525278607
9,19,exact,0.9771643973374398,0.5261849974588724,0.9058810134742006,0.7403776731512488,0.3213537792674757,0.022835602662560274,0.02150301350170752,0.20313393740177219,0.43117366716648425,0.3213537792674757,0.75252744643396,0.3288635772476922,0.7701134512109051,2.492159736897029,4.076971505580053,0.13148171304127118
9,20,exact,0.9999587363716438,0.8428113976680119,0.9017685715275093,0.7818643303695271,0.37695852387260126,0.00004126362835618971,0.03091717011290391,0.17142477373527054,0.4206582686508681,0.37695852387260126,0.7976167925234694,0.3769740791909049,0.7976497064445146,2.16127168227556,4.143705339715253,0.2600984453865773
9,21,exact,0.9762099466621423,0,0.948345338070538,0.8149990000204943,0.4335852252443644,0.023790053337857657,0,0.1417301847089081,0.4008945367088698,0.4335852252443644,0.8344797619532343,0.44415161587615376,0.8548158772674751,3.0294780949729225,4.298967493143628,0
9,22,exact,0.9793131187254276,0,0.9206535805164526,0.8582514465455098,0.48893859256051125,0.02068688127457241,0,0.10692400813530487,0.38345051802961144,0.48893859256051125,0.8723891105901227,0.49926686696167516,0.8908173432063627,3.0612832612709253,4.390084210168038,0
9,23,exact,0.9765830567103898,0,0.881534917169678,0.8745820724413531,0.5451422495989073,0.02341694328961021,0,0.08304781032756219,0.3483929967839202,0.5451422495989073,0.8935352463828276,0.558213913146531,0.9149608323051314,3.1013507961081372,4.473174745451662,0
9,24,exact,0.9797945353335243,0,0.8291429873929738,0.8978718348637269,0.5984049111904584,0.020205464666475714,0,0.06236017342835648,0.31902945071470945,0.5984049111904584,0.9174343619051678,0.6107453038475663,0.9363538260527969,3.160410262407833,4.547099129900364,0
9,25,exact,0.9758769282086472,0,0.7718643233025341,0.902134574355285,0.6495585994241923,0.024123071791352795,0,0.049017087282310114,0.2773012415021448,0.6495585994241923,0.9268598409263371,0.6656152847229866,0.9497712407523686,3.2188898564274737,4.615386525475356,0
9,26,exact,0.9790905040978503,0,0.6981707632303485,0.9102806830216091,0.6927978665509275,0.02090949590214976,0,0.03692358465934131,0.2493690528875815,0.6927978665509275,0.9421669194385089,0.7075932854535062,0.9622878737922566,3.3035579982705583,4.669881159245763,0
9,27,exact,0.9750310298071087,0,0.6188609823000638,0.9063102376211154,0.7332479720312337,0.024968970192891397,0,0.029188421634413906,0.21259463614146099,0.7332479720312337,0.9458426081726947,0.7520252685458563,0.9700641100210028,3.3884744925561257,4.722089378566858,0
9,28,exact,0.976608786000961,0,0.5241020828222221,0.9021391918197708,0.7668677439989406,0.023391213999039,0,0.022314278201528568,0.18742676380049184,0.7668677439989406,0.9542945077994325,0.7852353521609481,0.977151262080181,3.4978645680687723,4.762386614241129,0
9,29,exact,0.9718447129406481,0,0.44032846948447973,0.8892602766445069,0.7953276912998304,0.028155287059351924,0,0.017711486967622356,0.15880553467319533,0.7953276912998304,0.9541332259730257,0.8183691084692891,0.9817753940194517,3.5945402208561528,4.800144502488741,0
9,30,exact,0.9930472324649829,0,0.5705360319606388,0.8721132325801205,0.8184979084690681,0.0069527675350170865,0,0.030778483093877335,0.1437708409020375,0.8184979084690681,0.9622687493711056,0.8242285781687934,0.9690060229889794,3.4625195748556914,4.7932346011577724,0
9,31,exact,0.9666975642847657,0,0,0.8927086071679857,0.8361179615943723,0.03330243571523432,0,0,0.13057960269039334,0.8361179615943723,0.9666975642847657,0.8649219698955114,1,4.076537854082131,4.864921969895511,0
9,32,exact,0.9643774509215005,0,0,0.8455937119418645,0.8642809060124182,0.03562254907849945,0,0,0.10009654490908232,0.8642809060124182,0.9643774509215006,0.8962060500134713,1.0000000000000002,4.123171418894265,4.896206050013471,0
9,33,exact,0.9520535599786838,0,0,0.7839372011783178,0.8667676982102623,0.047946440021316226,0,0,0.08528586176842148,0.8667676982102623,0.9520535599786838,0.91041905061483,1,4.176582879228065,4.910419050614831,0
9,34,exact,0.9434406035820848,0,0,0.7080686000618525,0.875869728573652,0.05655939641791522,0,0,0.06757087500843283,0.875869728573652,0.9434406035820848,0.9283782415640395,1,4.249482588121143,4.928378241564039,0
9,35,exact,0.9241557245605785,0,0,0.6309498652840874,0.865257173038639,0.07584427543942154,0,0,0.05889855152193945,0.865257173038639,0.9241557245605785,0.9362677198694573,1,4.317268888223254,4.9362677198694564,0
9,36,exact,0.9058265410923625,0,0,0.5405491934196293,0.8559210990891897,0.0941734589076375,0,0,0.04990544200317286,0.8559210990891897,0.9058265410923625,0.9449061826528175,1,4.403253085554586,4.944906182652818,0
9,37,exact,0.8771030319193784,0,0,0.45238015399195136,0.8332818196658867,0.12289696808062156,0,0,0.04382121225349173,0.8332818196658867,0.8771030319193784,0.9500386948183304,1,4.484233735913555,4.95003869481833,0
9,38,exact,0.845868372254616,0,0,0.3565565261315384,0.8067931132914536,0.15413162774538408,0,0,0.03907525896316232,0.8067931132914536,0.845868372254616,0.9538045631626947,1,4.578472800465211,4.953804563162694,0
9,39,exact,0.8040636188103131,0,0,0.27783686085911696,0.7707744005463981,0.19593638118968695,0,0,0.03328921826391489,0.7707744005463981,0.804063618810313,0.9585987756625907,0.9999999999999999,4.654459107016678,4.95859877566259,0
9,40,exact,0.7928230924541531,0,0,0.2740584115237214,0.7276657281881203,0.20717690754584697,0,0,0.0651573642660327,0.7276657281881203,0.792823092454153,0.9178160110544451,0.9999999999999999,4.654325896745282,4.917816011054445,0
9,41,exact,0.701434141849879,0,0,0,0.701434141849879,0.2985658581501211,0,0,0,0.701434141849879,0.701434141849879,1,1,5,5,0
9,42,exact,0.6279649077048,0,0,0,0.6279649077048,0.37203509229520004,0,0,0,0.6279649077048,0.6279649077048,1,1,5,5,0
9,43,exact,0.547086540275853,0,0,0,0.547086540275853,0.452913459724147,0,0,0,0.547086540275853,0.547086540275853,1,1,5,5,0
9,44,exact,0.4617328712534676,0,0,0,0.4617328712534676,0.5382671287465324,0,0,0,0.4617328712534676,0.4617328712534676,1,1,5,5,0
9,45,exact,0.3845020170013368,0,0,0,0.3845020170013368,0.6154979829986632,0,0,0,0.3845020170013368,0.3845020170013368,1,1,5,5,0
9,46,exact,0.305034794339904,0,0,0,0.305034794339904,0.694965205660096,0,0,0,0.305034794339904,0.305034794339904,1,1,5,5,0
9,47,exact,0.23592536102956738,0,0,0,0.23592536102956738,0.7640746389704326,0,0,0,0.23592536102956738,0.23592536102956738,1,1,5,5,0
9,48,exact,0.16893469049316032,0,0,0,0.16893469049316032,0.8310653095068397,0,0,0,0.16893469049316032,0.16893469049316032,1,1,5,5,0
9,49,exact,0.11929267880728946,0,0,0,0.11929267880728946,0.8807073211927106,0,0,0,0.11929267880728946,0.11929267880728946,1,1,5,5,0
9,50,exact,0.08756442447469275,0,0,0,0.08756442447469275,0.9124355755253073,0,0,0,0.08756442447469275,0.08756442447469275,1,1,5,5,0
10,2,exact,0.16250808015513898,0.16250808015513898,0,0,0,0.837491919844861,0.16250808015513898,0,0,0,0,0,0,2,2,0
10,3,exact,0.34008737630112174,0.3299520363186903,0.019392372333548805,0,0,0.6599126236988783,0.32069500396757294,0.019392372333548805,0,0,0,0,0,2.0298021646456452,2.057021735250703,0
10,4,exact,0.48311004292507964,0.45053550796649794,0.08515440047790268,0.0007756948933419521,0,0.5168899570749204,0.39750943251084353,0.08482491552089419,0.0007756948933419521,0,0.0007756948933419521,0,0.0016056277543835833,2.067928960257194,2.178792195634346,0
10,5,exact,0.6137794244160771,0.5708873917261298,0.16160101542499408,0.009257032351117349,0,0.38622057558392286,0.4481299883875905,0.15639240367736934,0.009257032351117349,0,0.009257032351117349,0,0.015082018039174389,2.0732466780018344,2.284966327351235,0
10,6,exact,0.7125533826774382,0.6574384683211313,0.25749820097304504,0.028149997231799433,0.0003294849570084919,0.2874466173225618,0.4472104512365911,0.23702656075958903,0.027986885724249542,0.0003294849570084919,0.028316370681258033,0.00046240038293052997,0.039739297250766706,2.0821909401955407,2.412584929390754,0.00021924087800163938
10,7,exact,0.8009582710992841,0.7405192163479507,0.3601602435473389,0.05806952222226117,0.002154881909529719,0.19904172890071592,0.429231290266634,0.3129436906766,0.05662840824652037,0.002154881909529719,0.05878329015605009,0.0026903797454669236,0.07339120186045686,2.0807497599058506,2.5401843872645373,0.001526130154053582
10,8,exact,0.8657233399608537,0.8000696160754677,0.463022322477835,0.10292439577567221,0.006161695749919655,0.13427666003914626,0.3857857326339795,0.37544238614319897,0.09833352543375562,0.006161695749919655,0.10449522118367527,0.007117395899477857,0.12070278847789911,2.08058055274612,2.682197761108271,0.004926029500098957
10,9,exact,0.9111883737684948,0.8544852187337549,0.5583310335791635,0.15824469755457807,0.01465355139639603,0.08881162623150522,0.3346697055815253,0.41519044197771776,0.14667467481285562,0.01465355139639603,0.16132822620925166,0.016081802422249793,0.17705255121071184,2.065929419645563,2.8258450913727358,0.012475627423533742
10,10,exact,0.9464672473175265,0.8932310200976418,0.6524899348099734,0.22396246925594152,0.027684022344688926,0.053532752682473456,0.2752698602379257,0.443202147132996,0.20031121760191592,0.027684022344688926,0.22799523994660484,0.029249847179763342,0.24089078686324117,2.0591659707371353,2.9793013461351623,0.024377265333921216
10,11,exact,0.9727640982081884,0.9582534247220008,0.7329537412048286,0.2985595590952894,0.04731359254518259,0.027235901791811543,0.223062946107171,0.44627241297611614,0.2561151465797187,0.04731359254518259,0.30342873912490126,0.04863830052150697,0.3119242781305465,2.0152440697310086,3.131254212401646,0.04720308272701241
10,12,exact,0.9790945189842446,0.9385123272586241,0.8079683727563851,0.3793609929125633,0.0736587266741871,0.02090548101575536,0.1601594697179294,0.4341785421109804,0.3110977804811477,0.0736587266741871,0.3847565071553348,0.07523147688601493,0.39297177105484976,2.041826340225771,3.304624076969623,0.0713692888391798
10,13,exact,0.9809644157422156,0.9147748471651834,0.8537989810991579,0.46025049208173713,0.10834291061534165,0.019035584257784403,0.11291189742565388,0.4023955729443251,0.35731403475689494,0.10834291061534165,0.46565694537223656,0.11044530145710477,0.47469300404736087,2.069486216228184,3.4700353561887938,0.09996939663345218
10,14,exact,0.985296240336603,0.8812175606138232,0.8940682666034503,0.5417995983320941,0.1497732009161235,0.014703759663397027,0.0777599949843819,0.3605785980269504,0.39718444640914713,0.1497732009161235,0.5469576473252706,0.15200829434298568,0.5551199983655835,2.109107305824674,3.628207870808027,0.12768347367296257
10,15,exact,0.9858067429684377,0.8434815865281905,0.9138415923360704,0.6172042979337486,0.1992091015901112,0.014193257031562243,0.05527635721912946,0.30828553801038366,0.4230357461488134,0.1992091015901112,0.6222448477389246,0.20207723573715627,0.631203683863265,2.1493523575896387,3.7772087151715055,0.15935403416215504
10,16,exact,0.9895407505261076,0.79059094512562,0.9324400217637594,0.6840040267650108,0.2550365732625914,0.010459249473892398,0.0367302011627388,0.26310651463718177,0.43466746146359564,0.2550365732625914,0.689704034726187,0.2577322592596581,0.6969940695817662,2.2092671657717204,3.9176078967372283,0.18162718615610313
10,17,exact,0.9882526877699053,0.7341047412125896,0.9401890839835895,0.7423257584620816,0.3148307819720898,0.011747312230094677,0.024762261331101806,0.21472568617850069,0.433933958288213,0.3148307819720898,0.7487647402603028,0.3185731603549069,0.7576652707618414,2.267300571620025,4.051181821974627,0.20335843278500365
10,18,exact,0.9917367410958363,0.6553143368070015,0.946379416478542,0.7915229492613255,0.3775302417330939,0.008263258904163675,0.016644102204794224,0.17551374178616777,0.42204865537178043,0.3775302417330939,0.7995788971048743,0.3806758649638567,0.8062410758538259,2.3534194165524713,4.170134158134445,0.2105619137920637
10,19,exact,0.9895662193872419,0.574565094313111,0.9464535731286005,0.8325620229676235,0.44084555402785597,0.010433780612758126,0.010307659314063933,0.13793735734242762,0.4004756487028943,0.44084555402785597,0.8413212027307503,0.44549373795402586,0.8501919186890922,2.4380402141898374,4.285269315510893,0.21617840177996894
10,20,exact,0.9999950289583058,0.8887182907233249,0.9428767799952205,0.8657838557974091,0.5033747489420721,0.000004971041694144764,0.013146012237900354,0.10983985358272733,0.37363441419560606,0.5033747489420721,0.8770091631376782,0.503377251251376,0.8770135228084665,2.1125881276403966,4.367244696472242,0.40846885732517546
10,21,exact,0.9890624498677285,0,0.9734386951526425,0.8909686738772894,0.5639099933059395,0.010937550132271542,0,0.08487264452493992,0.3402798120368491,0.5639099933059395,0.9041898053427886,0.5701459936946889,0.914188791075538,3.0162183605275197,4.484334784770227,0
10,22,exact,0.9912862211787435,0,0.9558437920014765,0.9213073571387996,0.6205881110844469,0.008713778821256445,0,0.061239472489252614,0.30945863760504405,0.6205881110844469,0.930046748689491,0.6260433140556543,0.9382222095083372,3.0363168069437787,4.564265523563991,0
10,23,exact,0.9892795831636217,0,0.9277046836278484,0.9315359947027945,0.6751539690120651,0.010720416836378269,0,0.04550955497841836,0.26861605917313824,0.6751539690120651,0.9437700281852034,0.6824703354869481,0.9539972766516791,3.0642982907869634,4.6364676121386275,0
10,24,exact,0.9916367963689502,0,0.8875175044453882,0.946997255734922,0.7237183539533165,0.008363203631049814,0,0.032865752591117084,0.2350526898245166,0.7237183539533165,0.9587710437778332,0.7298220039870813,0.9668570663054652,3.108286842310206,4.6966790702925465,0
10,25,exact,0.9890833039445246,0,0.8386193951098768,0.9491665816172815,0.7682253012378764,0.010916696055475445,0,0.024939088367590376,0.1959189143390578,0.7682253012378764,0.9641442155769342,0.7767043465137334,0.9747856542839902,3.156963461583111,4.751490000797724,0
10,26,exact,0.991458643038664,0,0.7730664102611595,0.9546242580910537,0.8047754414879145,0.00854135696133593,0,0.018018657875354376,0.1686645436753952,0.8047754414879145,0.9734399851633097,0.8117085338238668,0.981826112463824,3.2288006209867683,4.79353464628769,0
10,27,exact,0.9888718738004562,0,0.6950666787285108,0.9515848953611779,0.8369797258123287,0.011128126199543833,0,0.013914300442202484,0.13797784754592493,0.8369797258123287,0.9749575733582536,0.846398555755892,0.9859291169959898,3.309028275729002,4.832327672751881,0
10,28,exact,0.9905407933692785,0,0.5990563764130571,0.949611457674494,0.8629220409625896,0.00945920663072158,0,0.010352003873227952,0.11726674853346084,0.8629220409625896,0.9801887894960505,0.8711625475084175,0.9895491392757121,3.4133895040203424,4.860711686784129,0
10,29,exact,0.9877905655949748,0,0.5077186934926197,0.9407188394304493,0.8843664377145941,0.012209434405025203,0,0.008128853041667466,0.09529527483871324,0.8843664377145941,0.9796617125533074,0.8952975139845709,0.9917706715119604,3.5120750312689344,4.887068185496531,0
10,30,exact,0.9978820418013241,0,0.6591838254467602,0.9295973988085335,0.9010319540458959,0.0021179581986758805,0,0.01313253311820783,0.0837175546372204,0.9010319540458959,0.9847495086831163,0.9029443524400944,0.9868395936913529,3.356145111865064,4.889783946131447,0
10,31,exact,0.9861634281366479,0,0,0.9464045718129754,0.9135688318181349,0.013836571863352052,0,0,0.07259459631851309,0.9135688318181349,0.9861634281366479,0.9263868500420054,1,4.040316701257922,4.926386850042005,0
10,32,exact,0.9863579023016186,0,0,0.916148530776396,0.9335250549951434,0.0136420976983814,0,0,0.052832847306475236,0.9335250549951434,0.9863579023016186,0.9464364332833018,1,4.071180421793542,4.946436433283302,0
10,33,exact,0.9798797368718567,0,0,0.8707192876851361,0.9346463357057996,0.0201202631281433,0,0,0.045233401166057126,0.9346463357057996,0.9798797368718567,0.9538378032895556,1,4.111401884414104,4.953837803289556,0
10,34,exact,0.9768241530542991,0,0,0.8096130395178371,0.9421470280151063,0.02317584694570082,0,0,0.034677125039192895,0.9421470280151063,0.9768241530542991,0.964500135535382,1,4.171178315988228,4.964500135535382,0
10,35,exact,0.9666835990469804,0,0,0.7396675052625172,0.935705754564262,0.03331640095301953,0,0,0.030977844482718498,0.935705754564262,0.9666835990469804,0.9679545153002922,1,4.234840121429877,4.967954515300293,0
10,36,exact,0.9573523537879893,0,0,0.6526448142188748,0.9312789088764113,0.04264764621201066,0,0,0.02607344491157802,0.9312789088764113,0.9573523537879893,0.9727650485127943,1,4.318281496215544,4.9727650485127946,0
10,37,exact,0.9406990332660818,0,0,0.5582873184754201,0.9165740307570781,0.05930096673391819,0,0,0.024125002509003745,0.9165740307570781,0.9406990332660818,0.9743541752931941,1,4.406518664596622,4.974354175293194,0
10,38,exact,0.9223067009944186,0,0,0.45235397395617893,0.9000709160734774,0.07769329900558142,0,0,0.022235784920941165,0.9000709160734774,0.9223067009944186,0.9758911163748818,1,4.509540618680904,4.975891116374882,0
10,39,exact,0.8943956167976082,0,0,0.3579689353977487,0.8741465102510444,0.10560438320239184,0,0,0.020249106546563807,0.8741465102510444,0.8943956167976082,0.9773600114241773,1,4.599764434580461,4.977360011424177,0
10,40,exact,0.8868241672009274,0,0,0.363691180493022,0.8423730180610305,0.11317583279907267,0,0,0.044451149139896826,0.8423730180610305,0.8868241672009273,0.9498760286605658,0.9999999999999999,4.589894824764489,4.949876028660565,0
10,41,exact,0.8249123147044082,0,0,0,0.8249123147044082,0.1750876852955918,0,0,0,0.8249123147044082,0.8249123147044082,1,1,4.999999999999999,4.999999999999999,0
10,42,exact,0.7661622591371734,0,0,0,0.7661622591371734,0.23383774086282658,0,0,0,0.7661622591371734,0.7661622591371734,1,1,5,5,0
10,43,exact,0.6924716847241338,0,0,0,0.6924716847241338,0.30752831527586627,0,0,0,0.6924716847241338,0.6924716847241338,1,1,5,5,0
10,44,exact,0.6074351082124955,0,0,0,0.6074351082124955,0.3925648917875045,0,0,0,0.6074351082124955,0.6074351082124955,1,1,5,5,0
10,45,exact,0.5223002023950125,0,0,0,0.5223002023950125,0.4776997976049875,0,0,0,0.5223002023950125,0.5223002023950125,1,1,5,5,0
10,46,exact,0.4295597413440622,0,0,0,0.4295597413440622,0.5704402586559377,0,0,0,0.4295597413440622,0.4295597413440622,1,1,5,5,0
10,47,exact,0.3407577966400863,0,0,0,0.3407577966400863,0.6592422033599137,0,0,0,0.3407577966400863,0.3407577966400863,1,1,5,5,0
10,48,exact,0.25252979442025153,0,0,0,0.25252979442025153,0.7474702055797485,0,0,0,0.25252979442025153,0.25252979442025153,1,1,5,5,0
10,49,exact,0.18162145316867284,0,0,0,0.18162145316867284,0.8183785468313272,0,0,0,0.18162145316867284,0.18162145316867284,1,1,5,5,0
10,50,exact,0.1396092580697705,0,0,0,0.1396092580697705,0.8603907419302295,0,0,0,0.1396092580697705,0.1396092580697705,1,1,5,5,0
11,2,exact,0.19279711884753903,0.19279711884753903,0,0,0,0.807202881152461,0.19279711884753903,0,0,0,0,0,0,2,2,0
11,3,exact,0.3911996621035093,0.3788287192767949,0.026207406039338813,0,0,0.6088003378964907,0.3649922560641705,0.026207406039338813,0,0,0,0,0,2.031623091799709,2.066992404590586,0
11,4,exact,0.5479040287672412,0.5118465448696958,0.11000696300721954,0.001218949118108782,0,0.45209597123275874,0.4372626584355748,0.10942242121355765,0.001218949118108782,0,0.001218949118108782,0,0.0022247493248979413,2.0663731806035397,2.2041604251413442,0
11,5,exact,0.6797497659914334,0.6352715885743321,0.20552298625278048,0.013836463212624408,0,0.32025023400856656,0.469034211564082,0.19687909121472708,0.013836463212624408,0,0.013836463212624408,0,0.02035523056406434,2.068875833573186,2.3303451194462137,0
11,6,exact,0.7762834280016943,0.7230860231773731,0.3182915203617088,0.041364764394237356,0.0005845417936618894,0.2237165719983058,0.44881714511054016,0.2858473368380216,0.041034404259470546,0.0005845417936618894,0.04161894605313243,0.0007530004796915665,0.05361308067630371,2.072982450501941,2.4762046404746147,0.0004330904813723417
11,7,exact,0.85505590128068,0.8007172586996204,0.4360581475651827,0.08277537370654815,0.003757522529796192,0.14494409871932007,0.4066380325138881,0.36466068746096303,0.07999965877603261,0.003757522529796192,0.0837571813058288,0.004394475874815056,0.0979552110924906,2.067911476675308,2.626780742404925,0.0029517498244566983
11,8,exact,0.9099340541308211,0.8554890699691446,0.5464138378514051,0.14333431631238347,0.010444935902404133,0.09006594586917889,0.3465459628071531,0.4180592062269777,0.1348839491942862,0.010444935902404133,0.14532888509669034,0.011478783385441322,0.15971364566139915,2.0633276252030077,2.7903450904579166,0.009014512687491894
11,9,exact,0.9444102965084432,0.9010047786976987,0.6445074218368404,0.21489391183751297,0.024206979802076735,0.05558970349155683,0.28343589544529185,0.44243666543815313,0.19433075582292147,0.024206979802076735,0.2185377356249982,0.025631846551834286,0.23140126323585083,2.048325820586569,2.956913663300098,0.02194698270220233
11,10,exact,0.9696633509356043,0.9326662138562106,0.7354509947833214,0.2960947714233862,0.044772072253412225,0.03033664906439574,0.21862830447074763,0.4506186773352849,0.2556442968761595,0.044772072253412225,0.30041636912957176,0.04617280029219703,0.30981512175303666,2.0398200446317847,3.1305196662224284,0.04169451224892294
11,11,exact,0.9854119247781193,0.9761891449481581,0.8085039465917846,0.3841728494190757,0.0745084044715409,0.014588075221880624,0.16454761318341155,0.43192031381220275,0.3144355933109642,0.0745084044715409,0.3889439977825051,0.07561142969557387,0.3947019393641718,2.009530393560208,3.3033297868177693,0.07444753359368932
11,12,exact,0.9896257036438945,0.9623092648794825,0.869828005737402,0.47487836620120816,0.11301244759378998,0.010374296356105555,0.11219439571273991,0.39780599054818216,0.3666128697891824,0.11301244759378998,0.47962531738297237,0.11419716280374244,0.4846532538685556,2.0277835415548386,3.4854798814288923,0.11097353002421034
11,13,exact,0.9905454352741578,0.9436924491034451,0.9059567723203493,0.560354543237831,0.1617024416799233,0.00945456472584218,0.0745211055417353,0.3512553643203197,0.4030665237321796,0.1617024416799233,0.5647689654121029,0.16324586023170978,0.5701595760277156,2.048516735866068,3.6581730411688262,0.15361682078566194
11,14,exact,0.9932323485345942,0.9167241102395493,0.9359066372499132,0.6418531573555087,0.21740285621744407,0.006767651465405791,0.04848521374827097,0.298846204011931,0.42849807455694816,0.21740285621744407,0.6459009307743923,0.21888418811388718,0.6503019477037256,2.0790795755305105,3.82037055523387,0.19541022699551605
11,15,exact,0.9934096769910604,0.8834546775307986,0.9499437099982849,0.7133937515371443,0.28056299247501887,0.006590323008939592,0.03253587037988564,0.24369569406867764,0.43661512006747827,0.28056299247501887,0.7171781125424972,0.28242425957115336,0.7219359033372402,2.1136110218509776,3.9716084481491474,0.23969436288198528
11,16,exact,0.995659607626303,0.8360175556340703,0.9624728419332464,0.7740896047635459,0.3485473010410925,0.0043403923736970405,0.02022768824812836,0.197310734566896,0.4295738837701861,0.3485473010410925,0.7781211848112786,0.35006672799757826,0.7815132590005878,2.165085564106796,4.111264119915488,0.2718294354888704
11,17,exact,0.9946606288354433,0.7810896836679462,0.9672582079619838,0.8240044836278356,0.4182517424200794,0.005339371164556734,0.012807447335729746,0.15339168349263121,0.41020975558700296,0.4182517424200794,0.8284614980070824,0.42049693161151047,0.8329087067385504,2.220447468667025,4.240529440213291,0.30003435410428875
11,18,exact,0.9968246898050276,0.7035369602523366,0.9711542967717223,0.8644071194065708,0.48784319150320854,0.003175310194972394,0.00806692304196497,0.11891447693612288,0.3820000983237312,0.48784319150320854,0.8698432898269397,0.4893971793562091,0.8726141103076764,2.3021277036709122,4.353918670044339,0.3084659342365196
11,19,exact,0.995401231259484,0.6181199136712103,0.9706417800679604,0.8963952102265612,0.5551798368082337,0.0045987687405160535,0.0046065011770554795,0.0886701882625033,0.34694470501169145,0.5551798368082337,0.9021245418199251,0.5577447760495163,0.906292370844734,2.3898106610515764,4.459409363612099,0.3094870032530263
11,20,exact,0.9999994557951863,0.9227233966902233,0.9677996795669345,0.9211375331377638,0.6187972767543468,5.442048136973923e-7,0.005211049682607641,0.06648332301863899,0.30950780633959285,0.6187972767543468,0.9283050830939397,0.6187976135069868,0.9283055882823094,2.0776825080121895,4.541892149270808,0.5477238417455289
11,21,exact,0.9951531512106563,0,0.9866350141042054,0.9388226972909509,0.6775088646663092,0.0048468487893437145,0,0.0482223371956982,0.2694219493486489,0.6775088646663092,0.9469308140149582,0.680808641204707,0.9515427980738109,3.0087553856130236,4.632351439278518,0
11,22,exact,0.9965756704764388,0,0.9759289105503507,0.9584488678397954,0.7301333145313152,0.0034243295235612476,0,0.03318945963270436,0.2332528963124191,0.7301333145313152,0.9633862108437343,0.7326421225818769,0.9666964982028535,3.0209503519517638,4.69933862078473,0
11,23,exact,0.9952517390977679,0,0.95657036182404,0.9645159301062779,0.7781783971732696,0.0047482609022320744,0,0.02348805941696231,0.193585282507536,0.7781783971732696,0.9717636796808057,0.7818910197320699,0.9763998810609917,3.039908873052903,4.758290900793062,0
11,24,exact,0.9967657237102451,0,0.9271392789068086,0.9738735244610438,0.8186961630629027,0.003234276289754962,0,0.016267859863467328,0.16180170078387499,0.8186961630629027,0.9804978638467777,0.8213526444463631,0.9836793546602769,3.0714484359340917,4.80503199910664,0
11,25,exact,0.9952050615820889,0,0.8872149175087252,0.9748306943098316,0.8539537295227683,0.004794938417911089,0,0.01183289154040908,0.12941844051891152,0.8539537295227683,0.9833721700416798,0.8580681132843399,0.988110097107426,3.110856464224591,4.846178210391766,0
11,26,exact,0.9967235926688529,0,0.8313075055516722,0.978031367508536,0.8822112039002392,0.0032764073311471412,0,0.008182870519620722,0.10632951824899292,0.8822112039002392,0.9885407221492322,0.8851111886877361,0.9917902309328205,3.170220588511919,4.876901419620556,0
11,27,exact,0.9951516069351324,0,0.7578431480158271,0.9758398570415144,0.9054935130392192,0.004848393064867616,0,0.006157368346996903,0.0835007255489163,0.9054935130392192,0.9889942385881355,0.9099050905700267,0.9938126328650965,3.244443207574374,4.903717723435123,0
11,28,exact,0.996382257648715,0,0.6639857672733702,0.9749325998729187,0.9237544660827267,0.0036177423512849475,0,0.004453550222248167,0.0681742413437402,0.9237544660827267,0.9919287074264669,0.9271085057883538,0.9955302794805302,3.3428357856648074,4.922638785268884,0
11,29,exact,0.9948025346443164,0,0.5678780839981004,0.9691203626693189,0.9382656756526159,0.005197465355683495,0,0.0034706452072735977,0.053066213784427024,0.9382656756526159,0.9913318894370429,0.9431677573962808,0.9965112219898852,3.4429319023241187,4.939678979386166,0
11,30,exact,0.9993808206096172,0,0.7356953138722818,0.9622957117426858,0.9490870961270278,0.0006191793903828139,0,0.0052098656497445465,0.04508385883284486,0.9490870961270278,0.9941709549598726,0.9496751153860342,0.9947869065102064,3.271042032471811,4.944462021896241,0
11,31,exact,0.9943406586552712,0,0,0.974253174201886,0.9569019535384035,0.00565934134472881,0,0,0.03743870511686775,0.9569019535384035,0.9943406586552712,0.9623482105544199,1,4.020201813411262,4.96234821055442,0
11,32,exact,0.995051010099197,0,0,0.9562965340932419,0.9691515451151078,0.004948989900802952,0,0,0.025899464984089217,0.9691515451151078,0.995051010099197,0.9739717213276259,1,4.038947225431278,4.973971721327626,0
11,33,exact,0.9917346832457571,0,0,0.9256406228844332,0.9694322150062814,0.00826531675424295,0,0,0.02230246823947566,0.9694322150062814,0.9917346832457571,0.9775116584947054,1,4.066644901582962,4.977511658494705,0
11,34,exact,0.9909407259699234,0,0,0.8807602661902155,0.97433688982834,0.009059274030076584,0,0,0.016603836141583474,0.97433688982834,0.9909407259699234,0.9832443700148343,1,4.1111877399850165,4.983244370014835,0
11,35,exact,0.9858977151186086,0,0,0.822635687270594,0.9706812143884196,0.014102284881391439,0,0,0.015216500730189026,0.9706812143884196,0.9858977151186086,0.9845658423821803,1,4.165597328550835,4.984565842382181,0
11,36,exact,0.9815822306774,0,0,0.7454077162564787,0.9688216430977542,0.018417769322599985,0,0,0.012760587579645852,0.9688216430977542,0.9815822306774,0.9869999810705216,1,4.240605939105005,4.986999981070523,0
11,37,exact,0.9726981053708075,0,0,0.6520697837103926,0.9602108272758083,0.027301894629192563,0,0,0.012487278094999143,0.9602108272758083,0.9726981053708075,0.9871622263618589,1,4.329627784705293,4.98716222636186,0
11,38,exact,0.9628682754016549,0,0,0.542576172256057,0.9510027681926797,0.03713172459834518,0,0,0.011865507208975147,0.9510027681926797,0.9628682754016549,0.987676915407743,1,4.436500104825113,4.987676915407742,0
11,39,exact,0.9460673553344824,0,0,0.43657265381499255,0.934480168294193,0.05393264466551764,0,0,0.011587187040289349,0.934480168294193,0.9460673553344824,0.9877522599475037,1,4.538539564489421,4.987752259947504,0
11,40,exact,0.9412106309958728,0,0,0.4551531896453696,0.9136871667341919,0.0587893690041272,0,0,0.027523464261680834,0.9136871667341919,0.9412106309958728,0.9707573805955008,1,4.51641728784578,4.970757380595501,0
11,41,exact,0.9031937845511326,0,0,0,0.9031937845511326,0.0968062154488673,0,0,0,0.9031937845511326,0.9031937845511326,1,1,5,5,0
11,42,exact,0.8618150604226836,0,0,0,0.8618150604226836,0.13818493957731634,0,0,0,0.8618150604226836,0.8618150604226836,1,1,5,5,0
11,43,exact,0.803569368980036,0,0,0,0.803569368980036,0.19643063101996402,0,0,0,0.803569368980036,0.803569368980036,1,1,5,5,0
11,44,exact,0.7299739729114378,0,0,0,0.7299739729114378,0.2700260270885621,0,0,0,0.7299739729114378,0.7299739729114378,1,1,5,5,0
11,45,exact,0.6475981388436416,0,0,0,0.6475981388436416,0.35240186115635835,0,0,0,0.6475981388436416,0.6475981388436416,1,1,5,5,0
11,46,exact,0.5517316094222768,0,0,0,0.5517316094222768,0.44826839057772316,0,0,0,0.5517316094222768,0.5517316094222768,1,1,5,5,0
11,47,exact,0.45012853123721164,0,0,0,0.45012853123721164,0.5498714687627884,0,0,0,0.45012853123721164,0.45012853123721164,1,1,5.000000000000001,5.000000000000001,0
11,48,exact,0.34524513212154867,0,0,0,0.34524513212154867,0.6547548678784513,0,0,0,0.34524513212154867,0.34524513212154867,1,1,5,5,0
11,49,exact,0.2535451716990391,0,0,0,0.2535451716990391,0.7464548283009609,0,0,0,0.2535451716990391,0.2535451716990391,1,1,5,5,0
11,50,exact,0.20363266447641382,0,0,0,0.20363266447641382,0.7963673355235862,0,0,0,0.20363266447641382,0.20363266447641382,1,1,4.999999999999999,4.999999999999999,0
12,2,exact,0.22448979591836735,0.22448979591836735,0,0,0,0.7755102040816326,0.22448979591836735,0,0,0,0,0,0,2,2,0
12,3,exact,0.44164278107172567,0.4270436759347587,0.034333733493397356,0,0,0.5583572189282744,0.40730904757832825,0.034333733493397356,0,0,0,0,0,2.0330563653764235,2.0777409593565195,0
12,4,exact,0.6086938456613077,0.5701992733321785,0.13775393598697575,0.001828423677163173,0,0.3913061543386923,0.4700811387839221,0.13678428320022237,0.001828423677163173,0,0.001828423677163173,0,0.0030038478131427554,2.06385346262873,2.230725399239035,0
12,5,exact,0.7378609555163705,0.6934432790968705,0.25297679901700165,0.019734628356430455,0,0.2621390444836295,0.4785606127902717,0.2395657143696684,0.019734628356430455,0,0.019734628356430455,0,0.026745727916474112,2.063596624557863,2.37816741622716,0
12,6,exact,0.829009926081294,0.7797331968657383,0.3807857992803621,0.057915122667878224,0.0009696527867533551,0.170990073918706,0.43805537591232246,0.33267808214628775,0.057306815235930425,0.0009696527867533551,0.05827646802268378,0.0011696516003576408,0.07029646592792317,2.0633773169548704,2.5430582394911654,0.0007774372134961452
12,7,exact,0.8964870078027858,0.849795911350174,0.5102496875104039,0.11241521477777082,0.006119082248334402,0.10351299219721417,0.3737399902190154,0.4090784053816968,0.10754952995373923,0.006119082248334402,0.11366861220207364,0.00682562289812962,0.12679337370506444,2.055514239933248,2.7167250684524444,0.005170902272590682
12,8,exact,0.9410752407159488,0.898140398846859,0.6236003602194091,0.18983195265057698,0.01653362106593014,0.05892475928405114,0.30142981183285344,0.44746231099099,0.17564949682617528,0.01653362106593014,0.19218311789210543,0.01756886203206423,0.20421652762418535,2.048064583970213,2.901481763770255,0.015017457022503556
12,9,exact,0.9660960978805045,0.9345376199743122,0.7198797095951747,0.2773292775138791,0.03727820384155948,0.03390390211949542,0.23224635395522783,0.45254442089675534,0.24402711918696193,0.03727820384155948,0.2813053230285214,0.03858643454139112,0.29117737215342293,2.034083265256032,3.0893670651442093,0.035139996998674386
12,10,exact,0.9833329666018146,0.9590742726316664,0.8033354311868607,0.37194025647797424,0.06739775721790744,0.01666703339818548,0.16780962443028655,0.43931674691318007,0.30880883804044046,0.06739775721790744,0.3762065952583479,0.06854011764785989,0.38258312091217306,2.025564777967946,3.28046931956228,0.06482000671911321
12,11,exact,0.9924409319822172,0.986893017375014,0.8661777608150755,0.4696866131370329,0.10914259190689765,0.007559068017782796,0.11774774419866031,0.4006885637048541,0.36486203217180513,0.10914259190689765,0.4740046240787028,0.10997389203698553,0.4776149479566167,2.0056728516200257,3.468944253294139,0.10910200930165122
12,12,exact,0.995058829102836,0.9776109615097859,0.9140699487126112,0.5652859273720423,0.1611051012804958,0.004941170897163941,0.07603006865352563,0.34991705145024093,0.40800660771857367,0.1611051012804958,0.5691117089990695,0.16190510205889155,0.5719377511701408,2.0176139911528344,3.6574352415081495,0.15939759162464154
12,13,exact,0.9954710761253968,0.9636452075873727,0.9413405274993075,0.6503539836585829,0.22411040605002974,0.0045289238746032455,0.047496243838778505,0.2943058299138332,0.4295585963227553,0.22411040605002974,0.653669002372785,0.22513000269412065,0.6566428880254519,2.032660776890859,3.8340605613733043,0.21686470545577452
12,14,exact,0.9970240920530077,0.9427616349462571,0.9624601202053062,0.727180490515381,0.29312905027925956,0.0029759079469923472,0.02912069988545752,0.23779548805425832,0.43697885383403223,0.29312905027925956,0.7301079041132919,0.2940039790569826,0.7322871231826512,2.0555683069412356,3.9970834831684696,0.27299375626895367
12,15,exact,0.997051216784515,0.9143946674237285,0.9720110041519862,0.791151835007694,0.36760299568448895,0.0029487832154849723,0.018356114805515914,0.18491226346550454,0.4261798428290056,0.36760299568448895,0.7937828385134946,0.3686901831081524,0.7961304546354601,2.0845199077506784,4.146410234650465,0.32880219626149176
12,16,exact,0.9983090287577974,0.8730077358129583,0.9799629885717968,0.8431095895803414,0.44407688620178076,0.0016909712422026014,0.01063755235706672,0.14195647456945326,0.4016381156294967,0.44407688620178076,0.8457150018312775,0.4448290793827124,0.8471475038982732,2.128085905471468,4.28132101266043,0.3700199852890487
12,17,exact,0.997642213434083,0.8209243021020995,0.9827862405271967,0.883431158230075,0.5191634272381219,0.0023577865659169775,0.006300708102233728,0.10507278077245111,0.3671052973212763,0.5191634272381219,0.8862687245593982,0.5203903967245513,0.8883632956034258,2.180182976338296,4.402438093391416,0.4025235089144725
12,18,exact,0.9988722979461483,0.7461296540162888,0.9850795623667062,0.914696718577695,0.5906963904629813,0.001127702053851726,0.0036895941147832025,0.07713076945233688,0.32735554391604693,0.5906963904629813,0.9180519343790282,0.5913632720394326,0.919088392246636,2.257152649565779,4.5067579047110256,0.4104380108397004
12,19,exact,0.9980213301162493,0.6574541016462414,0.9844591993860109,0.938098493164838,0.657027774090918,0.0019786698837506935,0.0019326591157965954,0.05455495274822717,0.2845059441613076,0.657027774090918,0.9415337182522255,0.6583303926123377,0.9434003962045139,2.3471576464356754,4.599794298025046,0.4034145190679993
12,20,exact,0.9999999477709517,0.9473563636955131,0.9823859218071606,0.9554488251834562,0.7168848360931429,5.222904825378133e-8,0.0019335433416152836,0.03847629773450177,0.24270527060169178,0.7168848360931429,0.9595901066948347,0.7168848735353576,0.9595901568133154,2.052766729049824,4.674541486906071,0.6664355583434574
12,21,exact,0.9979085775826855,0,0.9934274717784491,0.9671116370478016,0.7696521568649278,0.0020914224173145574,0,0.02626284675977468,0.20199357395798295,0.7696521568649278,0.9716457308229107,0.7712651981901172,0.9736821114180686,3.0045786337167035,4.744947309608185,0
12,22,exact,0.9987453225303476,0,0.9871514630058497,0.9790087441489311,0.8149170522470743,0.0012546774696523286,0,0.01719316053774256,0.16663510974553078,0.8149170522470743,0.9815521619926051,0.8159407947788536,0.9827852404913565,3.0117018834172686,4.79872603527021,0
12,23,exact,0.9979472404905841,0,0.9742877692862904,0.9824768048573858,0.854142021122478,0.0020527595094158727,0,0.011536836606472993,0.13226838276163325,0.854142021122478,0.9864104038841112,0.8558989758843237,0.9884394323283047,3.024213604378774,4.844338408212628,0
12,24,exact,0.9988339623238108,0,0.9534847095667496,0.9877492958607416,0.8856768190352344,0.001166037676189199,0,0.0076289461961278095,0.1055281970924486,0.8856768190352344,0.9912050161276831,0.8867107571859956,0.9923621477804191,3.0461429857122595,4.8790729049664145,0
12,25,exact,0.9979395546123075,0,0.9219456146748833,0.9881098755141509,0.9116855367479524,0.002060445387692474,0,0.005277889831741428,0.08097612803261373,0.9116855367479524,0.9926616647805662,0.9135678935004593,0.9947112129112952,3.0772481302196604,4.908279106411754,0
12,26,exact,0.9988247392427444,0,0.8757361727899805,0.9898167824596772,0.9320202663832765,0.0011752607572556107,0,0.0034838247667457307,0.06332064809272218,0.9320202663832765,0.9953409144759987,0.9331169220837326,0.9965120760130681,3.12528057387345,4.929628998096801,0
12,27,exact,0.997924354403878,0,0.8087340789245286,0.9883468198621439,0.9476793948496921,0.002075645596122068,0,0.002544441681290311,0.04770051787289546,0.9476793948496921,0.9953799127225875,0.949650532795945,0.9974502659745083,3.19249012444456,4.947100798770452,0
12,28,exact,0.9986982981728927,0,0.7193852411714706,0.9879300675741883,0.9596510049946729,0.0013017018271073006,0,0.0017882184157669782,0.037259074762452826,0.9596510049946729,0.9969100797571258,0.960901812639857,0.998209450823098,3.284196320151015,4.9591112634629555,0
12,29,exact,0.9978175102408172,0,0.6208782960923721,0.9842962396628967,0.9687128590205353,0.002182489759182822,0,0.0013884947647926148,0.027716156455489284,0.9687128590205353,0.9964290154760246,0.9708316892401921,0.9986084682313727,3.3848150830291885,4.969440157471564,0
12,30,exact,0.9998280797123216,0,0.799558561663774,0.980269462700971,0.9752217844088429,0.00017192028767845833,0,0.0019334572865176876,0.02267283801696101,0.9752217844088429,0.9978946224258038,0.975389473647751,0.9980662102557931,3.203272836081416,4.973455683903545,0
12,31,exact,0.9977066244051271,0,0,0.988016672716974,0.9796471692030501,0.0022933755948728878,0,0,0.018059455202077062,0.9796471692030501,0.9977066244051271,0.9818990324807707,1,4.009712225469015,4.98189903248077,0
12,32,exact,0.998312732547878,0,0,0.977941843258288,0.9864691562673256,0.0016872674521220268,0,0,0.011843576280552376,0.9864691562673256,0.9983127325478779,0.9881364066645475,0.9999999999999999,4.020405318519377,4.988136406664547,0
12,33,exact,0.9966620258171691,0,0,0.9584774276999549,0.9863846243449571,0.0033379741828308317,0,0,0.01027740147221211,0.9863846243449571,0.9966620258171692,0.9896881779319469,1.0000000000000002,4.038312484200355,4.989688177931947,0
12,34,exact,0.996629221924074,0,0,0.9276570011250949,0.9891747849415651,0.0033707780759259626,0,0,0.007454436982509,0.9891747849415651,0.9966292219240741,0.9925203507798843,1.0000000000000002,4.069205497171579,4.992520350779884,0
12,35,exact,0.9942208689128015,0,0,0.8824272870389416,0.9871847828273584,0.0057791310871984775,0,0,0.007036086085443065,0.9871847828273584,0.9942208689128015,0.9929230150910661,1,4.11244340706317,4.9929230150910655,0
12,36,exact,0.9923786233381765,0,0,0.8180446730150058,0.9864634447817764,0.0076213766618235266,0,0,0.005915178556400122,0.9864634447817764,0.9923786233381765,0.9940393934156879,1,4.175672819046367,4.994039393415688,0
12,37,exact,0.9879219943026092,0,0,0.7311878613889728,0.9817580408767651,0.012078005697390828,0,0,0.0061639534258440525,0.9817580408767651,0.9879219943026092,0.9937606881298403,1,4.259872879027124,4.993760688129839,0
12,38,exact,0.9830421081682605,0,0,0.6237627292392073,0.9770048045491798,0.016957891831739423,0,0,0.0060373036190808005,0.9770048045491798,0.9830421081682607,0.9938585503419276,1.0000000000000002,4.365477100058829,4.993858550341928,0
12,39,exact,0.9736756955337983,0,0,0.5105913529074966,0.9673367416922259,0.026324304466201705,0,0,0.006338953841572304,0.9673367416922259,0.9736756955337983,0.9934896661479291,1,4.47560429489043,4.993489666147929,0
12,40,exact,0.9707487038723652,0,0,0.5441055704978052,0.9548625256837381,0.029251296127634812,0,0,0.01588617818862714,0.9548625256837381,0.9707487038723652,0.9836351280972548,1,4.439499050240973,4.983635128097254,0
12,41,exact,0.9490280671335277,0,0,0,0.9490280671335277,0.05097193286647224,0,0,0,0.9490280671335277,0.9490280671335277,1,1,5,5,0
12,42,exact,0.9223795985367346,0,0,0,0.9223795985367346,0.07762040146326543,0,0,0,0.9223795985367346,0.9223795985367346,1,1,5,5,0
12,43,exact,0.8808645739616472,0,0,0,0.8808645739616472,0.11913542603835278,0,0,0,0.8808645739616472,0.8808645739616472,1,1,5,5,0
12,44,exact,0.8236967589895273,0,0,0,0.8236967589895273,0.17630324101047262,0,0,0,0.8236967589895273,0.8236967589895273,1,1,5,5,0
12,45,exact,0.7518077879918271,0,0,0,0.7518077879918271,0.24819221200817282,0,0,0,0.7518077879918271,0.7518077879918271,1,1,5,5,0
12,46,exact,0.6618310639686935,0,0,0,0.6618310639686935,0.3381689360313065,0,0,0,0.6618310639686935,0.6618310639686935,1,1,5,5,0
12,47,exact,0.5558791570724122,0,0,0,0.5558791570724122,0.4441208429275878,0,0,0,0.5558791570724122,0.5558791570724122,1,1,5,5,0
12,48,exact,0.44091584886334645,0,0,0,0.44091584886334645,0.5590841511366536,0,0,0,0.44091584886334645,0.44091584886334645,1,1,4.999999999999999,4.999999999999999,0
12,49,exact,0.3312473507061785,0,0,0,0.3312473507061785,0.6687526492938215,0,0,0,0.3312473507061785,0.3312473507061785,1,1,5,5,0
12,50,exact,0.2772484279404984,0,0,0,0.2772484279404984,0.7227515720595016,0,0,0,0.2772484279404984,0.2772484279404984,1,1,5,5,0
